SubPlot;idTree;Xfield;Yfield;Family;spName;Genus;Species;CircCorr
1;100655;7,5;179,50000000000000;Peraceae;Pogonophora_schomburgkiana;Pogonophora;schomburgkiana;44
1;100657;8;183,50000000000000;Peraceae;Pogonophora_schomburgkiana;Pogonophora;schomburgkiana;43,5
1;100658;5,5;182,50000000000000;Chrysobalanaceae;Licania_membranacea;Licania;membranacea;53,5
1;100659;1,5;186,00000000000000;Euphorbiaceae;Sandwithia_guyanensis;Sandwithia;guyanensis;38,5
1;100660;0,5;190,00000000000000;Fabaceae;Eperua_falcata;Eperua;falcata;77
1;100661;9;196,50000000000000;Celastraceae;Maytenus_oblongata;Maytenus;oblongata;49,5
1;100662;9,5;196,50000000000000;Sapindaceae;Indet.Sapindaceae_Indet.;Indet.Sapindaceae;Indet.;57,5
1;100664;8;205,00000000000000;Myristicaceae;Iryanthera_sagotiana;Iryanthera;sagotiana;50
1;100665;2,5;206,00000000000000;Fabaceae;Eperua_falcata;Eperua;falcata;167
1;100666;2;204,00000000000000;Clusiaceae;Moronobea_coccinea;Moronobea;coccinea;62,5
1;100667;1;205,00000000000000;Annonaceae;Oxandra_asbeckii;Oxandra;asbeckii;41
1;100668;2,5;212,00000000000000;Lecythidaceae;Lecythis_persistens;Lecythis;persistens subsp. aurantiaca;44,5
1;100669;3,5;211,00000000000000;Sapotaceae;Pouteria_melanopoda;Pouteria;melanopoda;130
1;100670;4,5;211,00000000000000;Annonaceae;Oxandra_asbeckii;Oxandra;asbeckii;42,5
1;100671;7;210,00000000000000;Peraceae;Pogonophora_schomburgkiana;Pogonophora;schomburgkiana;56
1;100672;0,5;214,00000000000000;Sapotaceae;Micropholis_egensis;Micropholis;egensis;125,5
1;100673;3,5;220,50000000000000;Lecythidaceae;Lecythis_persistens;Lecythis;persistens subsp. aurantiaca;43
1;100675;8,5;220,00000000000000;Clusiaceae;Moronobea_coccinea;Moronobea;coccinea;128
1;100676;9;222,00000000000000;Fabaceae;Eperua_falcata;Eperua;falcata;133
1;100677;7;226,00000000000000;Fabaceae;Eperua_falcata;Eperua;falcata;123,5
1;100678;2;224,00000000000000;Fabaceae;Recordoxylon_speciosum;Recordoxylon;speciosum;134,5
1;100681;9;233,00000000000000;Peraceae;Chaetocarpus_schomburgkianus;Chaetocarpus;schomburgkianus;59
1;100682;4;233,00000000000000;Euphorbiaceae;Sandwithia_guyanensis;Sandwithia;guyanensis;36
1;100683;1;236,00000000000000;Myrtaceae;Eugenia_cupulata;Eugenia;cupulata;55
1;100684;1,5;234,50000000000000;Fabaceae;Recordoxylon_speciosum;Recordoxylon;speciosum;51
1;100685;2;238,00000000000000;Sapotaceae;Pradosia_cochlearia;Pradosia;cochlearia;165
1;100686;2;240,50000000000000;Chrysobalanaceae;Couepia_bracteosa;Couepia;bracteosa;53
1;100687;6,5;244,00000000000000;Lecythidaceae;Lecythis_poiteaui;Lecythis;poiteaui;59,5
1;100688;6,5;244,00000000000000;Peraceae;Chaetocarpus_schomburgkianus;Chaetocarpus;schomburgkianus;57
1;100689;5;244,00000000000000;Vochysiaceae;Ruizterania_albiflora;Ruizterania;albiflora;216,875
1;100690;3;245,00000000000000;Sapotaceae;Pouteria_ambelaniifolia;Pouteria;ambelaniifolia;67
1;100691;4;247,00000000000000;Fabaceae;Eperua_falcata;Eperua;falcata;150
1;100692;9,5;249,50000000000000;Fabaceae;Eperua_falcata;Eperua;falcata;98
1;100693;4;248,50000000000000;Fabaceae;Inga_loubryana;Inga;loubryana;38
1;100694;1;248,00000000000000;Clusiaceae;Symphonia_sp.1;Symphonia;sp.1;37
1;100695;18,5;249,50000000000000;Sapotaceae;Pouteria_guianensis;Pouteria;guianensis;72
1;100696;18,5;248,00000000000000;Fabaceae;Eperua_falcata;Eperua;falcata;200
1;100621;23;235,50000000000000;Euphorbiaceae;Sandwithia_guyanensis;Sandwithia;guyanensis;42
1;100622;28,5;248,00000000000000;Arecaceae;Oenocarpus_bataua;Oenocarpus;bataua var. bataua;59,5
1;100623;14;209,50000000000000;Sapotaceae;Micropholis_guyanensis;Micropholis;guyanensis subsp. duckeana;74
1;100625;9,5;126,50000000000000;Humiriaceae;Sacoglottis_guianensis;Sacoglottis;guianensis;132,5
1;100626;10;128,00000000000000;Dichapetalaceae;Tapura_capitulifera;Tapura;capitulifera;46
1;100628;5;128,50000000000000;Fabaceae;Vouacapoua_americana;Vouacapoua;americana;52,5
1;100629;5;127,00000000000000;Sapotaceae;Pouteria_bilocularis;Pouteria;bilocularis;90
1;100630;3,5;130,50000000000000;Chrysobalanaceae;Hirtella_glandistipula;Hirtella;glandistipula;52
1;100631;5;132,00000000000000;Annonaceae;Oxandra_asbeckii;Oxandra;asbeckii;42
1;100636;4;137,00000000000000;Annonaceae;Oxandra_asbeckii;Oxandra;asbeckii;40
1;100637;1;136,50000000000000;Chrysobalanaceae;Licania_canescens;Licania;canescens;82
1;100638;2;139,00000000000000;Fabaceae;Dicorynia_guianensis;Dicorynia;guianensis;174
1;100639;3,5;142,50000000000000;Fabaceae;Inga_gracilifolia;Inga;gracilifolia;48,5
1;100640;6,5;147,00000000000000;Chrysobalanaceae;Hymenopus_heteromorphus;Hymenopus;heteromorphus;57
1;100642;3,5;152,50000000000000;Lecythidaceae;Eschweilera_sagotiana;Eschweilera;sagotiana;130
1;100644;5;154,00000000000000;Chrysobalanaceae;Licania_laxiflora;Licania;laxiflora;52
1;100645;3,5;157,00000000000000;Lecythidaceae;Eschweilera_sagotiana;Eschweilera;sagotiana;118,5
1;100646;8,5;157,00000000000000;Chrysobalanaceae;Licania_laxiflora;Licania;laxiflora;59,5
1;100725;14;200,50000000000000;Lecythidaceae;Eschweilera_sagotiana;Eschweilera;sagotiana;53,5
1;100726;13,5;201,00000000000000;Annonaceae;Oxandra_asbeckii;Oxandra;asbeckii;39,5
1;100727;12,5;200,50000000000000;Fabaceae;Eperua_falcata;Eperua;falcata;262,5
1;100729;19;196,50000000000000;Fabaceae;Eperua_grandiflora;Eperua;grandiflora;114
1;100730;21;192,00000000000000;Annonaceae;Oxandra_asbeckii;Oxandra;asbeckii;40,5
1;100732;13;191,50000000000000;Chrysobalanaceae;Leptobalanus_sprucei;Leptobalanus;sprucei;44,5
1;100734;10;190,00000000000000;Meliaceae;Carapa_surinamensis;Carapa;surinamensis;117,5
1;100735;14,5;188,00000000000000;Annonaceae;Duguetia_calycina;Duguetia;calycina;35
1;100736;14;186,00000000000000;Fabaceae;Eperua_falcata;Eperua;falcata;170,5
1;100738;15;184,00000000000000;Chrysobalanaceae;Licania_ovalifolia;Licania;ovalifolia;55
1;100739;13,5;182,00000000000000;Fabaceae;Bocoa_prouacensis;Bocoa;prouacensis;48
1;100740;10,5;179,00000000000000;Chrysobalanaceae;Licania_laxiflora;Licania;laxiflora;59
1;100741;9,5;179,50000000000000;Celastraceae;Maytenus_sp.1-CAY;Maytenus;sp.1-CAY;123
1;100742;20,5;185,00000000000000;Fabaceae;Eperua_falcata;Eperua;falcata;78
1;100743;18,5;174,50000000000000;Euphorbiaceae;Hevea_guianensis;Hevea;guianensis;47
1;100744;17;174,00000000000000;Clusiaceae;Moronobea_coccinea;Moronobea;coccinea;69
1;100746;13;171,00000000000000;Fabaceae;Enterolobium_schomburgkii;Enterolobium;schomburgkii;148
1;100747;14,5;167,50000000000000;Chrysobalanaceae;Licania_membranacea;Licania;membranacea;54
1;100748;18;171,00000000000000;Chrysobalanaceae;Couepia_bracteosa;Couepia;bracteosa;151,5
1;100750;18;169,00000000000000;Chrysobalanaceae;Licania_canescens;Licania;canescens;88
1;100752;20;167,00000000000000;Fabaceae;Bocoa_prouacensis;Bocoa;prouacensis;76,5
1;100753;17;162,50000000000000;Lecythidaceae;Eschweilera_congestiflora;Eschweilera;congestiflora;55,5
1;100755;13;160,50000000000000;Clusiaceae;Moronobea_coccinea;Moronobea;coccinea;81
1;100756;16;155,50000000000000;Sapotaceae;Pradosia_cochlearia;Pradosia;cochlearia;84
1;100757;16,5;155,00000000000000;Peraceae;Chaetocarpus_schomburgkianus;Chaetocarpus;schomburgkianus;113
1;100758;13,5;155,00000000000000;Dichapetalaceae;Tapura_capitulifera;Tapura;capitulifera;44
1;100760;20,5;147,00000000000000;Annonaceae;Oxandra_asbeckii;Oxandra;asbeckii;45
1;100761;20,5;142,00000000000000;Chrysobalanaceae;Licania_laxiflora;Licania;laxiflora;55
1;100763;18;137,50000000000000;Dichapetalaceae;Tapura_capitulifera;Tapura;capitulifera;115,5
1;100764;17,5;139,00000000000000;Annonaceae;Oxandra_asbeckii;Oxandra;asbeckii;37,5
1;100765;14,5;142,50000000000000;Euphorbiaceae;Conceveiba_guianensis;Conceveiba;guianensis;45
1;100766;12,5;146,00000000000000;Sapotaceae;Chrysophyllum_prieurii;Chrysophyllum;prieurii;62
1;100767;11;142,00000000000000;Chrysobalanaceae;Licania_alba;Licania;alba;97,5
1;100768;10;139,50000000000000;Lecythidaceae;Couratari_multiflora;Couratari;multiflora;39
1;100769;10,5;139,00000000000000;Goupiaceae;Goupia_glabra;Goupia;glabra;161,5
1;100770;14;137,50000000000000;Fabaceae;Abarema_mataybifolia;Abarema;mataybifolia;80
1;100771;20;133,50000000000000;Lecythidaceae;Eschweilera_decolorans;Eschweilera;decolorans;94,5
1;100773;17;131,50000000000000;Annonaceae;Oxandra_asbeckii;Oxandra;asbeckii;48
1;100775;11,5;131,00000000000000;Clusiaceae;Tovomita_caloneura;Tovomita;caloneura;39,5
1;100797;28;168,50000000000000;Peraceae;Pogonophora_schomburgkiana;Pogonophora;schomburgkiana;34,5
1;100798;24,5;171,00000000000000;Fabaceae;Swartzia_panacoco;Swartzia;panacoco var. panacoco;131,5
1;100799;22;172,50000000000000;Fabaceae;Eperua_falcata;Eperua;falcata;162,5
1;100800;27;176,50000000000000;Lecythidaceae;Couratari_multiflora;Couratari;multiflora;35
1;100801;29;181,00000000000000;Peraceae;Pogonophora_schomburgkiana;Pogonophora;schomburgkiana;67
1;100802;22,5;182,00000000000000;Chrysobalanaceae;Licania_alba;Licania;alba;123,5
1;100803;27;183,50000000000000;Chrysobalanaceae;Licania_laxiflora;Licania;laxiflora;88
1;100804;28;185,50000000000000;Clusiaceae;Moronobea_coccinea;Moronobea;coccinea;89
1;100805;22;185,00000000000000;Euphorbiaceae;Sandwithia_guyanensis;Sandwithia;guyanensis;37
1;100807;25,5;191,00000000000000;Annonaceae;Oxandra_asbeckii;Oxandra;asbeckii;36,5
1;100808;27,5;195,00000000000000;Euphorbiaceae;Sandwithia_guyanensis;Sandwithia;guyanensis;33,5
1;100809;25,5;195,00000000000000;Clusiaceae;Symphonia_sp.1;Symphonia;sp.1;62,5
1;100810;25,5;196,50000000000000;Bignoniaceae;Jacaranda_copaia;Jacaranda;copaia subsp. copaia;134
1;100811;25,5;201,00000000000000;Clusiaceae;Moronobea_coccinea;Moronobea;coccinea;86
1;100812;23,5;202,50000000000000;Malvaceae;Sterculia_speciosa;Sterculia;speciosa;84
1;100813;28;199,00000000000000;Dichapetalaceae;Tapura_capitulifera;Tapura;capitulifera;235,5
1;100815;29;206,00000000000000;Fabaceae;Enterolobium_schomburgkii;Enterolobium;schomburgkii;127,5
1;100816;27,5;210,00000000000000;Lecythidaceae;Couratari_multiflora;Couratari;multiflora;47
1;100817;23,5;207,50000000000000;Fabaceae;Eperua_falcata;Eperua;falcata;64,5
1;100818;24,5;211,50000000000000;Fabaceae;Eperua_falcata;Eperua;falcata;178
1;100648;4,5;167,50000000000000;Euphorbiaceae;Hevea_guianensis;Hevea;guianensis;94,5
1;100651;4,5;169,50000000000000;Sapindaceae;Indet.Sapindaceae_Indet.;Indet.Sapindaceae;Indet.;52,5
1;100652;3;170,00000000000000;Dichapetalaceae;Tapura_capitulifera;Tapura;capitulifera;42
1;100869;33,5;215,00000000000000;Chrysobalanaceae;Licania_laxiflora;Licania;laxiflora;78,5
1;100871;31,5;212,50000000000000;Meliaceae;Guarea_guidonia;Guarea;guidonia;62
1;100872;35;211,50000000000000;Chrysobalanaceae;Licania_ovalifolia;Licania;ovalifolia;49,5
1;100874;42;214,50000000000000;Euphorbiaceae;Hevea_guianensis;Hevea;guianensis;43,5
1;100875;42;214,50000000000000;Chrysobalanaceae;Leptobalanus_sprucei;Leptobalanus;sprucei;57
1;100876;42;210,00000000000000;Myrtaceae;Eugenia_sp.FG14-Holst;Eugenia;sp.FG14-Holst;56
1;100877;40,5;208,50000000000000;Chrysobalanaceae;Parinari_campestris;Parinari;campestris;147
1;100879;32,5;203,00000000000000;Fabaceae;Bocoa_prouacensis;Bocoa;prouacensis;67
1;100880;31;197,50000000000000;Fabaceae;Eperua_falcata;Eperua;falcata;182,5
1;100881;34;199,00000000000000;Clusiaceae;Tovomita_sp.5-CAY;Tovomita;sp.5-CAY;37
1;100883;35,5;198,50000000000000;Annonaceae;Oxandra_asbeckii;Oxandra;asbeckii;35
1;100884;42,5;201,00000000000000;Lecythidaceae;Lecythis_persistens;Lecythis;persistens subsp. aurantiaca;36,5
1;100885;40,5;198,50000000000000;Chrysobalanaceae;Licania_alba;Licania;alba;66
1;100886;36;192,50000000000000;Chrysobalanaceae;Licania_membranacea;Licania;membranacea;138
1;100889;30;191,00000000000000;Lecythidaceae;Eschweilera_sagotiana;Eschweilera;sagotiana;119,5
1;100891;35;187,50000000000000;Chrysobalanaceae;Hirtella_glandulosa;Hirtella;glandulosa;123
1;100892;34;185,50000000000000;Annonaceae;Oxandra_asbeckii;Oxandra;asbeckii;40
1;100819;25,5;213,00000000000000;Chrysobalanaceae;Licania_ovalifolia;Licania;ovalifolia;108
1;100820;25;214,00000000000000;Lecythidaceae;Couratari_gloriosa;Couratari;gloriosa;37
1;100821;23;215,50000000000000;Clusiaceae;Symphonia_sp.1;Symphonia;sp.1;94
1;100822;27,5;214,00000000000000;Euphorbiaceae;Hevea_guianensis;Hevea;guianensis;56,5
1;100823;27,5;219,00000000000000;Melastomataceae;Mouriri_crassifolia;Mouriri;crassifolia;111
1;100824;23,5;218,50000000000000;Lecythidaceae;Lecythis_persistens;Lecythis;persistens subsp. aurantiaca;35
1;100826;27;228,50000000000000;Lecythidaceae;Couratari_guianensis;Couratari;guianensis;52
1;100827;26;230,50000000000000;Lecythidaceae;Lecythis_persistens;Lecythis;persistens subsp. aurantiaca;50,5
1;100831;24,5;234,50000000000000;Melastomataceae;Mouriri_crassifolia;Mouriri;crassifolia;53,5
1;100832;24,5;235,50000000000000;Clusiaceae;Tovomita_caloneura;Tovomita;caloneura;54
1;100833;25;238,50000000000000;Dichapetalaceae;Tapura_capitulifera;Tapura;capitulifera;265
1;100834;24,5;241,00000000000000;Moraceae;Brosimum_guianense;Brosimum;guianense;52,5
1;100835;23;243,00000000000000;Malvaceae;Theobroma_guianense;Theobroma;guianense;62
1;100838;21;250,00000000000000;Moraceae;Brosimum_rubescens;Brosimum;rubescens;63,5
1;100841;28,5;245,00000000000000;Sapotaceae;Pradosia_cochlearia;Pradosia;cochlearia;43,5
1;100843;30,5;247,50000000000000;Lecythidaceae;Eschweilera_sagotiana;Eschweilera;sagotiana;49,5
1;100845;35,5;247,50000000000000;Clusiaceae;Symphonia_sp.1;Symphonia;sp.1;94,5
1;100846;34;245,00000000000000;Burseraceae;Protium_surinamense;Protium;surinamense;108
1;100894;38,5;186,50000000000000;Euphorbiaceae;Hevea_guianensis;Hevea;guianensis;96
1;100895;41;187,00000000000000;Fabaceae;Eperua_grandiflora;Eperua;grandiflora;137
1;100897;38;179,50000000000000;Fabaceae;Bocoa_prouacensis;Bocoa;prouacensis;46
1;100898;36;175,00000000000000;Annonaceae;Oxandra_asbeckii;Oxandra;asbeckii;46,5
1;100899;29;174,00000000000000;Fabaceae;Eperua_falcata;Eperua;falcata;116
1;100900;33;168,50000000000000;Annonaceae;Oxandra_asbeckii;Oxandra;asbeckii;40
1;100901;33,5;167,50000000000000;Fabaceae;Eperua_falcata;Eperua;falcata;112,5
1;100902;34;169,50000000000000;Chrysobalanaceae;Parinari_campestris;Parinari;campestris;125,5
1;100903;35;170,00000000000000;Fabaceae;Eperua_falcata;Eperua;falcata;127
1;100904;36;170,00000000000000;Fabaceae;Swartzia_polyphylla;Swartzia;polyphylla;288,32
1;100905;41,5;175,00000000000000;Fabaceae;Eperua_falcata;Eperua;falcata;71
1;100906;39;170,00000000000000;Dichapetalaceae;Tapura_capitulifera;Tapura;capitulifera;43,5
1;100907;41;170,50000000000000;Chrysobalanaceae;Licania_laxiflora;Licania;laxiflora;59
1;100908;36,5;164,00000000000000;Dichapetalaceae;Tapura_capitulifera;Tapura;capitulifera;42,5
1;100909;32;163,00000000000000;Sapotaceae;Micropholis_obscura;Micropholis;obscura;192
1;100910;36;161,00000000000000;Chrysobalanaceae;Licania_canescens;Licania;canescens;63
1;100911;33,5;157,50000000000000;Sapotaceae;Chrysophyllum_prieurii;Chrysophyllum;prieurii;57
1;100912;32,5;156,50000000000000;Lecythidaceae;Eschweilera_decolorans;Eschweilera;decolorans;126,25
1;100914;38;158,00000000000000;Myristicaceae;Iryanthera_sagotiana;Iryanthera;sagotiana;77
1;100915;36,5;155,00000000000000;Chrysobalanaceae;Licania_laxiflora;Licania;laxiflora;51
1;100698;19,5;242,00000000000000;Lecythidaceae;Lecythis_persistens;Lecythis;persistens subsp. aurantiaca;58
1;100699;20;240,50000000000000;Fabaceae;Eperua_grandiflora;Eperua;grandiflora;230,5
1;100700;13,5;241,00000000000000;Malvaceae;Catostemma_fragrans;Catostemma;fragrans;45
1;100701;11,5;239,00000000000000;Fabaceae;Swartzia_polyphylla;Swartzia;polyphylla;178,14625
1;100702;12,5;237,00000000000000;Sapotaceae;Pradosia_cochlearia;Pradosia;cochlearia;54
1;100703;11;235,00000000000000;Fabaceae;Eperua_falcata;Eperua;falcata;154
1;100704;10;235,00000000000000;Chrysobalanaceae;Couepia_bracteosa;Couepia;bracteosa;142,5
1;100705;16;232,00000000000000;Chrysobalanaceae;Licania_parvifructa;Licania;parvifructa;77,5
1;100706;17;235,00000000000000;Lecythidaceae;Lecythis_poiteaui;Lecythis;poiteaui;90
1;100708;20;230,00000000000000;Clusiaceae;Symphonia_sp.1;Symphonia;sp.1;76
1;100710;10;229,50000000000000;Fabaceae;Vouacapoua_americana;Vouacapoua;americana;69,5
1;100711;10;229,00000000000000;Euphorbiaceae;Sandwithia_guyanensis;Sandwithia;guyanensis;40
1;100712;14;226,00000000000000;Chrysobalanaceae;Licania_alba;Licania;alba;58,25
1;100713;14;226,00000000000000;Chrysobalanaceae;Licania_alba;Licania;alba;121
1;100714;20,5;227,50000000000000;Clusiaceae;Tovomita_obovata;Tovomita;obovata;108,5
1;100718;21;219,00000000000000;Peraceae;Pogonophora_schomburgkiana;Pogonophora;schomburgkiana;77,375
1;100719;17;212,00000000000000;Apocynaceae;Tabernaemontana_attenuata;Tabernaemontana;attenuata;47,5
1;100721;20;208,00000000000000;Fabaceae;Eperua_grandiflora;Eperua;grandiflora;81
1;100939;50,5;136,50000000000000;Sapotaceae;Chrysophyllum_prieurii;Chrysophyllum;prieurii;85,5
1;100940;51,5;137,00000000000000;Dichapetalaceae;Tapura_capitulifera;Tapura;capitulifera;84
1;100777;21;225,00000000000000;Chrysobalanaceae;Couepia_guianensis;Couepia;guianensis subsp. glandulosa ;46
1;100778;30;205,50000000000000;Chrysobalanaceae;Licania_laxiflora;Licania;laxiflora;40
1;100779;22;172,50000000000000;Lecythidaceae;Eschweilera_sagotiana;Eschweilera;sagotiana;66
1;100780;36,5;190,00000000000000;Clusiaceae;Moronobea_coccinea;Moronobea;coccinea;54
1;100782;31,5;224,00000000000000;Lecythidaceae;Couratari_calycina;Couratari;calycina;56,5
1;100783;50;225,00000000000000;Violaceae;Amphirrhox_longifolia;Amphirrhox;longifolia;46
1;100784;25,5;125,50000000000000;Lecythidaceae;Eschweilera_decolorans;Eschweilera;decolorans;43
1;100785;27,5;126,50000000000000;Lecythidaceae;Eschweilera_decolorans;Eschweilera;decolorans;74
1;100786;22,5;129,00000000000000;Lecythidaceae;Eschweilera_decolorans;Eschweilera;decolorans;93,5
1;100787;24,5;133,00000000000000;Fabaceae;Parkia_nitida;Parkia;nitida;124
1;100794;28;158,00000000000000;Peraceae;Chaetocarpus_schomburgkianus;Chaetocarpus;schomburgkianus;41
1;100795;26,5;160,00000000000000;Clusiaceae;Tovomita_sp.5-CAY;Tovomita;sp.5-CAY;38
1;100796;27;163,00000000000000;Sapotaceae;Pradosia_cochlearia;Pradosia;cochlearia;114,5
1;101006;54,5;245,50000000000000;Dichapetalaceae;Tapura_capitulifera;Tapura;capitulifera;57
1;101007;58,5;246,00000000000000;Fabaceae;Eperua_falcata;Eperua;falcata;158,5
1;101008;60;244,50000000000000;Lecythidaceae;Eschweilera_decolorans;Eschweilera;decolorans;53
1;100941;49;138,50000000000000;Lecythidaceae;Eschweilera_decolorans;Eschweilera;decolorans;54
1;100942;42,5;139,50000000000000;Chrysobalanaceae;Licania_canescens;Licania;canescens;41,5
1;100943;45;142,00000000000000;Lecythidaceae;Eschweilera_decolorans;Eschweilera;decolorans;77
1;100944;44,5;144,00000000000000;Lecythidaceae;Eschweilera_decolorans;Eschweilera;decolorans;53
1;100945;41,5;144,50000000000000;Lecythidaceae;Eschweilera_sagotiana;Eschweilera;sagotiana;121,5
1;100946;48,5;144,00000000000000;Annonaceae;Oxandra_asbeckii;Oxandra;asbeckii;54
1;100947;48,5;144,50000000000000;Lecythidaceae;Eschweilera_sagotiana;Eschweilera;sagotiana;72
1;100948;51;140,50000000000000;Lecythidaceae;Lecythis_persistens;Lecythis;persistens subsp. aurantiaca;60,5
1;100950;49;148,50000000000000;Sapotaceae;Pouteria_bilocularis;Pouteria;bilocularis;81
1;100951;47;150,00000000000000;Dichapetalaceae;Tapura_capitulifera;Tapura;capitulifera;54,5
1;100952;43;152,00000000000000;Annonaceae;Oxandra_asbeckii;Oxandra;asbeckii;40
1;100955;42,5;158,50000000000000;Dichapetalaceae;Tapura_capitulifera;Tapura;capitulifera;105
1;100956;44;159,00000000000000;Fabaceae;Abarema_mataybifolia;Abarema;mataybifolia;86,5
1;100958;44;153,50000000000000;Chrysobalanaceae;Hymenopus_heteromorphus;Hymenopus;heteromorphus;56,5
1;100959;49;154,50000000000000;Sapotaceae;Pradosia_cochlearia;Pradosia;cochlearia;89
1;100960;48;160,50000000000000;Fabaceae;Eperua_grandiflora;Eperua;grandiflora;150
1;100961;49;161,50000000000000;Euphorbiaceae;Sandwithia_guyanensis;Sandwithia;guyanensis;38,5
1;100962;46,5;159,50000000000000;Dichapetalaceae;Tapura_capitulifera;Tapura;capitulifera;37
1;100963;46;163,50000000000000;Sapotaceae;Pouteria_eugeniifolia;Pouteria;eugeniifolia;95,5
1;101009;58;244,50000000000000;Annonaceae;Oxandra_asbeckii;Oxandra;asbeckii;48
1;101011;58,5;240,00000000000000;Euphorbiaceae;Sandwithia_guyanensis;Sandwithia;guyanensis;37,5
1;101012;61;239,50000000000000;Fabaceae;Eperua_grandiflora;Eperua;grandiflora;65
1;101013;55;239,00000000000000;Peraceae;Chaetocarpus_sp.1-CAY;Chaetocarpus;sp.1-CAY;100
1;101014;54,5;240,00000000000000;Sapotaceae;Pouteria_eugeniifolia;Pouteria;eugeniifolia;227
1;101015;51,5;238,50000000000000;Chrysobalanaceae;Couepia_habrantha;Couepia;habrantha;83,5
1;101016;51;235,50000000000000;Fabaceae;Bocoa_prouacensis;Bocoa;prouacensis;69
1;101017;56;233,00000000000000;Simaroubaceae;Homalolepis_cedron;Homalolepis;cedron;40
1;101018;56,5;232,00000000000000;Lecythidaceae;Lecythis_persistens;Lecythis;persistens subsp. aurantiaca;43
1;101019;60;235,00000000000000;Violaceae;Rinorea_pectinosquamata;Rinorea;pectinosquamata;36
1;101022;52,5;224,00000000000000;Chrysobalanaceae;Licania_laxiflora;Licania;laxiflora;110
1;101023;51,5;224,00000000000000;Fabaceae;Eperua_falcata;Eperua;falcata;147
1;101024;50,5;225,00000000000000;Fabaceae;Vouacapoua_americana;Vouacapoua;americana;79
1;101026;58,5;222,00000000000000;Malvaceae;Sterculia_speciosa;Sterculia;speciosa;41
1;101027;56,5;221,50000000000000;Chrysobalanaceae;Couepia_guianensis;Couepia;guianensis subsp. glandulosa ;66
1;101028;56;220,00000000000000;Clusiaceae;Moronobea_coccinea;Moronobea;coccinea;63,5
1;101029;53;224,00000000000000;Malvaceae;Theobroma_guianense;Theobroma;guianense;55
1;101030;52;215,00000000000000;Clusiaceae;Symphonia_sp.1;Symphonia;sp.1;122
1;101031;52;213,50000000000000;Chrysobalanaceae;Couepia_habrantha;Couepia;habrantha;61
1;101032;56;212,50000000000000;Euphorbiaceae;Hevea_guianensis;Hevea;guianensis;83
1;100964;45;163,00000000000000;Annonaceae;Oxandra_asbeckii;Oxandra;asbeckii;48
1;100965;48,5;166,00000000000000;Chrysobalanaceae;Licania_canescens;Licania;canescens;54
1;100966;42,5;169,00000000000000;Fabaceae;Eperua_falcata;Eperua;falcata;114
1;100967;44,5;177,50000000000000;Fabaceae;Abarema_jupunba;Abarema;jupunba var. jupunba;151,5
1;100968;46;179,00000000000000;Euphorbiaceae;Sandwithia_guyanensis;Sandwithia;guyanensis;34
1;100969;45,5;180,50000000000000;Fabaceae;Swartzia_polyphylla;Swartzia;polyphylla;72,08
1;100970;43,5;182,50000000000000;Fabaceae;Eperua_grandiflora;Eperua;grandiflora;83,5
1;100971;49;183,50000000000000;Annonaceae;Oxandra_asbeckii;Oxandra;asbeckii;37
1;100972;46,5;187,00000000000000;Meliaceae;Carapa_surinamensis;Carapa;surinamensis;79
1;100973;45,5;185,00000000000000;Fabaceae;Eperua_grandiflora;Eperua;grandiflora;42
1;100974;44;188,50000000000000;Malvaceae;Theobroma_guianense;Theobroma;guianense;58
1;100975;45;190,00000000000000;Fabaceae;Eperua_grandiflora;Eperua;grandiflora;67
1;100976;43,5;188,50000000000000;Sapotaceae;Chrysophyllum_argenteum;Chrysophyllum;argenteum;50
1;100977;48;193,50000000000000;Fabaceae;Eperua_falcata;Eperua;falcata;155
1;100978;42;197,50000000000000;Fabaceae;Recordoxylon_speciosum;Recordoxylon;speciosum;148
1;100979;44;198,50000000000000;Chrysobalanaceae;Licania_alba;Licania;alba;105,5
1;100980;46,5;198,00000000000000;Chrysobalanaceae;Licania_micrantha;Licania;micrantha;46
1;100981;47,5;202,00000000000000;Simaroubaceae;Homalolepis_cedron;Homalolepis;cedron;39
1;100983;49;204,50000000000000;Lecythidaceae;Eschweilera_congestiflora;Eschweilera;congestiflora;57,5
1;100984;44;210,00000000000000;Humiriaceae;Humiriastrum_subcrenatum;Humiriastrum;subcrenatum;165,5
1;101033;56;211,00000000000000;Fabaceae;Eperua_falcata;Eperua;falcata;210
1;101035;53,5;208,00000000000000;Lecythidaceae;Gustavia_hexapetala;Gustavia;hexapetala;36
1;101036;52,5;204,50000000000000;Annonaceae;Oxandra_asbeckii;Oxandra;asbeckii;39
1;101037;56,5;200,00000000000000;Lauraceae;Sextonia_rubra;Sextonia;rubra;162,5
1;101038;56,5;197,50000000000000;Lecythidaceae;Eschweilera_decolorans;Eschweilera;decolorans;99,5
1;101039;52,5;198,50000000000000;Elaeocarpaceae;Sloanea_brachytepala;Sloanea;brachytepala;87
1;101040;53,5;195,50000000000000;Chrysobalanaceae;Hymenopus_heteromorphus;Hymenopus;heteromorphus;74,5
1;101041;60;194,50000000000000;Lecythidaceae;Eschweilera_decolorans;Eschweilera;decolorans;87
1;101042;61;191,00000000000000;Peraceae;Chaetocarpus_schomburgkianus;Chaetocarpus;schomburgkianus;59,5
1;101043;52,5;193,00000000000000;Annonaceae;Oxandra_asbeckii;Oxandra;asbeckii;43
1;101045;60,5;185,50000000000000;Lecythidaceae;Eschweilera_sagotiana;Eschweilera;sagotiana;104,5
1;101046;60,5;185,00000000000000;Salicaceae;Casearia_javitensis;Casearia;javitensis;45,5
1;101047;60,5;184,50000000000000;Chrysobalanaceae;Couepia_habrantha;Couepia;habrantha;97,5
1;101048;60;181,00000000000000;Chrysobalanaceae;Licania_canescens;Licania;canescens;72
1;101049;56;183,50000000000000;Olacaceae;Chaunochiton_kappleri;Chaunochiton;kappleri;47,5
1;101050;56;182,50000000000000;Malvaceae;Theobroma_guianense;Theobroma;guianense;76,5
1;101051;57;177,00000000000000;Anacardiaceae;Thyrsodium_guianense;Thyrsodium;guianense;68
1;101052;57;175,00000000000000;Sapotaceae;Pradosia_cochlearia;Pradosia;cochlearia;66
1;101053;54;175,50000000000000;Burseraceae;Protium_tenuifolium;Protium;tenuifolium;44
1;101054;60,5;178,00000000000000;Peraceae;Pogonophora_schomburgkiana;Pogonophora;schomburgkiana;41
1;100847;32;242,50000000000000;Lecythidaceae;Lecythis_persistens;Lecythis;persistens subsp. aurantiaca;37
1;100848;37;241,50000000000000;Chrysobalanaceae;Licania_alba;Licania;alba;90
1;100850;40,5;243,50000000000000;Dichapetalaceae;Tapura_capitulifera;Tapura;capitulifera;135
1;100851;42;235,00000000000000;Chrysobalanaceae;Couepia_bracteosa;Couepia;bracteosa;104,5
1;100852;42,5;232,50000000000000;Chrysobalanaceae;Leptobalanus_sprucei;Leptobalanus;sprucei;43
1;100853;41,5;232,50000000000000;Fabaceae;Andira_coriacea;Andira;coriacea;117
1;100854;38,5;231,50000000000000;Putranjivaceae;Drypetes_variabilis;Drypetes;variabilis;90
1;100856;34;234,50000000000000;Sapotaceae;Micropholis_guyanensis;Micropholis;guyanensis subsp. duckeana;81
1;100857;35,5;229,50000000000000;Myristicaceae;Iryanthera_hostmannii;Iryanthera;hostmannii;49,5
1;100861;35;224,00000000000000;Chrysobalanaceae;Couepia_bracteosa;Couepia;bracteosa;59
1;100862;39,5;224,00000000000000;Euphorbiaceae;Sandwithia_guyanensis;Sandwithia;guyanensis;35
1;100863;41;226,00000000000000;Dichapetalaceae;Tapura_capitulifera;Tapura;capitulifera;61
1;100864;41,5;221,00000000000000;Lecythidaceae;Lecythis_persistens;Lecythis;persistens subsp. aurantiaca;44,5
1;100867;33;216,50000000000000;Chrysobalanaceae;Licania_alba;Licania;alba;44,5
1;100868;33;215,50000000000000;Malvaceae;Pachira_dolichocalyx;Pachira;dolichocalyx;51
1;101073;58;148,50000000000000;Meliaceae;Carapa_surinamensis;Carapa;surinamensis;121,5
1;101074;56;144,50000000000000;Lecythidaceae;Eschweilera_sagotiana;Eschweilera;sagotiana;120
1;101075;52,5;144,00000000000000;Sapindaceae;Cupania_scrobiculata;Cupania;scrobiculata;55
1;100916;32;150,00000000000000;Chrysobalanaceae;Licania_laxiflora;Licania;laxiflora;94,5
1;100917;37,5;149,00000000000000;Fabaceae;Recordoxylon_speciosum;Recordoxylon;speciosum;68
1;100918;37,5;147,00000000000000;Annonaceae;Oxandra_asbeckii;Oxandra;asbeckii;42,5
1;100920;38;144,00000000000000;Chrysobalanaceae;Licania_canescens;Licania;canescens;83,5
1;100921;37;141,50000000000000;Lauraceae;Indet.Lauraceae_Indet.;Indet.Lauraceae;Indet.;50,5
1;100923;34;139,50000000000000;Lecythidaceae;Eschweilera_sagotiana;Eschweilera;sagotiana;81
1;100924;30;141,00000000000000;Annonaceae;Oxandra_asbeckii;Oxandra;asbeckii;33
1;100925;30;140,00000000000000;Elaeocarpaceae;Sloanea_sp.22-CAY;Sloanea;sp.22-CAY;150
1;100926;38,5;140,00000000000000;Lecythidaceae;Eschweilera_coriacea;Eschweilera;coriacea;84,5
1;100927;39,5;135,00000000000000;Lecythidaceae;Eschweilera_decolorans;Eschweilera;decolorans;131
1;100928;39;128,50000000000000;Lecythidaceae;Eschweilera_sagotiana;Eschweilera;sagotiana;89
1;100929;31,5;125,00000000000000;Lecythidaceae;Eschweilera_decolorans;Eschweilera;decolorans;103
1;100931;46,5;127,00000000000000;Euphorbiaceae;Sandwithia_guyanensis;Sandwithia;guyanensis;39,5
1;100932;50;129,00000000000000;Fabaceae;Dicorynia_guianensis;Dicorynia;guianensis;154,375
1;100933;48;129,50000000000000;Dichapetalaceae;Tapura_capitulifera;Tapura;capitulifera;46
1;100934;45,5;135,00000000000000;Linaceae;Hebepetalum_humiriifolium;Hebepetalum;humiriifolium;104
1;100935;41;135,50000000000000;Chrysobalanaceae;Licania_laxiflora;Licania;laxiflora;70
1;100937;43,5;137,00000000000000;Fabaceae;Dicorynia_guianensis;Dicorynia;guianensis;53
1;100938;47;136,00000000000000;Lecythidaceae;Lecythis_persistens;Lecythis;persistens subsp. aurantiaca;55,5
1;101146;67,5;210,00000000000000;Euphorbiaceae;Hevea_guianensis;Hevea;guianensis;44
1;100985;45;213,50000000000000;Burseraceae;Protium_opacum;Protium;opacum subsp. rabelianum;58
1;100988;49;217,00000000000000;Peraceae;Chaetocarpus_sp.1-CAY;Chaetocarpus;sp.1-CAY;185,5
1;100989;45;216,50000000000000;Fabaceae;Eperua_falcata;Eperua;falcata;206
1;100990;46,5;219,00000000000000;Peraceae;Pogonophora_schomburgkiana;Pogonophora;schomburgkiana;49
1;100991;43;222,00000000000000;Lecythidaceae;Couratari_calycina;Couratari;calycina;66
1;100992;46,5;228,50000000000000;Chrysobalanaceae;Licania_laxiflora;Licania;laxiflora;45
1;100993;49;237,00000000000000;Chrysobalanaceae;Couepia_caryophylloides;Couepia;caryophylloides;48,5
1;100997;45;231,50000000000000;Lecythidaceae;Gustavia_hexapetala;Gustavia;hexapetala;50
1;100998;46,5;232,00000000000000;Annonaceae;Oxandra_asbeckii;Oxandra;asbeckii;51
1;100999;46,5;232,50000000000000;Burseraceae;Protium_giganteum;Protium;giganteum var. crassifolium;67
1;101000;44,5;241,00000000000000;Clusiaceae;Tovomita_sp.5-CAY;Tovomita;sp.5-CAY;44
1;101001;42;244,00000000000000;Clusiaceae;Tovomita_caloneura;Tovomita;caloneura;40
1;101002;44,5;243,50000000000000;Violaceae;Amphirrhox_longifolia;Amphirrhox;longifolia;50
1;101003;44,5;246,00000000000000;Lecythidaceae;Eschweilera_sagotiana;Eschweilera;sagotiana;66,5
1;101004;44,5;250,00000000000000;Fabaceae;Eperua_falcata;Eperua;falcata;160
1;101005;54;246,50000000000000;Chrysobalanaceae;Licania_membranacea;Licania;membranacea;95
1;101228;74,5;150,50000000000000;Malvaceae;Sterculia_pruriens;Sterculia;pruriens;57
1;101055;58;173,00000000000000;Fabaceae;Eperua_falcata;Eperua;falcata;230
1;101056;55;171,00000000000000;Myristicaceae;Virola_michelii;Virola;michelii;74
1;101057;54;168,50000000000000;Clusiaceae;Symphonia_sp.1;Symphonia;sp.1;95,5
1;101058;52;169,00000000000000;Chrysobalanaceae;Licania_canescens;Licania;canescens;75
1;101059;55;166,00000000000000;Lecythidaceae;Eschweilera_decolorans;Eschweilera;decolorans;67
1;101060;59;166,00000000000000;Lauraceae;Licaria_cannella;Licaria;cannella;42,5
1;101061;55;163,50000000000000;Fabaceae;Eperua_grandiflora;Eperua;grandiflora;79,5
1;101062;57;160,50000000000000;Chrysobalanaceae;Licania_canescens;Licania;canescens;61,5
1;101063;56;157,00000000000000;Lecythidaceae;Eschweilera_sagotiana;Eschweilera;sagotiana;61,5
1;101064;55,5;156,00000000000000;Fabaceae;Bocoa_prouacensis;Bocoa;prouacensis;122
1;101065;53,5;156,50000000000000;Apocynaceae;Aspidosperma_album;Aspidosperma;album;76
1;101066;52;158,00000000000000;Annonaceae;Oxandra_asbeckii;Oxandra;asbeckii;44,5
1;101067;51;160,00000000000000;Clusiaceae;Moronobea_coccinea;Moronobea;coccinea;95
1;101070;51;149,50000000000000;Lecythidaceae;Couratari_multiflora;Couratari;multiflora;150
1;101071;51,5;150,00000000000000;Dichapetalaceae;Tapura_capitulifera;Tapura;capitulifera;53
1;101072;53;149,00000000000000;Fabaceae;Swartzia_guianensis;Swartzia;guianensis;67,5
1;101295;84;210,00000000000000;Fabaceae;Eperua_falcata;Eperua;falcata;64
1;101296;90;206,00000000000000;Fabaceae;Eperua_falcata;Eperua;falcata;147,5
1;101297;90;211,50000000000000;Peraceae;Pogonophora_schomburgkiana;Pogonophora;schomburgkiana;46,5
1;101298;83,5;212,50000000000000;Vochysiaceae;Ruizterania_albiflora;Ruizterania;albiflora;117
1;101299;82,5;216,50000000000000;Peraceae;Pogonophora_schomburgkiana;Pogonophora;schomburgkiana;54
1;101300;84;220,00000000000000;Peraceae;Pogonophora_schomburgkiana;Pogonophora;schomburgkiana;61
1;101301;82;221,50000000000000;Euphorbiaceae;Sandwithia_guyanensis;Sandwithia;guyanensis;36,5
1;101303;86,5;225,00000000000000;Clusiaceae;Tovomita_Indet.;Tovomita;Indet.;44
1;101304;85,5;227,00000000000000;Rubiaceae;Chimarrhis_turbinata;Chimarrhis;turbinata;165
1;101305;88,5;229,00000000000000;Goupiaceae;Goupia_glabra;Goupia;glabra;126
1;101306;89,5;230,00000000000000;Chrysobalanaceae;Licania_membranacea;Licania;membranacea;67
1;101307;90;231,00000000000000;Fabaceae;Recordoxylon_speciosum;Recordoxylon;speciosum;153,5
1;101308;87,5;233,00000000000000;Lecythidaceae;Gustavia_hexapetala;Gustavia;hexapetala;65,5
1;101309;86,5;235,50000000000000;Lecythidaceae;Lecythis_persistens;Lecythis;persistens subsp. aurantiaca;41,5
1;101310;89;237,50000000000000;Lecythidaceae;Lecythis_persistens;Lecythis;persistens subsp. aurantiaca;67
1;101311;84,5;238,00000000000000;Fabaceae;Eperua_falcata;Eperua;falcata;168
1;101313;83;242,50000000000000;Simaroubaceae;Homalolepis_cedron;Homalolepis;cedron;43,5
1;101314;84;245,50000000000000;Chrysobalanaceae;Licania_alba;Licania;alba;53
1;101315;87;245,50000000000000;Moraceae;Brosimum_rubescens;Brosimum;rubescens;45
1;101317;90,5;240,50000000000000;Lecythidaceae;Lecythis_persistens;Lecythis;persistens subsp. aurantiaca;43
1;101318;88,5;249,00000000000000;Fabaceae;Eperua_falcata;Eperua;falcata;176
1;101319;84,5;250,00000000000000;Lecythidaceae;Gustavia_hexapetala;Gustavia;hexapetala;55,5
1;101322;97;247,00000000000000;Lecythidaceae;Lecythis_persistens;Lecythis;persistens subsp. aurantiaca;46
1;101076;59,5;135,50000000000000;Fabaceae;Dicorynia_guianensis;Dicorynia;guianensis;68
1;101077;59,5;133,50000000000000;Burseraceae;Protium_opacum;Protium;opacum subsp. rabelianum;62
1;101078;53,5;133,50000000000000;Dichapetalaceae;Tapura_capitulifera;Tapura;capitulifera;34
1;101080;58,5;127,00000000000000;Fabaceae;Dicorynia_guianensis;Dicorynia;guianensis;42,5
1;101081;53,5;127,50000000000000;Malvaceae;Eriotheca_globosa;Eriotheca;globosa;154
1;101082;54;126,00000000000000;Linaceae;Hebepetalum_humiriifolium;Hebepetalum;humiriifolium;58,5
1;101083;69;127,00000000000000;Bignoniaceae;Jacaranda_copaia;Jacaranda;copaia subsp. copaia;56,5
1;101085;63,5;127,00000000000000;Elaeocarpaceae;Sloanea_brevipes;Sloanea;brevipes;38
1;101086;62;129,00000000000000;Dichapetalaceae;Tapura_capitulifera;Tapura;capitulifera;220,0625
1;101087;68,5;134,00000000000000;Lecythidaceae;Eschweilera_decolorans;Eschweilera;decolorans;61,5
1;101089;68;137,00000000000000;Myristicaceae;Iryanthera_sagotiana;Iryanthera;sagotiana;58,5
1;101090;67,5;138,00000000000000;Dichapetalaceae;Tapura_capitulifera;Tapura;capitulifera;276,75
1;101091;65;137,00000000000000;Dichapetalaceae;Tapura_capitulifera;Tapura;capitulifera;102,25
1;101092;64;139,00000000000000;Chrysobalanaceae;Licania_laxiflora;Licania;laxiflora;50
1;101094;63,5;141,50000000000000;Lecythidaceae;Eschweilera_sagotiana;Eschweilera;sagotiana;67
1;101095;60;140,00000000000000;Lecythidaceae;Eschweilera_sagotiana;Eschweilera;sagotiana;44,5
1;101098;61,5;146,50000000000000;Clusiaceae;Moronobea_coccinea;Moronobea;coccinea;88,5
1;101099;62;147,00000000000000;Clusiaceae;Symphonia_sp.1;Symphonia;sp.1;88
1;101323;100,0000000000000;249,50000000000000;Lecythidaceae;Lecythis_persistens;Lecythis;persistens subsp. aurantiaca;61,5
1;101324;92,5;241,00000000000000;Fabaceae;Swartzia_panacoco;Swartzia;panacoco var. panacoco;69
1;101325;100,0000000000000;239,50000000000000;Myristicaceae;Iryanthera_hostmannii;Iryanthera;hostmannii;72
1;101327;99,5;239,00000000000000;Polygonaceae;Coccoloba_mollis;Coccoloba;mollis;46
1;101328;98,5;236,00000000000000;Sapindaceae;Talisia_praealta;Talisia;praealta;62
1;101329;98;235,00000000000000;Fabaceae;Eperua_grandiflora;Eperua;grandiflora;127,5
1;101331;98,5;231,50000000000000;Lecythidaceae;Lecythis_persistens;Lecythis;persistens subsp. aurantiaca;55
1;101332;92;231,00000000000000;Fabaceae;Eperua_falcata;Eperua;falcata;109
1;101334;98,5;226,00000000000000;Lecythidaceae;Eschweilera_sagotiana;Eschweilera;sagotiana;70
1;101335;100,5000000000000;227,00000000000000;Sapotaceae;Pouteria_sp.42-CAY;Pouteria;sp.42-CAY;87,5
1;101337;93;223,00000000000000;Lecythidaceae;Eschweilera_sagotiana;Eschweilera;sagotiana;85
1;101338;92,5;222,50000000000000;Euphorbiaceae;Sandwithia_guyanensis;Sandwithia;guyanensis;38,5
1;101339;92;220,00000000000000;Fabaceae;Eperua_falcata;Eperua;falcata;166
1;101344;96,5;213,00000000000000;Lecythidaceae;Gustavia_hexapetala;Gustavia;hexapetala;35,5
1;101346;91;212,50000000000000;Fabaceae;Eperua_falcata;Eperua;falcata;91
1;101347;100,5000000000000;212,50000000000000;Lecythidaceae;Eschweilera_sagotiana;Eschweilera;sagotiana;98,5
1;101348;91,5;208,50000000000000;Fabaceae;Swartzia_guianensis;Swartzia;guianensis;49
1;101100;64,5;152,50000000000000;Moraceae;Brosimum_guianense;Brosimum;guianense;56
1;101105;66,5;162,00000000000000;Clusiaceae;Tovomita_caloneura;Tovomita;caloneura;56
1;101107;61,5;159,50000000000000;Dichapetalaceae;Tapura_capitulifera;Tapura;capitulifera;164
1;101108;66,5;165,00000000000000;Fabaceae;Eperua_grandiflora;Eperua;grandiflora;160
1;101109;63,5;164,00000000000000;Annonaceae;Oxandra_asbeckii;Oxandra;asbeckii;39
1;101110;63;164,50000000000000;Fabaceae;Vouacapoua_americana;Vouacapoua;americana;125,5
1;101111;67,5;167,00000000000000;Apocynaceae;Lacmellea_aculeata;Lacmellea;aculeata;53,5
1;101112;66,5;168,50000000000000;Elaeocarpaceae;Sloanea_laxiflora;Sloanea;laxiflora;90,5
1;101113;65;168,00000000000000;Lecythidaceae;Eschweilera_sagotiana;Eschweilera;sagotiana;62
1;101115;68,5;173,50000000000000;Fabaceae;Eperua_falcata;Eperua;falcata;65
1;101116;65,5;178,00000000000000;Lecythidaceae;Eschweilera_sagotiana;Eschweilera;sagotiana;147,5
1;101117;65;176,50000000000000;Dichapetalaceae;Tapura_capitulifera;Tapura;capitulifera;164,5
1;101118;60,5;173,50000000000000;Myrtaceae;Eugenia_patrisii;Eugenia;patrisii;43
1;101119;60,5;173,50000000000000;Lecythidaceae;Eschweilera_decolorans;Eschweilera;decolorans;77,5
1;101120;61;179,00000000000000;Olacaceae;Chaunochiton_kappleri;Chaunochiton;kappleri;40
1;101122;67,5;183,00000000000000;Elaeocarpaceae;Sloanea_sp.4-CAY;Sloanea;sp.4-CAY;111,125
1;101123;65;182,50000000000000;Myrtaceae;Eugenia_cupulata;Eugenia;cupulata;40
1;101124;68,5;184,50000000000000;Anacardiaceae;Thyrsodium_guianense;Thyrsodium;guianense;70
1;101125;69;186,50000000000000;Lecythidaceae;Gustavia_hexapetala;Gustavia;hexapetala;46
1;101128;70;190,00000000000000;Annonaceae;Oxandra_asbeckii;Oxandra;asbeckii;34
1;101129;69;195,50000000000000;Chrysobalanaceae;Licania_canescens;Licania;canescens;72,5
1;101130;67;195,50000000000000;Dichapetalaceae;Tapura_capitulifera;Tapura;capitulifera;182,5
1;101132;61,5;195,00000000000000;Chrysobalanaceae;Licania_canescens;Licania;canescens;57
1;101133;64,5;197,50000000000000;Lecythidaceae;Couratari_multiflora;Couratari;multiflora;42
1;101134;66,5;199,00000000000000;Fabaceae;Vouacapoua_americana;Vouacapoua;americana;104
1;101135;64;199,50000000000000;Dichapetalaceae;Tapura_capitulifera;Tapura;capitulifera;33,5
1;101138;66,5;204,50000000000000;Lecythidaceae;Eschweilera_coriacea;Eschweilera;coriacea;120,5
1;101139;70;204,00000000000000;Lecythidaceae;Eschweilera_coriacea;Eschweilera;coriacea;58,5
1;101140;68;205,50000000000000;Fabaceae;Eperua_grandiflora;Eperua;grandiflora;159
1;101142;62,5;205,00000000000000;Lecythidaceae;Eschweilera_decolorans;Eschweilera;decolorans;56
1;101143;69,5;210,00000000000000;Peraceae;Pogonophora_schomburgkiana;Pogonophora;schomburgkiana;48,5
1;101144;66;210,00000000000000;Peraceae;Chaetocarpus_schomburgkianus;Chaetocarpus;schomburgkianus;54,5
1;101365;92,5;177,00000000000000;Chrysobalanaceae;Licania_canescens;Licania;canescens;78,5
1;101366;96,5;174,50000000000000;Fabaceae;Dipteryx_odorata;Dipteryx;odorata;138,5
1;101367;96,5;172,50000000000000;Peraceae;Pogonophora_schomburgkiana;Pogonophora;schomburgkiana;39
1;101368;95;172,50000000000000;Chrysobalanaceae;Licania_canescens;Licania;canescens;86,5
1;101369;93,5;174,00000000000000;Lecythidaceae;Couratari_multiflora;Couratari;multiflora;126
1;101370;90;178,00000000000000;Fabaceae;Eperua_falcata;Eperua;falcata;82
1;101372;92;168,50000000000000;Fabaceae;Eperua_falcata;Eperua;falcata;203,5
1;101373;92;164,50000000000000;Malvaceae;Eriotheca_longitubulosa;Eriotheca;longitubulosa;80,5
1;101374;94,5;163,00000000000000;Fabaceae;Eperua_grandiflora;Eperua;grandiflora;191,875
1;101375;96,5;163,00000000000000;Malvaceae;Apeiba_glabra;Apeiba;glabra;120
1;101376;97;163,00000000000000;Chrysobalanaceae;Licania_canescens;Licania;canescens;56
1;101377;99;166,00000000000000;Simaroubaceae;Homalolepis_cedron;Homalolepis;cedron;39
1;101378;99,5;166,00000000000000;Fabaceae;Eperua_grandiflora;Eperua;grandiflora;117,5
1;101379;101,0000000000000;160,00000000000000;Clusiaceae;Tovomita_sp.22-CAY;Tovomita;sp.22-CAY;50,5
1;101380;99,5;154,50000000000000;Fabaceae;Eperua_grandiflora;Eperua;grandiflora;75
1;101381;98;157,00000000000000;Lecythidaceae;Lecythis_poiteaui;Lecythis;poiteaui;57
1;101383;96,5;156,00000000000000;Lecythidaceae;Eschweilera_decolorans;Eschweilera;decolorans;104,5
1;101384;94;158,50000000000000;Fabaceae;Zygia_tetragona;Zygia;tetragona;50,5
1;101385;90,5;161,00000000000000;Fabaceae;Vouacapoua_americana;Vouacapoua;americana;107
1;101389;98;146,00000000000000;Lecythidaceae;Eschweilera_decolorans;Eschweilera;decolorans;49,5
1;101390;98;145,50000000000000;Annonaceae;Oxandra_asbeckii;Oxandra;asbeckii;44
1;101391;93;151,00000000000000;Fabaceae;Eperua_falcata;Eperua;falcata;115
1;101392;90,5;152,00000000000000;Chrysobalanaceae;Licania_canescens;Licania;canescens;91,5
1;101393;92;148,50000000000000;Fabaceae;Eperua_grandiflora;Eperua;grandiflora;44
1;101394;93,5;143,50000000000000;Apocynaceae;Ambelania_acida;Ambelania;acida;39
1;101395;93,5;141,00000000000000;Peraceae;Pogonophora_schomburgkiana;Pogonophora;schomburgkiana;83
1;101396;93;139,50000000000000;Lecythidaceae;Eschweilera_sagotiana;Eschweilera;sagotiana;118
1;101397;96;139,00000000000000;Sapotaceae;Micropholis_venulosa;Micropholis;venulosa;77,5
1;101398;97,5;135,50000000000000;Chrysobalanaceae;Licania_canescens;Licania;canescens;76
1;101399;88;133,00000000000000;Peraceae;Chaetocarpus_schomburgkianus;Chaetocarpus;schomburgkianus;67
1;101401;96;131,50000000000000;Peraceae;Pogonophora_schomburgkiana;Pogonophora;schomburgkiana;64,5
1;101402;93;136,00000000000000;Fabaceae;Eperua_falcata;Eperua;falcata;36
1;101405;71;213,50000000000000;Annonaceae;Oxandra_asbeckii;Oxandra;asbeckii;37,5
1;101407;83;229,00000000000000;Lecythidaceae;Lecythis_persistens;Lecythis;persistens subsp. aurantiaca;39,5
1;101408;91,5;182,50000000000000;Peraceae;Pogonophora_schomburgkiana;Pogonophora;schomburgkiana;44
1;101410;101,0000000000000;130,00000000000000;Chrysobalanaceae;Licania_alba;Licania;alba;79
1;101413;106,5000000000000;140,50000000000000;Fabaceae;Eperua_grandiflora;Eperua;grandiflora;239
1;101415;100,0000000000000;137,00000000000000;Chrysobalanaceae;Licania_laxiflora;Licania;laxiflora;54
1;101417;94,5;241,00000000000000;Lecythidaceae;Lecythis_persistens;Lecythis;persistens subsp. aurantiaca;37,5
1;101418;107,0000000000000;145,00000000000000;Chrysobalanaceae;Licania_alba;Licania;alba;80
1;101419;106,0000000000000;146,00000000000000;Fabaceae;Eperua_falcata;Eperua;falcata;177
1;101420;110,0000000000000;150,00000000000000;Annonaceae;Oxandra_asbeckii;Oxandra;asbeckii;48
1;101421;110,0000000000000;151,50000000000000;Sapotaceae;Chrysophyllum_prieurii;Chrysophyllum;prieurii;162,5
1;101422;107,5000000000000;150,50000000000000;Clusiaceae;Moronobea_coccinea;Moronobea;coccinea;100
1;101423;106,0000000000000;151,50000000000000;Euphorbiaceae;Sandwithia_guyanensis;Sandwithia;guyanensis;40
1;101425;105,5000000000000;157,50000000000000;Euphorbiaceae;Mabea_piriri;Mabea;piriri;37,5
1;101426;104,5000000000000;160,00000000000000;Fabaceae;Eperua_falcata;Eperua;falcata;79
1;101427;104,0000000000000;161,50000000000000;Peraceae;Pogonophora_schomburgkiana;Pogonophora;schomburgkiana;61,5
1;101429;111,5000000000000;163,00000000000000;Fabaceae;Bocoa_prouacensis;Bocoa;prouacensis;53,5
1;101430;111,0000000000000;163,00000000000000;Lecythidaceae;Eschweilera_decolorans;Eschweilera;decolorans;71
1;101431;108,5000000000000;166,50000000000000;Chrysobalanaceae;Licania_alba;Licania;alba;50,5
1;101432;107,5000000000000;166,50000000000000;Chrysobalanaceae;Licania_ovalifolia;Licania;ovalifolia;77
1;101433;107,0000000000000;168,50000000000000;Peraceae;Pogonophora_schomburgkiana;Pogonophora;schomburgkiana;41
1;101435;108,5000000000000;170,00000000000000;Metteniusaceae;Poraqueiba_guianensis;Poraqueiba;guianensis;78,5
1;101436;107,5000000000000;170,00000000000000;Fabaceae;Eperua_falcata;Eperua;falcata;247
1;101437;100,5000000000000;171,50000000000000;Fabaceae;Eperua_grandiflora;Eperua;grandiflora;161,5
1;101438;103,0000000000000;177,00000000000000;Peraceae;Pogonophora_schomburgkiana;Pogonophora;schomburgkiana;47
1;101439;105,5000000000000;180,00000000000000;Lecythidaceae;Eschweilera_decolorans;Eschweilera;decolorans;84,5
1;101440;108,0000000000000;183,00000000000000;Fabaceae;Eperua_falcata;Eperua;falcata;42,5
1;101441;106,0000000000000;188,50000000000000;Lecythidaceae;Eschweilera_sagotiana;Eschweilera;sagotiana;142
1;101442;102,0000000000000;185,00000000000000;Fabaceae;Zygia_tetragona;Zygia;tetragona;48
1;101443;102,5000000000000;189,00000000000000;Sapindaceae;Talisia_hexaphylla;Talisia;hexaphylla;66
1;101444;102,5000000000000;191,00000000000000;Fabaceae;Eperua_falcata;Eperua;falcata;84
1;101446;106,5000000000000;196,50000000000000;Malvaceae;Sterculia_pruriens;Sterculia;pruriens;85
1;101447;107,0000000000000;196,50000000000000;Fabaceae;Eperua_falcata;Eperua;falcata;107
1;101448;107,0000000000000;196,50000000000000;Sapotaceae;Pouteria_grandis;Pouteria;grandis;63,5
1;101449;109,5000000000000;198,00000000000000;Chrysobalanaceae;Leptobalanus_sprucei;Leptobalanus;sprucei;34,5
1;101452;102,5000000000000;202,50000000000000;Lecythidaceae;Eschweilera_sagotiana;Eschweilera;sagotiana;77,5
1;101454;105,5000000000000;203,50000000000000;Chrysobalanaceae;Licania_laxiflora;Licania;laxiflora;43
1;101456;101,5000000000000;205,00000000000000;Fabaceae;Eperua_falcata;Eperua;falcata;136,5
1;101457;102,0000000000000;209,50000000000000;Sapotaceae;Chrysophyllum_pomiferum;Chrysophyllum;pomiferum;58
1;101458;101,5000000000000;210,50000000000000;Chrysobalanaceae;Licania_canescens;Licania;canescens;73,5
1;101459;107,5000000000000;212,50000000000000;Lecythidaceae;Lecythis_persistens;Lecythis;persistens subsp. aurantiaca;38
1;101460;108,0000000000000;214,00000000000000;Chrysobalanaceae;Licania_alba;Licania;alba;95
1;101461;107,0000000000000;215,50000000000000;Lecythidaceae;Lecythis_persistens;Lecythis;persistens subsp. aurantiaca;42
1;101462;107,0000000000000;220,00000000000000;Fabaceae;Eperua_falcata;Eperua;falcata;168,5
1;101463;102,5000000000000;217,50000000000000;Lecythidaceae;Couratari_guianensis;Couratari;guianensis;103,25
1;101464;102,5000000000000;219,50000000000000;Malvaceae;Sterculia_speciosa;Sterculia;speciosa;34
1;101465;103,0000000000000;222,00000000000000;Chrysobalanaceae;Licania_alba;Licania;alba;108,5
1;101466;111,0000000000000;224,50000000000000;Lecythidaceae;Gustavia_hexapetala;Gustavia;hexapetala;74
1;101467;104,0000000000000;229,50000000000000;Fabaceae;Eperua_falcata;Eperua;falcata;182
1;101469;110,0000000000000;230,00000000000000;Chrysobalanaceae;Licania_alba;Licania;alba;58,5
1;101470;108,0000000000000;233,00000000000000;Chrysobalanaceae;Licania_alba;Licania;alba;57,5
1;101474;106,5000000000000;238,50000000000000;Fabaceae;Eperua_falcata;Eperua;falcata;264,5
1;101476;107,5000000000000;240,00000000000000;Melastomataceae;Mouriri_crassifolia;Mouriri;crassifolia;85
1;101477;108,0000000000000;240,50000000000000;Euphorbiaceae;Sandwithia_guyanensis;Sandwithia;guyanensis;38
1;101478;102,5000000000000;243,00000000000000;Chrysobalanaceae;Licania_alba;Licania;alba;45,5
1;101479;103,0000000000000;246,50000000000000;Lecythidaceae;Lecythis_persistens;Lecythis;persistens subsp. aurantiaca;51
1;101481;106,5000000000000;250,00000000000000;Chrysobalanaceae;Licania_alba;Licania;alba;64
1;101482;107,5000000000000;246,00000000000000;Lecythidaceae;Lecythis_persistens;Lecythis;persistens subsp. aurantiaca;66
1;101483;111,5000000000000;247,00000000000000;Lecythidaceae;Lecythis_persistens;Lecythis;persistens subsp. aurantiaca;67,5
1;101484;119,5000000000000;244,50000000000000;Lecythidaceae;Lecythis_persistens;Lecythis;persistens subsp. aurantiaca;45,5
1;101485;118,5000000000000;239,50000000000000;Fabaceae;Tachigali_melinonii;Tachigali;melinonii;157,125
1;101487;118,0000000000000;238,50000000000000;Meliaceae;Trichilia_schomburgkii;Trichilia;schomburgkii;53,5
1;101488;122,0000000000000;237,00000000000000;Lecythidaceae;Lecythis_persistens;Lecythis;persistens subsp. aurantiaca;40
1;101489;121,5000000000000;235,00000000000000;Euphorbiaceae;Sandwithia_guyanensis;Sandwithia;guyanensis;38,5
1;101491;121,0000000000000;234,00000000000000;Fabaceae;Eperua_falcata;Eperua;falcata;93
1;101492;118,5000000000000;234,00000000000000;Chrysobalanaceae;Licania_alba;Licania;alba;69,5
1;101493;114,0000000000000;228,50000000000000;Burseraceae;Trattinnickia_demerarae;Trattinnickia;demerarae;75,5
1;101494;124,5000000000000;228,00000000000000;Chrysobalanaceae;Licania_alba;Licania;alba;83,5
1;101495;124,5000000000000;228,50000000000000;Fabaceae;Recordoxylon_speciosum;Recordoxylon;speciosum;43,5
1;101496;123,0000000000000;222,00000000000000;Lecythidaceae;Lecythis_persistens;Lecythis;persistens subsp. aurantiaca;86
1;101497;90;163,50000000000000;Euphorbiaceae;Sandwithia_guyanensis;Sandwithia;guyanensis;42,5
1;101498;123,0000000000000;220,50000000000000;Lecythidaceae;Lecythis_persistens;Lecythis;persistens subsp. aurantiaca;54,5
1;101499;117,5000000000000;225,00000000000000;Clusiaceae;Tovomita_umbellata;Tovomita;umbellata;46,5
1;101500;116,5000000000000;223,50000000000000;Chrysobalanaceae;Licania_alba;Licania;alba;86
1;101148;64;213,00000000000000;Chrysobalanaceae;Couepia_bracteosa;Couepia;bracteosa;123,75
1;101149;63;217,50000000000000;Lecythidaceae;Lecythis_persistens;Lecythis;persistens subsp. aurantiaca;36,5
1;101150;64;218,00000000000000;Chrysobalanaceae;Licania_micrantha;Licania;micrantha;56
1;101152;64,5;221,00000000000000;Annonaceae;Xylopia_nitida;Xylopia;nitida;85
1;101153;68;222,50000000000000;Clusiaceae;Symphonia_sp.1;Symphonia;sp.1;82,5
1;101155;66,5;222,00000000000000;Apocynaceae;Aspidosperma_excelsum;Aspidosperma;excelsum;90
1;101156;63;225,50000000000000;Fabaceae;Recordoxylon_speciosum;Recordoxylon;speciosum;79
1;101159;67,5;228,00000000000000;Chrysobalanaceae;Licania_laxiflora;Licania;laxiflora;46,5
1;101160;69,5;230,00000000000000;Fabaceae;Dialium_guianense;Dialium;guianense;45,5
1;101161;69;231,00000000000000;Fabaceae;Recordoxylon_speciosum;Recordoxylon;speciosum;89
1;101162;67;232,50000000000000;Peraceae;Pogonophora_schomburgkiana;Pogonophora;schomburgkiana;45
1;101164;70;234,00000000000000;Fabaceae;Eperua_grandiflora;Eperua;grandiflora;145,5
1;101165;70,5;235,50000000000000;Lecythidaceae;Eschweilera_sagotiana;Eschweilera;sagotiana;109
1;101166;70,5;237,00000000000000;Lecythidaceae;Eschweilera_decolorans;Eschweilera;decolorans;87
1;101167;70;244,00000000000000;Chrysobalanaceae;Licania_alba;Licania;alba;62,5
1;101168;64;244,00000000000000;Lecythidaceae;Eschweilera_sagotiana;Eschweilera;sagotiana;76
1;101169;64,5;249,50000000000000;Lecythidaceae;Eschweilera_congestiflora;Eschweilera;congestiflora;64,5
1;101170;72,5;249,50000000000000;Lecythidaceae;Gustavia_hexapetala;Gustavia;hexapetala;70
1;101171;72,5;248,50000000000000;Sapotaceae;Pradosia_cochlearia;Pradosia;cochlearia;62
1;101172;73;247,50000000000000;Meliaceae;Carapa_surinamensis;Carapa;surinamensis;99,5
1;101174;77;249,50000000000000;Chrysobalanaceae;Parinari_montana;Parinari;montana;75,5
1;101175;78;249,50000000000000;Fabaceae;Eperua_falcata;Eperua;falcata;194
1;101176;75;242,50000000000000;Fabaceae;Abarema_jupunba;Abarema;jupunba var. jupunba;160,875
1;101177;77,5;237,50000000000000;Clusiaceae;Symphonia_sp.1;Symphonia;sp.1;76,5
1;101179;74,5;238,00000000000000;Lecythidaceae;Eschweilera_sagotiana;Eschweilera;sagotiana;133
1;101181;74;232,00000000000000;Sapotaceae;Pradosia_cochlearia;Pradosia;cochlearia;165
1;101184;73,5;229,00000000000000;Euphorbiaceae;Sandwithia_guyanensis;Sandwithia;guyanensis;49,5
1;101185;74;224,00000000000000;Lecythidaceae;Eschweilera_congestiflora;Eschweilera;congestiflora;82,5
1;101186;78,5;221,50000000000000;Moraceae;Brosimum_guianense;Brosimum;guianense;76
1;101188;76,5;218,50000000000000;Malvaceae;Apeiba_glabra;Apeiba;glabra;94
1;101189;73,5;219,00000000000000;Chrysobalanaceae;Licania_alba;Licania;alba;67
1;101190;77,5;211,00000000000000;Fabaceae;Dicorynia_guianensis;Dicorynia;guianensis;210
1;101192;71;211,50000000000000;Peraceae;Pogonophora_schomburgkiana;Pogonophora;schomburgkiana;46,5
1;101193;75,5;207,50000000000000;Dichapetalaceae;Tapura_capitulifera;Tapura;capitulifera;271
1;101195;78;205,50000000000000;Annonaceae;Oxandra_asbeckii;Oxandra;asbeckii;38
1;101196;79;204,50000000000000;Fabaceae;Eperua_falcata;Eperua;falcata;121
1;101197;79;196,50000000000000;Chrysobalanaceae;Couepia_caryophylloides;Couepia;caryophylloides;58
1;101198;76,5;198,00000000000000;Chrysobalanaceae;Licania_laxiflora;Licania;laxiflora;108
1;101200;78;195,50000000000000;Clusiaceae;Tovomita_sp.22-CAY;Tovomita;sp.22-CAY;67,5
1;101201;79;187,00000000000000;Elaeocarpaceae;Sloanea_sp.4-CAY;Sloanea;sp.4-CAY;90,5
1;101202;77;184,50000000000000;Lecythidaceae;Eschweilera_decolorans;Eschweilera;decolorans;67,5
1;101203;76,5;185,50000000000000;Moraceae;Brosimum_guianense;Brosimum;guianense;95,5
1;101204;76,5;184,00000000000000;Fabaceae;Eperua_falcata;Eperua;falcata;104
1;101206;73;183,50000000000000;Fabaceae;Eperua_grandiflora;Eperua;grandiflora;71,25
1;101207;76,5;181,50000000000000;Lecythidaceae;Eschweilera_sagotiana;Eschweilera;sagotiana;131
1;101208;76;179,50000000000000;Anacardiaceae;Thyrsodium_guianense;Thyrsodium;guianense;103
1;101209;71;180,50000000000000;Fabaceae;Eperua_falcata;Eperua;falcata;78,5
1;101210;74;175,00000000000000;Sapotaceae;Elaeoluma_Indet.;Elaeoluma;Indet.;154,125
1;101211;75;171,00000000000000;Chrysobalanaceae;Licania_laxiflora;Licania;laxiflora;73,5
1;101212;74,5;169,00000000000000;Malvaceae;Theobroma_guianense;Theobroma;guianense;52
1;101213;73;172,00000000000000;Fabaceae;Peltogyne_paniculata;Peltogyne;paniculata;49
1;101218;77,5;163,00000000000000;Lecythidaceae;Eschweilera_sagotiana;Eschweilera;sagotiana;74
1;101219;75;164,00000000000000;Fabaceae;Vouacapoua_americana;Vouacapoua;americana;94,5
1;101508;118,5000000000000;211,50000000000000;Fabaceae;Eperua_falcata;Eperua;falcata;202,5
1;101509;118,5000000000000;211,00000000000000;Burseraceae;Protium_opacum;Protium;opacum subsp. rabelianum;99
1;101510;118,5000000000000;211,00000000000000;Rubiaceae;Duroia_longiflora;Duroia;longiflora;42,5
1;101511;124,5000000000000;211,00000000000000;Chrysobalanaceae;Licania_alba;Licania;alba;69
1;101513;122,5000000000000;203,50000000000000;Fabaceae;Vouacapoua_americana;Vouacapoua;americana;110
1;101514;121,0000000000000;206,00000000000000;Lecythidaceae;Lecythis_persistens;Lecythis;persistens subsp. aurantiaca;46
1;101515;120,5000000000000;205,50000000000000;Sapindaceae;Cupania_scrobiculata;Cupania;scrobiculata;42,5
1;101516;114,5000000000000;210,00000000000000;Sapindaceae;Cupania_scrobiculata;Cupania;scrobiculata;53,5
1;101517;111,5000000000000;214,00000000000000;Sapotaceae;Micropholis_guyanensis;Micropholis;guyanensis subsp. duckeana;65
1;101518;114,0000000000000;209,50000000000000;Malvaceae;Pachira_dolichocalyx;Pachira;dolichocalyx;53
1;101521;121,0000000000000;201,50000000000000;Euphorbiaceae;Mabea_piriri;Mabea;piriri;64
1;101523;125,0000000000000;199,00000000000000;Lecythidaceae;Lecythis_persistens;Lecythis;persistens subsp. aurantiaca;56
1;101524;123,5000000000000;197,50000000000000;Sapotaceae;Pouteria_fimbriata;Pouteria;fimbriata;57,5
1;101526;121,5000000000000;186,50000000000000;Clusiaceae;Tovomita_brevistaminea;Tovomita;brevistaminea;46
1;101528;118,5000000000000;189,00000000000000;Lecythidaceae;Gustavia_hexapetala;Gustavia;hexapetala;46,5
1;101529;111,0000000000000;187,50000000000000;Lecythidaceae;Gustavia_hexapetala;Gustavia;hexapetala;49,5
1;101532;114,0000000000000;183,00000000000000;Fabaceae;Enterolobium_oldemanii;Enterolobium;oldemanii;80,5
1;101533;113,0000000000000;178,00000000000000;Fabaceae;Eperua_falcata;Eperua;falcata;110,5
1;101535;116,0000000000000;178,00000000000000;Lecythidaceae;Eschweilera_sagotiana;Eschweilera;sagotiana;119
1;101536;118,0000000000000;176,50000000000000;Sapotaceae;Chrysophyllum_pomiferum;Chrysophyllum;pomiferum;177,5
1;101537;118,0000000000000;176,00000000000000;Fabaceae;Bocoa_prouacensis;Bocoa;prouacensis;37
1;101539;125,0000000000000;171,00000000000000;Chrysobalanaceae;Licania_alba;Licania;alba;55
1;101540;114,5000000000000;173,50000000000000;Lecythidaceae;Eschweilera_sagotiana;Eschweilera;sagotiana;50
1;101542;110,5000000000000;171,00000000000000;Peraceae;Pogonophora_schomburgkiana;Pogonophora;schomburgkiana;54
1;101544;124,5000000000000;160,50000000000000;Chrysobalanaceae;Licania_alba;Licania;alba;131
1;101545;124,5000000000000;159,00000000000000;Clusiaceae;Tovomita_umbellata;Tovomita;umbellata;73
1;101546;117,5000000000000;160,00000000000000;Fabaceae;Eperua_falcata;Eperua;falcata;197
1;101547;117,5000000000000;157,50000000000000;Clusiaceae;Tovomita_gazelii;Tovomita;gazelii;47
1;101549;118,5000000000000;155,50000000000000;Simaroubaceae;Homalolepis_cedron;Homalolepis;cedron;49
1;101550;118,5000000000000;153,50000000000000;Cordiaceae;Cordia_sagotii;Cordia;sagotii;56
1;101551;119,0000000000000;152,00000000000000;Malvaceae;Theobroma_guianense;Theobroma;guianense;52,5
1;101552;123,0000000000000;150,00000000000000;Clusiaceae;Tovomita_brevistaminea;Tovomita;brevistaminea;39
1;101553;122,5000000000000;150,00000000000000;Siparunaceae;Siparuna_decipiens;Siparuna;decipiens;58,25
1;101554;125,0000000000000;149,00000000000000;Simaroubaceae;Homalolepis_cedron;Homalolepis;cedron;37,5
1;101556;123,0000000000000;148,50000000000000;Lecythidaceae;Eschweilera_sagotiana;Eschweilera;sagotiana;97,5
1;101562;114,5000000000000;151,50000000000000;Lecythidaceae;Lecythis_persistens;Lecythis;persistens subsp. aurantiaca;55,5
1;101564;120,0000000000000;139,00000000000000;Clusiaceae;Symphonia_sp.1;Symphonia;sp.1;79,5
1;101568;116,5000000000000;135,00000000000000;Lecythidaceae;Eschweilera_sagotiana;Eschweilera;sagotiana;73,5
1;101572;118,0000000000000;129,00000000000000;Dichapetalaceae;Tapura_capitulifera;Tapura;capitulifera;105,5
1;101575;125,0000000000000;156,50000000000000;Linaceae;Hebepetalum_humiriifolium;Hebepetalum;humiriifolium;59,5
1;101578;4;235,00000000000000;Malvaceae;Pachira_dolichocalyx;Pachira;dolichocalyx;66,5
1;101583;18;210,00000000000000;Arecaceae;Oenocarpus_bataua;Oenocarpus;bataua var. bataua;49
1;101584;56;189,50000000000000;Simaroubaceae;Homalolepis_cedron;Homalolepis;cedron;50,5
1;101585;78;176,00000000000000;Myristicaceae;Iryanthera_sagotiana;Iryanthera;sagotiana;58
1;101586;78,5;176,00000000000000;Lecythidaceae;Gustavia_hexapetala;Gustavia;hexapetala;34,5
1;101587;105,0000000000000;128,00000000000000;Chrysobalanaceae;Licania_canescens;Licania;canescens;54
1;101588;105,5000000000000;194,50000000000000;Arecaceae;Oenocarpus_bataua;Oenocarpus;bataua var. bataua;56,5
1;101590;118,5000000000000;222,00000000000000;Annonaceae;Duguetia_calycina;Duguetia;calycina;37,5
1;101591;112,5000000000000;201,50000000000000;Arecaceae;Oenocarpus_bataua;Oenocarpus;bataua var. bataua;52,5
1;101592;115,5000000000000;189,50000000000000;Arecaceae;Oenocarpus_bataua;Oenocarpus;bataua var. bataua;53
1;101594;125,0000000000000;185,00000000000000;Arecaceae;Oenocarpus_bataua;Oenocarpus;bataua var. bataua;66
1;101595;124,5000000000000;161,00000000000000;Euphorbiaceae;Sandwithia_guyanensis;Sandwithia;guyanensis;40,5
1;101598;117,0000000000000;168,00000000000000;Malvaceae;Sterculia_speciosa;Sterculia;speciosa;44
1;101599;3,5;185,50000000000000;Fabaceae;Eperua_grandiflora;Eperua;grandiflora;50,5
1;101600;1,5;202,00000000000000;Annonaceae;Oxandra_asbeckii;Oxandra;asbeckii;38
1;101604;28;184,00000000000000;Annonaceae;Oxandra_asbeckii;Oxandra;asbeckii;38,5
1;101605;31;226,50000000000000;Euphorbiaceae;Sandwithia_guyanensis;Sandwithia;guyanensis;34,5
1;101606;40,5;211,50000000000000;Lecythidaceae;Lecythis_persistens;Lecythis;persistens subsp. aurantiaca;35,5
1;101608;64,5;147,50000000000000;Dichapetalaceae;Tapura_capitulifera;Tapura;capitulifera;35,5
1;101609;69;175,50000000000000;Euphorbiaceae;Sandwithia_guyanensis;Sandwithia;guyanensis;34
1;101610;67;196,50000000000000;Simaroubaceae;Homalolepis_cedron;Homalolepis;cedron;39,5
1;101611;61,5;220,50000000000000;Rubiaceae;Duroia_longiflora;Duroia;longiflora;38,5
1;101612;65;238,50000000000000;Chrysobalanaceae;Licania_alba;Licania;alba;54,5
1;101613;75,5;245,00000000000000;Fabaceae;Swartzia_polyphylla;Swartzia;polyphylla;27,56
1;101614;70;217,50000000000000;Euphorbiaceae;Sandwithia_guyanensis;Sandwithia;guyanensis;38,5
1;101615;79;207,00000000000000;Euphorbiaceae;Sandwithia_guyanensis;Sandwithia;guyanensis;38
1;101616;65;238,50000000000000;Euphorbiaceae;Sandwithia_guyanensis;Sandwithia;guyanensis;35,5
1;101618;87;245,50000000000000;Clusiaceae;Moronobea_coccinea;Moronobea;coccinea;53,5
1;101619;95;182,00000000000000;Euphorbiaceae;Sandwithia_guyanensis;Sandwithia;guyanensis;34,5
1;101620;92,5;184,00000000000000;Rubiaceae;Faramea_sessiliflora;Faramea;sessiliflora;36
1;101621;101,0000000000000;198,50000000000000;Elaeocarpaceae;Sloanea_brevipes;Sloanea;brevipes;44
1;101622;118,0000000000000;181,50000000000000;Clusiaceae;Symphonia_sp.1;Symphonia;sp.1;69,5
1;101623;7,5;200,00000000000000;Fabaceae;Recordoxylon_speciosum;Recordoxylon;speciosum;64
1;101624;91;129,00000000000000;Chrysobalanaceae;Couepia_bracteosa;Couepia;bracteosa;40
1;101626;95;151,00000000000000;Euphorbiaceae;Mabea_piriri;Mabea;piriri;38
1;101627;25,5;144,50000000000000;Burseraceae;Protium_subserratum;Protium;subserratum;92
1;101628;21;220,00000000000000;Malvaceae;Pachira_dolichocalyx;Pachira;dolichocalyx;32
1;101629;58;181,50000000000000;Clusiaceae;Moronobea_coccinea;Moronobea;coccinea;46
1;101630;32,5;139,00000000000000;Fabaceae;Parkia_nitida;Parkia;nitida;76
1;101631;83,5;208,00000000000000;Euphorbiaceae;Sandwithia_guyanensis;Sandwithia;guyanensis;35,5
1;101632;91;241,50000000000000;Violaceae;Rinorea_flavescens;Rinorea;flavescens;32,5
1;101635;123,5000000000000;187,50000000000000;Fabaceae;Inga_sarmentosa;Inga;sarmentosa;43
1;101636;104,5000000000000;130,50000000000000;Fabaceae;Eperua_falcata;Eperua;falcata;48
1;101637;20,5;135,00000000000000;Moraceae;Brosimum_utile;Brosimum;utile;46,5
1;101640;19;193,00000000000000;Euphorbiaceae;Conceveiba_guianensis;Conceveiba;guianensis;33
1;101642;115,5000000000000;204,00000000000000;Lecythidaceae;Lecythis_persistens;Lecythis;persistens subsp. aurantiaca;41
1;101643;3,5;170,50000000000000;Clusiaceae;Symphonia_sp.1;Symphonia;sp.1;53
1;101644;13;188,50000000000000;Fabaceae;Dicorynia_guianensis;Dicorynia;guianensis;51,5
1;101645;18;216,50000000000000;Malvaceae;Pachira_dolichocalyx;Pachira;dolichocalyx;39
1;101646;31;234,50000000000000;Peraceae;Pogonophora_schomburgkiana;Pogonophora;schomburgkiana;42,5
1;101647;100,5000000000000;168,50000000000000;Burseraceae;Protium_subserratum;Protium;subserratum;77
1;101648;72,5;164,00000000000000;Fabaceae;Zygia_tetragona;Zygia;tetragona;41,5
1;101650;45,5;247,50000000000000;Violaceae;Amphirrhox_longifolia;Amphirrhox;longifolia;37,5
1;101651;95;230,50000000000000;Euphorbiaceae;Sandwithia_guyanensis;Sandwithia;guyanensis;33,5
1;101652;123,0000000000000;218,50000000000000;Arecaceae;Oenocarpus_bataua;Oenocarpus;bataua var. bataua;62
1;101654;117,0000000000000;200,50000000000000;Lecythidaceae;Lecythis_persistens;Lecythis;persistens subsp. aurantiaca;38
1;101655;120,0000000000000;175,00000000000000;Arecaceae;Oenocarpus_bataua;Oenocarpus;bataua var. bataua;59,5
1;101657;9;148,00000000000000;Fabaceae;Dicorynia_guianensis;Dicorynia;guianensis;44
1;101658;59,5;156,50000000000000;Clusiaceae;Tovomita_sp.5-CAY;Tovomita;sp.5-CAY;34
1;101659;8,5;161,00000000000000;Myristicaceae;Iryanthera_hostmannii;Iryanthera;hostmannii;42,5
1;101660;22;196,00000000000000;Arecaceae;Oenocarpus_bacaba;Oenocarpus;bacaba;55
1;101661;42;187,00000000000000;Apocynaceae;Aspidosperma_excelsum;Aspidosperma;excelsum;38
1;101663;121,5000000000000;239,50000000000000;Goupiaceae;Goupia_glabra;Goupia;glabra;35
1;101664;103,0000000000000;210,50000000000000;Lecythidaceae;Lecythis_persistens;Lecythis;persistens subsp. aurantiaca;35
1;101665;99,5;202,00000000000000;Burseraceae;Protium_stevensonii;Protium;stevensonii;44
1;101667;115,5000000000000;163,00000000000000;Clusiaceae;Symphonia_sp.1;Symphonia;sp.1;54,5
1;101668;107,5000000000000;171,00000000000000;Peraceae;Pogonophora_schomburgkiana;Pogonophora;schomburgkiana;35,5
1;101670;121,0000000000000;133,00000000000000;Chrysobalanaceae;Parinari_parvifolia;Parinari;parvifolia;53
1;101671;113,0000000000000;128,50000000000000;Arecaceae;Oenocarpus_bataua;Oenocarpus;bataua var. bataua;60,5
1;101672;26,5;130,00000000000000;Fabaceae;Eperua_grandiflora;Eperua;grandiflora;51,5
1;101673;29,5;216,00000000000000;Fabaceae;Recordoxylon_speciosum;Recordoxylon;speciosum;43,5
1;101675;52,5;158,00000000000000;Anacardiaceae;Thyrsodium_guianense;Thyrsodium;guianense;47
1;101676;54;165,00000000000000;Malvaceae;Catostemma_fragrans;Catostemma;fragrans;37
1;101677;12;220,00000000000000;Malvaceae;Sterculia_pruriens;Sterculia;pruriens;35
1;101679;74;240,50000000000000;Clusiaceae;Tovomita_brevistaminea;Tovomita;brevistaminea;37
1;101680;103,5000000000000;220,00000000000000;Rubiaceae;Chimarrhis_turbinata;Chimarrhis;turbinata;39,5
1;101683;125,0000000000000;126,00000000000000;Lecythidaceae;Lecythis_persistens;Lecythis;persistens subsp. aurantiaca;43
1;101685;106,0000000000000;145,00000000000000;Lecythidaceae;Eschweilera_collina;Eschweilera;collina;37,5
1;101686;10,5;134,00000000000000;Annonaceae;Oxandra_asbeckii;Oxandra;asbeckii;38,5
1;101689;32;140,00000000000000;Fabaceae;Inga_loubryana;Inga;loubryana;47,5
1;101690;35;142,00000000000000;Humiriaceae;Sacoglottis_guianensis;Sacoglottis;guianensis;44
1;101691;34;150,50000000000000;Sapotaceae;Pradosia_cochlearia;Pradosia;cochlearia;45
1;101692;32;153,50000000000000;Clusiaceae;Tovomita_caloneura;Tovomita;caloneura;35
1;101693;28;160,00000000000000;Lecythidaceae;Eschweilera_sagotiana;Eschweilera;sagotiana;39,5
1;101694;1,5;189,50000000000000;Fabaceae;Eperua_grandiflora;Eperua;grandiflora;46,5
1;101695;110,5000000000000;152,50000000000000;Clusiaceae;Symphonia_sp.1;Symphonia;sp.1;54,5
1;101696;123,5000000000000;172,50000000000000;Apocynaceae;Aspidosperma_cruentum;Aspidosperma;cruentum;45
1;101697;15;131,50000000000000;Lecythidaceae;Eschweilera_decolorans;Eschweilera;decolorans;35,5
1;101698;46,5;127,00000000000000;Sapindaceae;Cupania_scrobiculata;Cupania;scrobiculata;41
1;101699;59;166,00000000000000;Euphorbiaceae;Sandwithia_guyanensis;Sandwithia;guyanensis;36,5
1;101700;49,5;180,50000000000000;Euphorbiaceae;Sandwithia_guyanensis;Sandwithia;guyanensis;35
1;101701;57;189,50000000000000;Euphorbiaceae;Sandwithia_guyanensis;Sandwithia;guyanensis;34,5
1;101702;37,5;190,00000000000000;Lecythidaceae;Lecythis_persistens;Lecythis;persistens subsp. aurantiaca;32
1;101703;57,5;208,00000000000000;Annonaceae;Oxandra_asbeckii;Oxandra;asbeckii;34
1;101706;97;175,50000000000000;Annonaceae;Oxandra_asbeckii;Oxandra;asbeckii;34
1;101707;76,5;169,00000000000000;Chrysobalanaceae;Licania_alba;Licania;alba;42,5
1;101708;73;162,50000000000000;Lecythidaceae;Lecythis_holcogyne;Lecythis;holcogyne;42
1;101710;69;128,00000000000000;Chrysobalanaceae;Licania_laxiflora;Licania;laxiflora;45
1;101711;32;239,50000000000000;Lecythidaceae;Eschweilera_sagotiana;Eschweilera;sagotiana;34
1;101712;6,5;216,00000000000000;Chrysobalanaceae;Gaulettia_parillo;Gaulettia;parillo;32
1;101713;7;195,00000000000000;Clusiaceae;Tovomita_brevistaminea;Tovomita;brevistaminea;35,5
1;101714;23;178,50000000000000;Euphorbiaceae;Sandwithia_guyanensis;Sandwithia;guyanensis;33,5
1;101715;13,5;164,00000000000000;Meliaceae;Carapa_surinamensis;Carapa;surinamensis;46
1;101716;21;169,00000000000000;Peraceae;Pogonophora_schomburgkiana;Pogonophora;schomburgkiana;37
1;101717;17,5;162,50000000000000;Fabaceae;Vouacapoua_americana;Vouacapoua;americana;36,5
1;101719;28;134,00000000000000;Arecaceae;Oenocarpus_bacaba;Oenocarpus;bacaba;54,5
1;101720;32,5;125,50000000000000;Clusiaceae;Symphonia_sp.1;Symphonia;sp.1;46,5
1;101721;55;152,00000000000000;Lecythidaceae;Lecythis_poiteaui;Lecythis;poiteaui;37
1;101722;46,5;172,50000000000000;Peraceae;Pogonophora_schomburgkiana;Pogonophora;schomburgkiana;36
1;101723;64,5;184,50000000000000;Lecythidaceae;Lecythis_persistens;Lecythis;persistens subsp. aurantiaca;34,5
1;101724;65;249,00000000000000;Burseraceae;Protium_opacum;Protium;opacum subsp. rabelianum;38,5
1;101725;97,5;236,00000000000000;Lecythidaceae;Lecythis_persistens;Lecythis;persistens subsp. aurantiaca;36
1;101727;102,5000000000000;192,00000000000000;Phyllanthaceae;Amanoa_congesta;Amanoa;congesta;45
1;101728;110,0000000000000;189,00000000000000;Lecythidaceae;Lecythis_persistens;Lecythis;persistens subsp. aurantiaca;34
1;101729;109,0000000000000;188,50000000000000;Clusiaceae;Garcinia_madruno;Garcinia;madruno;32,5
1;101731;118,0000000000000;180,00000000000000;Moraceae;Brosimum_rubescens;Brosimum;rubescens;41
1;101732;117,5000000000000;171,00000000000000;Humiriaceae;Humiriastrum_subcrenatum;Humiriastrum;subcrenatum;40
1;101733;81;152,00000000000000;Euphorbiaceae;Sandwithia_guyanensis;Sandwithia;guyanensis;34
1;101734;106,5000000000000;133,50000000000000;Anacardiaceae;Tapirira_obtusa;Tapirira;obtusa;88
1;101736;118,5000000000000;192,50000000000000;Lecythidaceae;Lecythis_zabucajo;Lecythis;zabucajo;42
1;101737;113,5000000000000;210,00000000000000;Myrtaceae;Myrcia_decorticans;Myrcia;decorticans;32,5
1;101738;41;218,00000000000000;Lecythidaceae;Lecythis_persistens;Lecythis;persistens subsp. aurantiaca;34,5
1;101739;4;204,00000000000000;Apocynaceae;Aspidosperma_excelsum;Aspidosperma;excelsum;43
1;101740;61;143,00000000000000;Chrysobalanaceae;Licania_laxiflora;Licania;laxiflora;44
1;101741;75,5;153,50000000000000;Peraceae;Pogonophora_schomburgkiana;Pogonophora;schomburgkiana;45,5
1;101742;74,5;222,00000000000000;Linaceae;Hebepetalum_humiriifolium;Hebepetalum;humiriifolium;39
1;173503;88,5;202,50000000000000;Peraceae;Chaetocarpus_schomburgkianus;Chaetocarpus;schomburgkianus;36
1;173504;58;129,00000000000000;Chrysobalanaceae;Licania_laxiflora;Licania;laxiflora;37,5
1;173506;23;149,00000000000000;Arecaceae;Oenocarpus_bacaba;Oenocarpus;bacaba;66
1;178725;115,0000000000000;147,00000000000000;Anacardiaceae;Tapirira_obtusa;Tapirira;obtusa;61
1;178726;109,0000000000000;142,50000000000000;Chrysobalanaceae;Hirtella_bicornis;Hirtella;bicornis var. bicornis;46
1;178727;108,0000000000000;136,00000000000000;Lecythidaceae;Lecythis_persistens;Lecythis;persistens subsp. aurantiaca;36
1;178728;125,0000000000000;125,00000000000000;Melastomataceae;Henriettea_flavescens;Henriettea;flavescens;36
1;178730;54;130,50000000000000;Fabaceae;Dicorynia_guianensis;Dicorynia;guianensis;37
1;178731;73;160,00000000000000;Euphorbiaceae;Sandwithia_guyanensis;Sandwithia;guyanensis;32,5
1;178732;106,5000000000000;167,00000000000000;Euphorbiaceae;Sandwithia_guyanensis;Sandwithia;guyanensis;35
1;178733;29,5;144,00000000000000;Bignoniaceae;Jacaranda_copaia;Jacaranda;copaia subsp. copaia;55
1;178735;1;132,50000000000000;Euphorbiaceae;Sandwithia_guyanensis;Sandwithia;guyanensis;34
1;179841;118,5000000000000;195,50000000000000;Fabaceae;Tachigali_melinonii;Tachigali;melinonii;58,5
1;179842;118,5000000000000;183,00000000000000;Chrysobalanaceae;Licania_membranacea;Licania;membranacea;35
1;179843;93,5;172,00000000000000;Euphorbiaceae;Sandwithia_guyanensis;Sandwithia;guyanensis;33,5
1;179844;106,0000000000000;160,50000000000000;Clusiaceae;Symphonia_sp.1;Symphonia;sp.1;38
1;179846;72;129,00000000000000;Clusiaceae;Moronobea_coccinea;Moronobea;coccinea;40,5
1;179847;70;138,00000000000000;Euphorbiaceae;Sandwithia_guyanensis;Sandwithia;guyanensis;32,5
1;179848;76,5;142,50000000000000;Euphorbiaceae;Sandwithia_guyanensis;Sandwithia;guyanensis;34
1;179849;58,5;194,00000000000000;Euphorbiaceae;Hevea_guianensis;Hevea;guianensis;35
1;179851;19,5;218,00000000000000;Fabaceae;Eperua_grandiflora;Eperua;grandiflora;45
1;181285;102,0000000000000;207,00000000000000;Fabaceae;Eperua_grandiflora;Eperua;grandiflora;41
1;181286;83,5;198,00000000000000;Fabaceae;Eperua_grandiflora;Eperua;grandiflora;35
1;181287;106,5000000000000;198,00000000000000;Fabaceae;Dicorynia_guianensis;Dicorynia;guianensis;37,5
1;181288;119,0000000000000;147,50000000000000;Arecaceae;Oenocarpus_bataua;Oenocarpus;bataua var. bataua;68
1;181289;83,5;165,50000000000000;Lauraceae;Ocotea_subterminalis;Ocotea;subterminalis;36,5
1;181290;64;191,00000000000000;Salicaceae;Casearia_decandra;Casearia;decandra;39
1;181291;73,5;212,50000000000000;Clusiaceae;Symphonia_sp.1;Symphonia;sp.1;41,5
1;181292;29,5;219,00000000000000;Melastomataceae;Miconia_acuminata;Miconia;acuminata;33,5
1;181293;29,5;184,50000000000000;Euphorbiaceae;Sandwithia_guyanensis;Sandwithia;guyanensis;33
1;181294;6,5;154,00000000000000;Fabaceae;Inga_stipularis;Inga;stipularis;35
1;181295;34;136,50000000000000;Melastomataceae;Miconia_acuminata;Miconia;acuminata;38,5
1;184181;3;157,00000000000000;Fabaceae;Eperua_falcata;Eperua;falcata;36,5
1;184182;15,5;142,50000000000000;Annonaceae;Oxandra_asbeckii;Oxandra;asbeckii;33
1;184183;39;140,50000000000000;Lecythidaceae;Lecythis_poiteaui;Lecythis;poiteaui;31,5
1;184184;47;154,50000000000000;Fabaceae;Bocoa_prouacensis;Bocoa;prouacensis;35
1;184185;50;128,50000000000000;Ochnaceae;Lacunaria_jenmanii;Lacunaria;jenmanii subsp. jenmanii;35
1;184186;65,5;139,00000000000000;Fabaceae;Dicorynia_guianensis;Dicorynia;guianensis;38
1;184180;117,0000000000000;137,00000000000000;Lecythidaceae;Lecythis_persistens;Lecythis;persistens subsp. aurantiaca;36,5
1;190569;26;148,00000000000000;Arecaceae;Oenocarpus_bacaba;Oenocarpus;bacaba;55
1;190570;39;136,50000000000000;Arecaceae;Oenocarpus_bacaba;Oenocarpus;bacaba;54,5
1;190571;53,5;141,00000000000000;Chrysobalanaceae;Hymenopus_heteromorphus;Hymenopus;heteromorphus;35
1;190573;57;157,50000000000000;Clusiaceae;Symphonia_sp.1;Symphonia;sp.1;38
1;190574;46,5;234,00000000000000;Chrysobalanaceae;Couepia_guianensis;Couepia;guianensis subsp. glandulosa ;34,5
1;190575;50,5;239,00000000000000;Fabaceae;Inga_Indet.;Inga;Indet.;40
1;190578;95,5;190,00000000000000;Annonaceae;Xylopia_nitida;Xylopia;nitida;38,5
1;190579;122,5000000000000;132,50000000000000;Sapotaceae;Pouteria_guianensis;Pouteria;guianensis;53
1;203340;19,5;186,50000000000000;Ochnaceae;Quiina_obovata;Quiina;obovata;34
1;203341;5,5;177,00000000000000;Fabaceae;Dicorynia_guianensis;Dicorynia;guianensis;37
1;203343;58,5;151,00000000000000;Clusiaceae;Tovomita_Indet.;Tovomita;Indet.;34
1;203344;116,0000000000000;136,30000305175781;Fabaceae;Inga_Indet.;Inga;Indet.;41
1;203345;113,0000000000000;151,50000000000000;Fabaceae;Inga_Indet.;Inga;Indet.;34,5
1;205742;123,5000000000000;173,00000000000000;Euphorbiaceae;Sandwithia_guyanensis;Sandwithia;guyanensis;32
1;205743;98;169,00000000000000;Euphorbiaceae;Sandwithia_guyanensis;Sandwithia;guyanensis;33
1;205744;108,5000000000000;184,50000000000000;Peraceae;Pogonophora_schomburgkiana;Pogonophora;schomburgkiana;34,5
1;205745;121,0000000000000;225,00000000000000;Clusiaceae;Symphonia_globulifera;Symphonia;globulifera;37
1;205746;124,5000000000000;211,50000000000000;Lecythidaceae;Eschweilera_sagotiana;Eschweilera;sagotiana;35
1;205747;113,0000000000000;246,00000000000000;Chrysobalanaceae;Licania_membranacea;Licania;membranacea;37,5
1;205748;53;240,00000000000000;Lecythidaceae;Lecythis_persistens;Lecythis;persistens subsp. aurantiaca;32,5
1;205749;72;226,00000000000000;Chrysobalanaceae;Licania_laxiflora;Licania;laxiflora;35,5
1;205750;74,5;221,50000000000000;Lecythidaceae;Lecythis_persistens;Lecythis;persistens subsp. aurantiaca;33
1;205751;63,5;216,50000000000000;Olacaceae;Minquartia_guianensis;Minquartia;guianensis;32,5
1;205752;55,5;213,50000000000000;Malvaceae;Theobroma_guianense;Theobroma;guianense;36
1;205753;89;197,00000000000000;Simaroubaceae;Homalolepis_cedron;Homalolepis;cedron;32
1;205754;54,5;183,00000000000000;Clusiaceae;Symphonia_sp.1;Symphonia;sp.1;40
1;226176;13;218,50000000000000;Lecythidaceae;Eschweilera_sagotiana;Eschweilera;sagotiana;33,5
1;226178;11,5;140,50000000000000;Chrysobalanaceae;Licania_alba;Licania;alba;34
1;226179;49,5;206,50000000000000;Lecythidaceae;Eschweilera_sagotiana;Eschweilera;sagotiana;33,5
1;226180;78;150,50000000000000;Rubiaceae;Posoqueria_latifolia;Posoqueria;latifolia;34
1;226181;87;228,50000000000000;Fabaceae;Bocoa_prouacensis;Bocoa;prouacensis;33
1;226182;120,5000000000000;144,50000000000000;Arecaceae;Oenocarpus_bataua;Oenocarpus;bataua var. bataua;58
1;226933;10,5;194,50000000000000;Chrysobalanaceae;Licania_alba;Licania;alba;33,5
1;226934;13;158,50000000000000;Arecaceae;Oenocarpus_bacaba;Oenocarpus;bacaba;55
1;226935;60;196,50000000000000;Clusiaceae;Moronobea_coccinea;Moronobea;coccinea;35
1;226936;116,5000000000000;141,00000000000000;Arecaceae;Oenocarpus_bataua;Oenocarpus;bataua var. bataua;62
1;226937;115,5000000000000;165,00000000000000;Burseraceae;Protium_opacum;Protium;opacum subsp. rabelianum;34,5
1;226938;97,5;226,50000000000000;Chrysobalanaceae;Licania_alba;Licania;alba;34,5
1;236695;115,5000000000000;237,50000000000000;Chrysobalanaceae;Licania_alba;Licania;alba;33
1;236696;116,0000000000000;227,50000000000000;Lecythidaceae;Lecythis_persistens;Lecythis;persistens subsp. aurantiaca;33,5
1;236697;93;233,00000000000000;Lecythidaceae;Eschweilera_coriacea;Eschweilera;coriacea;34,5
1;236698;104,5000000000000;198,50000000000000;Fabaceae;Bocoa_prouacensis;Bocoa;prouacensis;32,5
1;236699;119,5000000000000;165,50000000000000;Anacardiaceae;Tapirira_guianensis;Tapirira;guianensis;34
1;236700;60,5;157,00000000000000;Sapotaceae;Pradosia_cochlearia;Pradosia;cochlearia;34
1;236701;72;239,00000000000000;Peraceae;Pogonophora_schomburgkiana;Pogonophora;schomburgkiana;33
1;236702;57;145,50000000000000;Clusiaceae;Tovomita_sp.2-CAY;Tovomita;sp.2-CAY;32,5
1;236703;11;149,00000000000000;Fabaceae;Vouacapoua_americana;Vouacapoua;americana;35
1;240977;24;235,50000000000000;Chrysobalanaceae;Hirtella_bicornis;Hirtella;bicornis var. bicornis;33,5
1;240978;20,5;210,00000000000000;Lecythidaceae;Couratari_guianensis;Couratari;guianensis;33
1;240979;83,5;240,50000000000000;Clusiaceae;Tovomita_sp.11-CAY;Tovomita;sp.11-CAY;36,5
1;249664;114,5000000000000;137,50000000000000;Burseraceae;Protium_opacum;Protium;opacum subsp. rabelianum;35
1;249665;117,5000000000000;130,50000000000000;Chrysobalanaceae;Licania_micrantha;Licania;micrantha;31,5
1;249666;52;242,50000000000000;Lecythidaceae;Eschweilera_decolorans;Eschweilera;decolorans;31,5
1;249667;51,5;231,00000000000000;Chrysobalanaceae;Licania_micrantha;Licania;micrantha;34
1;249668;5,5;187,50000000000000;Fabaceae;Tachigali_melinonii;Tachigali;melinonii;35
1;249669;2,5;169,50000000000000;Burseraceae;Protium_subserratum;Protium;subserratum;35
1;249670;2,5;173,50000000000000;Clusiaceae;Tovomita_Indet.;Tovomita;Indet.;32
1;249671;4;223,00000000000000;Fabaceae;Bocoa_prouacensis;Bocoa;prouacensis;33
1;249672;6;242,50000000000000;Clusiaceae;Moronobea_coccinea;Moronobea;coccinea;32
1;249673;7;239,50000000000000;Euphorbiaceae;Sandwithia_guyanensis;Sandwithia;guyanensis;31,5
1;257766;116,0000000000000;179,50000000000000;Chrysobalanaceae;Licania_alba;Licania;alba;33
1;257767;107,0000000000000;132,00000000000000;Arecaceae;Oenocarpus_bataua;Oenocarpus;bataua var. bataua;50
1;257768;84,5;130,00000000000000;Lecythidaceae;Lecythis_corrugata;Lecythis;corrugata;33
1;257769;70;160,50000000000000;Malvaceae;Catostemma_fragrans;Catostemma;fragrans;33
1;257770;21;154,50000000000000;Chrysobalanaceae;Licania_alba;Licania;alba;34
1;257771;10,5;154,00000000000000;Chrysobalanaceae;Licania_alba;Licania;alba;33
1;257772;7;146,00000000000000;Lecythidaceae;Eschweilera_sagotiana;Eschweilera;sagotiana;32
2;101751;126,5000000000000;148,50000000000000;Clusiaceae;Tovomita_obovata;Tovomita;obovata;71
2;101752;129,0000000000000;148,00000000000000;Chrysobalanaceae;Licania_alba;Licania;alba;74
2;101755;127,5000000000000;152,50000000000000;Clusiaceae;Tovomita_umbellata;Tovomita;umbellata;54
2;101757;129,5000000000000;164,50000000000000;Myristicaceae;Iryanthera_hostmannii;Iryanthera;hostmannii;82
2;101758;129,0000000000000;166,00000000000000;Chrysobalanaceae;Parinariopsis_licaniiflora;Parinariopsis;licaniiflora;149
2;101760;127,0000000000000;171,00000000000000;Fabaceae;Eperua_falcata;Eperua;falcata;167,5
2;101761;127,0000000000000;171,00000000000000;Lecythidaceae;Lecythis_persistens;Lecythis;persistens subsp. aurantiaca;40,5
2;101762;128,5000000000000;174,00000000000000;Rubiaceae;Duroia_longiflora;Duroia;longiflora;79
2;101763;127,0000000000000;177,00000000000000;Sapotaceae;Pouteria_fimbriata;Pouteria;fimbriata;50
2;101764;130,0000000000000;181,00000000000000;Lauraceae;Sextonia_rubra;Sextonia;rubra;186,5
2;101767;126,0000000000000;192,50000000000000;Lauraceae;Rhodostemonodaphne_grandis;Rhodostemonodaphne;grandis;74,5
2;101768;130,5000000000000;194,50000000000000;Peraceae;Chaetocarpus_sp.1-CAY;Chaetocarpus;sp.1-CAY;87,5
2;101769;129,0000000000000;195,00000000000000;Fabaceae;Eperua_falcata;Eperua;falcata;136
2;101770;129,0000000000000;196,00000000000000;Peraceae;Chaetocarpus_sp.1-CAY;Chaetocarpus;sp.1-CAY;77,5
2;101774;129,5000000000000;232,50000000000000;Moraceae;Brosimum_rubescens;Brosimum;rubescens;117
2;101777;130,0000000000000;233,00000000000000;Meliaceae;Carapa_surinamensis;Carapa;surinamensis;58
2;101778;129,5000000000000;235,50000000000000;Lecythidaceae;Lecythis_persistens;Lecythis;persistens subsp. aurantiaca;42
2;101780;130,5000000000000;241,00000000000000;Chrysobalanaceae;Licania_alba;Licania;alba;107
2;101781;130,0000000000000;242,00000000000000;Lecythidaceae;Lecythis_persistens;Lecythis;persistens subsp. aurantiaca;45
2;101782;128,0000000000000;241,00000000000000;Lecythidaceae;Eschweilera_sagotiana;Eschweilera;sagotiana;44
2;101787;135,5000000000000;242,50000000000000;Euphorbiaceae;Hevea_guianensis;Hevea;guianensis;107
2;101788;137,5000000000000;243,00000000000000;Fabaceae;Inga_melinonii;Inga;melinonii;64
2;101789;139,5000000000000;241,00000000000000;Myristicaceae;Iryanthera_sagotiana;Iryanthera;sagotiana;69
2;101790;140,0000000000000;239,00000000000000;Euphorbiaceae;Sandwithia_guyanensis;Sandwithia;guyanensis;40
2;101791;141,0000000000000;237,00000000000000;Malvaceae;Theobroma_guianense;Theobroma;guianense;45,5
2;101792;132,5000000000000;239,00000000000000;Goupiaceae;Goupia_glabra;Goupia;glabra;114,5
2;101793;133,5000000000000;236,00000000000000;Goupiaceae;Goupia_glabra;Goupia;glabra;181,5
2;101794;137,0000000000000;231,00000000000000;Lecythidaceae;Lecythis_persistens;Lecythis;persistens subsp. aurantiaca;60
2;101795;136,0000000000000;230,00000000000000;Meliaceae;Carapa_surinamensis;Carapa;surinamensis;82,5
2;101797;138,0000000000000;227,00000000000000;Lecythidaceae;Lecythis_persistens;Lecythis;persistens subsp. aurantiaca;67
2;101798;135,5000000000000;225,50000000000000;Annonaceae;Guatteria_schomburgkiana;Guatteria;schomburgkiana;114
2;101800;136,0000000000000;222,00000000000000;Malvaceae;Pachira_dolichocalyx;Pachira;dolichocalyx;45
2;101801;138,0000000000000;224,00000000000000;Sapindaceae;Melicoccus_pedicellaris;Melicoccus;pedicellaris;41,5
2;101803;139,0000000000000;217,00000000000000;Sapotaceae;Pouteria_jariensis;Pouteria;jariensis;111,5
2;101804;140,0000000000000;212,00000000000000;Lecythidaceae;Lecythis_persistens;Lecythis;persistens subsp. aurantiaca;48
2;101805;133,0000000000000;216,50000000000000;Euphorbiaceae;Mabea_piriri;Mabea;piriri;66,5
2;101806;134,5000000000000;215,50000000000000;Cordiaceae;Cordia_sagotii;Cordia;sagotii;60
2;101807;134,0000000000000;212,00000000000000;Rubiaceae;Posoqueria_latifolia;Posoqueria;latifolia;43
2;101808;135,5000000000000;212,00000000000000;Lecythidaceae;Lecythis_persistens;Lecythis;persistens subsp. aurantiaca;56,5
2;101809;127,5000000000000;208,00000000000000;Arecaceae;Oenocarpus_bataua;Oenocarpus;bataua var. bataua;65
2;101810;139,0000000000000;209,50000000000000;Rubiaceae;Duroia_longiflora;Duroia;longiflora;51
2;101811;139,5000000000000;206,00000000000000;Lecythidaceae;Lecythis_persistens;Lecythis;persistens subsp. aurantiaca;38,5
2;101812;137,0000000000000;204,50000000000000;Lecythidaceae;Lecythis_persistens;Lecythis;persistens subsp. aurantiaca;54
2;101817;133,0000000000000;185,50000000000000;Lecythidaceae;Lecythis_persistens;Lecythis;persistens subsp. aurantiaca;53,5
2;101818;133,0000000000000;182,00000000000000;Lecythidaceae;Lecythis_persistens;Lecythis;persistens subsp. aurantiaca;40
2;101819;138,5000000000000;181,00000000000000;Fabaceae;Eperua_falcata;Eperua;falcata;185
2;101820;135,5000000000000;173,50000000000000;Bignoniaceae;Jacaranda_copaia;Jacaranda;copaia subsp. copaia;57,5
2;101821;140,0000000000000;166,00000000000000;Fabaceae;Recordoxylon_speciosum;Recordoxylon;speciosum;49,5
2;101822;134,5000000000000;167,00000000000000;Burseraceae;Protium_opacum;Protium;opacum subsp. rabelianum;68
2;101823;135,0000000000000;166,00000000000000;Lauraceae;Aniba_taubertiana;Aniba;taubertiana;47
2;101824;134,0000000000000;164,50000000000000;Moraceae;Brosimum_utile;Brosimum;utile;55
2;101825;133,5000000000000;164,50000000000000;Rubiaceae;Amaioua_guianensis;Amaioua;guianensis;38
2;101826;134,5000000000000;163,00000000000000;Lecythidaceae;Lecythis_persistens;Lecythis;persistens subsp. aurantiaca;45
2;101827;133,5000000000000;161,50000000000000;Fabaceae;Eperua_falcata;Eperua;falcata;138
2;101828;136,5000000000000;159,50000000000000;Clusiaceae;Tovomita_umbellata;Tovomita;umbellata;44
2;101829;138,5000000000000;154,00000000000000;Chrysobalanaceae;Licania_alba;Licania;alba;57
2;101830;132,0000000000000;158,50000000000000;Clusiaceae;Tovomita_umbellata;Tovomita;umbellata;61,5
2;101831;134,0000000000000;156,00000000000000;Sapotaceae;Pouteria_bangii;Pouteria;bangii;61,5
2;101832;132,5000000000000;155,00000000000000;Clusiaceae;Tovomita_umbellata;Tovomita;umbellata;51,5
2;101833;132,0000000000000;153,50000000000000;Sapotaceae;Micropholis_melinoniana;Micropholis;melinoniana;71,5
2;101836;137,0000000000000;147,00000000000000;Sapotaceae;Pradosia_cochlearia;Pradosia;cochlearia;87
2;101840;138,5000000000000;132,00000000000000;Lecythidaceae;Lecythis_persistens;Lecythis;persistens subsp. aurantiaca;46,5
2;101841;130,5000000000000;126,00000000000000;Fabaceae;Eperua_falcata;Eperua;falcata;137
2;101843;207,0000000000000;178,00000000000000;Fabaceae;Eperua_falcata;Eperua;falcata;86,5
2;101844;223,5000000000000;208,50000000000000;Fabaceae;Bocoa_prouacensis;Bocoa;prouacensis;45,5
2;101845;142,0000000000000;128,50000000000000;Burseraceae;Protium_opacum;Protium;opacum subsp. rabelianum;80
2;101846;144,0000000000000;130,00000000000000;Phyllanthaceae;Amanoa_guianensis;Amanoa;guianensis;159,25
2;101847;147,0000000000000;129,00000000000000;Lecythidaceae;Lecythis_persistens;Lecythis;persistens subsp. aurantiaca;67,5
2;101850;141,0000000000000;142,50000000000000;Clusiaceae;Tovomita_brevistaminea;Tovomita;brevistaminea;37,5
2;101851;142,5000000000000;146,50000000000000;Apocynaceae;Macoubea_guianensis;Macoubea;guianensis;120
2;101852;140,5000000000000;153,00000000000000;Combretaceae;Terminalia_grandis;Terminalia;grandis;119,75
2;101861;145,0000000000000;170,00000000000000;Fabaceae;Eperua_falcata;Eperua;falcata;113
2;101862;142,5000000000000;173,00000000000000;Goupiaceae;Goupia_glabra;Goupia;glabra;223
2;101863;141,0000000000000;172,00000000000000;Annonaceae;Anaxagorea_dolichocarpa;Anaxagorea;dolichocarpa;40,5
2;101864;141,5000000000000;177,00000000000000;Euphorbiaceae;Conceveiba_guianensis;Conceveiba;guianensis;61
2;101869;144,5000000000000;187,50000000000000;Lecythidaceae;Eschweilera_sagotiana;Eschweilera;sagotiana;69
2;101870;149,0000000000000;179,50000000000000;Fabaceae;Abarema_jupunba;Abarema;jupunba var. jupunba;147
2;101871;149,5000000000000;177,50000000000000;Fabaceae;Eperua_falcata;Eperua;falcata;112
2;101873;149,5000000000000;187,50000000000000;Lecythidaceae;Lecythis_persistens;Lecythis;persistens subsp. aurantiaca;49
2;101874;146,0000000000000;193,50000000000000;Annonaceae;Duguetia_calycina;Duguetia;calycina;43
2;101875;142,0000000000000;195,00000000000000;Fabaceae;Vouacapoua_americana;Vouacapoua;americana;198
2;101877;141,5000000000000;199,00000000000000;Sapotaceae;Pradosia_cochlearia;Pradosia;cochlearia;69
2;101882;149,5000000000000;198,00000000000000;Lecythidaceae;Couratari_multiflora;Couratari;multiflora;74
2;101883;150,5000000000000;203,00000000000000;Euphorbiaceae;Hevea_guianensis;Hevea;guianensis;101,5
2;101884;150,0000000000000;208,50000000000000;Fabaceae;Eperua_falcata;Eperua;falcata;198
2;101885;146,5000000000000;210,00000000000000;Euphorbiaceae;Mabea_piriri;Mabea;piriri;65,375
2;101886;147,0000000000000;210,00000000000000;Lecythidaceae;Lecythis_persistens;Lecythis;persistens subsp. aurantiaca;95
2;101887;145,0000000000000;214,50000000000000;Humiriaceae;Vantanea_parviflora;Vantanea;parviflora;97,5
2;101888;144,5000000000000;213,50000000000000;Myristicaceae;Iryanthera_sagotiana;Iryanthera;sagotiana;81
2;101889;141,0000000000000;218,50000000000000;Lecythidaceae;Eschweilera_sagotiana;Eschweilera;sagotiana;57
2;101890;142,5000000000000;221,50000000000000;Malvaceae;Pachira_dolichocalyx;Pachira;dolichocalyx;71
2;101891;144,0000000000000;223,00000000000000;Lecythidaceae;Couratari_multiflora;Couratari;multiflora;141,5
2;101892;146,0000000000000;219,50000000000000;Lecythidaceae;Lecythis_persistens;Lecythis;persistens subsp. aurantiaca;58,5
2;101893;151,0000000000000;216,50000000000000;Chrysobalanaceae;Licania_ovalifolia;Licania;ovalifolia;223,125
2;101894;150,5000000000000;222,50000000000000;Fabaceae;Dicorynia_guianensis;Dicorynia;guianensis;46,5
2;101895;151,0000000000000;228,00000000000000;Simaroubaceae;Homalolepis_cedron;Homalolepis;cedron;39
2;101896;150,5000000000000;228,50000000000000;Euphorbiaceae;Sandwithia_guyanensis;Sandwithia;guyanensis;35,5
2;101897;149,5000000000000;228,00000000000000;Humiriaceae;Sacoglottis_guianensis;Sacoglottis;guianensis;169
2;101898;143,0000000000000;225,50000000000000;Malvaceae;Pachira_dolichocalyx;Pachira;dolichocalyx;41,5
2;101899;145,0000000000000;229,00000000000000;Dichapetalaceae;Tapura_capitulifera;Tapura;capitulifera;88
2;101900;144,5000000000000;232,00000000000000;Fabaceae;Recordoxylon_speciosum;Recordoxylon;speciosum;185,5
2;101902;146,0000000000000;234,00000000000000;Lecythidaceae;Gustavia_hexapetala;Gustavia;hexapetala;71,5
2;101903;143,0000000000000;240,00000000000000;Fabaceae;Vouacapoua_americana;Vouacapoua;americana;94
2;101905;147,5000000000000;245,00000000000000;Meliaceae;Guarea_pubescens;Guarea;pubescens subsp. pubescens;75,5
2;101907;151,5000000000000;246,50000000000000;Chrysobalanaceae;Licania_alba;Licania;alba;79
2;101911;158,0000000000000;240,00000000000000;Fabaceae;Eperua_grandiflora;Eperua;grandiflora;91
2;101912;155,5000000000000;241,50000000000000;Sapotaceae;Micropholis_egensis;Micropholis;egensis;84,5
2;101913;157,5000000000000;238,00000000000000;Malvaceae;Sterculia_speciosa;Sterculia;speciosa;72,5
2;101914;151,5000000000000;237,50000000000000;Peraceae;Chaetocarpus_schomburgkianus;Chaetocarpus;schomburgkianus;92
2;101915;156,0000000000000;228,50000000000000;Chrysobalanaceae;Hymenopus_heteromorphus;Hymenopus;heteromorphus;80
2;101916;156,0000000000000;230,00000000000000;Fabaceae;Eperua_falcata;Eperua;falcata;134
2;101917;155,5000000000000;226,00000000000000;Malvaceae;Pachira_dolichocalyx;Pachira;dolichocalyx;46
2;101918;160,0000000000000;227,00000000000000;Lauraceae;Aniba_citrifolia;Aniba;citrifolia;34,5
2;101919;161,0000000000000;223,50000000000000;Fabaceae;Eperua_falcata;Eperua;falcata;46
2;101920;158,0000000000000;223,00000000000000;Chrysobalanaceae;Licania_ovalifolia;Licania;ovalifolia;48,5
2;101921;158,5000000000000;218,50000000000000;Fabaceae;Bocoa_prouacensis;Bocoa;prouacensis;106,5
2;101922;156,5000000000000;219,50000000000000;Fabaceae;Eperua_falcata;Eperua;falcata;121
2;101923;153,5000000000000;221,00000000000000;Myristicaceae;Iryanthera_hostmannii;Iryanthera;hostmannii;41,5
2;101925;153,0000000000000;216,50000000000000;Lecythidaceae;Couratari_multiflora;Couratari;multiflora;35
2;101926;155,5000000000000;213,00000000000000;Annonaceae;Oxandra_asbeckii;Oxandra;asbeckii;39,5
2;101927;158,5000000000000;207,00000000000000;Fabaceae;Bocoa_prouacensis;Bocoa;prouacensis;45,5
2;101928;158,0000000000000;207,00000000000000;Lauraceae;Ocotea_cinerea;Ocotea;cinerea;147
2;101929;157,0000000000000;206,00000000000000;Fabaceae;Vouacapoua_americana;Vouacapoua;americana;104
2;101930;152,5000000000000;210,00000000000000;Chrysobalanaceae;Couepia_caryophylloides;Couepia;caryophylloides;111,5
2;101932;154,0000000000000;198,00000000000000;Chrysobalanaceae;Licania_canescens;Licania;canescens;82
2;101933;152,5000000000000;193,50000000000000;Chrysobalanaceae;Licania_ovalifolia;Licania;ovalifolia;149,5
2;101936;154,0000000000000;188,50000000000000;Sapotaceae;Chrysophyllum_argenteum;Chrysophyllum;argenteum;59
2;101937;155,0000000000000;188,50000000000000;Chrysobalanaceae;Licania_alba;Licania;alba;80
2;101938;159,5000000000000;183,50000000000000;Fabaceae;Eperua_falcata;Eperua;falcata;108,5
2;101939;158,0000000000000;183,50000000000000;Myristicaceae;Iryanthera_sagotiana;Iryanthera;sagotiana;104
2;101940;158,0000000000000;178,00000000000000;Simaroubaceae;Homalolepis_cedron;Homalolepis;cedron;43,5
2;101944;153,0000000000000;177,50000000000000;Fabaceae;Bocoa_prouacensis;Bocoa;prouacensis;62,5
2;101946;160,0000000000000;170,00000000000000;Chrysobalanaceae;Licania_alba;Licania;alba;61
2;101948;153,5000000000000;169,50000000000000;Fabaceae;Eperua_falcata;Eperua;falcata;81,5
2;101950;151,5000000000000;170,50000000000000;Lecythidaceae;Lecythis_persistens;Lecythis;persistens subsp. aurantiaca;60
2;101952;157,0000000000000;164,50000000000000;Lecythidaceae;Lecythis_persistens;Lecythis;persistens subsp. aurantiaca;68,5
2;101953;158,5000000000000;164,50000000000000;Malvaceae;Catostemma_fragrans;Catostemma;fragrans;47,5
2;101954;159,5000000000000;157,00000000000000;Chrysobalanaceae;Licania_alba;Licania;alba;139,5
2;101955;159,5000000000000;154,50000000000000;Simaroubaceae;Simaba_polyphylla;Simaba;polyphylla;37,5
2;101956;156,5000000000000;154,50000000000000;Rubiaceae;Coussarea_machadoana;Coussarea;machadoana;49
2;101960;157,5000000000000;139,00000000000000;Myristicaceae;Iryanthera_sagotiana;Iryanthera;sagotiana;68,5
2;101961;159,5000000000000;134,00000000000000;Fabaceae;Eperua_falcata;Eperua;falcata;127,5
2;101964;155,0000000000000;130,50000000000000;Lecythidaceae;Lecythis_persistens;Lecythis;persistens subsp. aurantiaca;90,5
2;101966;164,0000000000000;130,00000000000000;Fabaceae;Abarema_jupunba;Abarema;jupunba var. jupunba;142
2;101967;164,0000000000000;132,00000000000000;Chrysobalanaceae;Licania_alba;Licania;alba;66
2;101968;166,5000000000000;126,00000000000000;Lecythidaceae;Eschweilera_sagotiana;Eschweilera;sagotiana;74,5
2;101970;166,0000000000000;141,00000000000000;Lecythidaceae;Lecythis_persistens;Lecythis;persistens subsp. aurantiaca;53
2;101971;168,5000000000000;141,50000000000000;Fabaceae;Eperua_falcata;Eperua;falcata;111
2;101972;172,0000000000000;146,00000000000000;Fabaceae;Eperua_falcata;Eperua;falcata;71,5
2;101974;172,5000000000000;151,50000000000000;Lecythidaceae;Lecythis_persistens;Lecythis;persistens subsp. aurantiaca;46
2;101975;169,0000000000000;152,50000000000000;Fabaceae;Eperua_falcata;Eperua;falcata;202
2;101976;169,0000000000000;152,00000000000000;Sapindaceae;Talisia_praealta;Talisia;praealta;93
2;101978;163,5000000000000;154,00000000000000;Clusiaceae;Symphonia_sp.1;Symphonia;sp.1;88,5
2;101981;161,0000000000000;165,00000000000000;Lecythidaceae;Lecythis_persistens;Lecythis;persistens subsp. aurantiaca;45
2;101983;170,5000000000000;157,00000000000000;Chrysobalanaceae;Licania_membranacea;Licania;membranacea;74
2;101984;170,0000000000000;161,00000000000000;Dichapetalaceae;Tapura_capitulifera;Tapura;capitulifera;62,5
2;101985;173,5000000000000;164,00000000000000;Sapotaceae;Chrysophyllum_prieurii;Chrysophyllum;prieurii;105,5
2;101986;172,5000000000000;169,00000000000000;Peraceae;Chaetocarpus_schomburgkianus;Chaetocarpus;schomburgkianus;96
2;101989;166,0000000000000;169,00000000000000;Lecythidaceae;Lecythis_persistens;Lecythis;persistens subsp. aurantiaca;47,5
2;101990;166,0000000000000;169,50000000000000;Rubiaceae;Coussarea_machadoana;Coussarea;machadoana;58
2;101994;170,0000000000000;174,00000000000000;Rubiaceae;Duroia_longiflora;Duroia;longiflora;166,5
2;101995;173,5000000000000;175,50000000000000;Rubiaceae;Duroia_longiflora;Duroia;longiflora;81,5
2;101996;174,0000000000000;176,50000000000000;Lecythidaceae;Eschweilera_coriacea;Eschweilera;coriacea;124,5
2;101998;171,5000000000000;181,50000000000000;Lecythidaceae;Eschweilera_coriacea;Eschweilera;coriacea;218
2;101999;170,5000000000000;187,50000000000000;Fabaceae;Bocoa_prouacensis;Bocoa;prouacensis;47,5
2;102000;170,0000000000000;184,00000000000000;Fabaceae;Eperua_falcata;Eperua;falcata;167,25
2;102001;169,0000000000000;183,00000000000000;Lecythidaceae;Lecythis_persistens;Lecythis;persistens subsp. aurantiaca;40,5
2;102002;164,0000000000000;182,00000000000000;Fabaceae;Dicorynia_guianensis;Dicorynia;guianensis;62,5
2;102003;164,0000000000000;178,50000000000000;Lecythidaceae;Lecythis_persistens;Lecythis;persistens subsp. aurantiaca;92
2;102005;161,0000000000000;190,00000000000000;Fabaceae;Eperua_falcata;Eperua;falcata;211
2;102007;170,0000000000000;194,00000000000000;Fabaceae;Tachigali_melinonii;Tachigali;melinonii;195
2;102008;170,0000000000000;194,00000000000000;Meliaceae;Carapa_surinamensis;Carapa;surinamensis;71
2;102011;163,5000000000000;197,50000000000000;Fabaceae;Inga_alba;Inga;alba;109
2;102013;168,5000000000000;201,00000000000000;Dichapetalaceae;Tapura_capitulifera;Tapura;capitulifera;51
2;102014;170,0000000000000;199,50000000000000;Siparunaceae;Siparuna_decipiens;Siparuna;decipiens;45,5
2;102015;171,0000000000000;206,50000000000000;Malvaceae;Pachira_dolichocalyx;Pachira;dolichocalyx;160
2;102016;171,0000000000000;208,50000000000000;Fabaceae;Bocoa_prouacensis;Bocoa;prouacensis;41
2;102018;162,5000000000000;205,00000000000000;Fabaceae;Vouacapoua_americana;Vouacapoua;americana;87
2;102021;164,5000000000000;210,00000000000000;Clusiaceae;Tovomita_sp.22-CAY;Tovomita;sp.22-CAY;50
2;102022;168,0000000000000;210,00000000000000;Chrysobalanaceae;Hymenopus_heteromorphus;Hymenopus;heteromorphus;60,5
2;102023;168,5000000000000;214,00000000000000;Elaeocarpaceae;Sloanea_sp.4-CAY;Sloanea;sp.4-CAY;57
2;102024;168,5000000000000;214,00000000000000;Fabaceae;Eperua_falcata;Eperua;falcata;192,5
2;102025;165,5000000000000;221,00000000000000;Sapotaceae;Pouteria_eugeniifolia;Pouteria;eugeniifolia;100
2;102028;165,0000000000000;228,00000000000000;Peraceae;Chaetocarpus_sp.1-CAY;Chaetocarpus;sp.1-CAY;142,5
2;102029;169,0000000000000;222,00000000000000;Peraceae;Pogonophora_schomburgkiana;Pogonophora;schomburgkiana;41,5
2;102030;171,0000000000000;223,00000000000000;Lecythidaceae;Eschweilera_decolorans;Eschweilera;decolorans;122,5
2;102032;170,0000000000000;232,00000000000000;Chrysobalanaceae;Parinari_montana;Parinari;montana;150
2;102033;167,5000000000000;230,00000000000000;Fabaceae;Eperua_falcata;Eperua;falcata;142
2;102035;167,5000000000000;234,50000000000000;Fabaceae;Vouacapoua_americana;Vouacapoua;americana;126
2;102037;163,0000000000000;239,50000000000000;Peraceae;Pogonophora_schomburgkiana;Pogonophora;schomburgkiana;40
2;102038;162,0000000000000;241,50000000000000;Fabaceae;Eperua_grandiflora;Eperua;grandiflora;149
2;102040;167,5000000000000;250,00000000000000;Chrysobalanaceae;Licania_alba;Licania;alba;81,5
2;102043;175,5000000000000;249,00000000000000;Fabaceae;Vouacapoua_americana;Vouacapoua;americana;141,5
2;102045;180,0000000000000;249,00000000000000;Siparunaceae;Siparuna_decipiens;Siparuna;decipiens;45
2;102046;182,5000000000000;246,50000000000000;Euphorbiaceae;Sandwithia_guyanensis;Sandwithia;guyanensis;42,5
2;102047;178,5000000000000;246,50000000000000;Sapotaceae;Pouteria_bilocularis;Pouteria;bilocularis;113
2;102055;173,0000000000000;231,50000000000000;Annonaceae;Oxandra_asbeckii;Oxandra;asbeckii;42
2;102056;172,0000000000000;228,50000000000000;Lecythidaceae;Eschweilera_sagotiana;Eschweilera;sagotiana;54,5
2;102058;179,0000000000000;226,50000000000000;Clusiaceae;Tovomita_sp.5-CAY;Tovomita;sp.5-CAY;39
2;102059;179,0000000000000;226,50000000000000;Chrysobalanaceae;Licania_canescens;Licania;canescens;88
2;102060;181,0000000000000;221,00000000000000;Peraceae;Pogonophora_schomburgkiana;Pogonophora;schomburgkiana;68
2;102061;178,5000000000000;220,50000000000000;Fabaceae;Vouacapoua_americana;Vouacapoua;americana;146,375
2;102062;172,5000000000000;219,00000000000000;Lecythidaceae;Eschweilera_sagotiana;Eschweilera;sagotiana;109
2;102065;179,0000000000000;215,00000000000000;Lecythidaceae;Eschweilera_sagotiana;Eschweilera;sagotiana;142,375
2;102066;179,0000000000000;215,00000000000000;Dichapetalaceae;Tapura_capitulifera;Tapura;capitulifera;37
2;102067;181,5000000000000;216,00000000000000;Annonaceae;Oxandra_asbeckii;Oxandra;asbeckii;44
2;102069;180,0000000000000;210,50000000000000;Moraceae;Perebea_guianensis;Perebea;guianensis;54
2;102070;177,5000000000000;210,00000000000000;Euphorbiaceae;Sandwithia_guyanensis;Sandwithia;guyanensis;38
2;102073;172,5000000000000;210,00000000000000;Chrysobalanaceae;Licania_canescens;Licania;canescens;59
2;102075;172,5000000000000;204,00000000000000;Fabaceae;Vouacapoua_americana;Vouacapoua;americana;150
2;102076;173,0000000000000;200,50000000000000;Euphorbiaceae;Sandwithia_guyanensis;Sandwithia;guyanensis;35
2;102077;179,5000000000000;203,00000000000000;Fabaceae;Eperua_falcata;Eperua;falcata;99,625
2;102078;180,0000000000000;200,00000000000000;Fabaceae;Eperua_grandiflora;Eperua;grandiflora;140,5
2;102081;181,5000000000000;189,00000000000000;Fabaceae;Bocoa_prouacensis;Bocoa;prouacensis;72
2;102082;180,0000000000000;188,50000000000000;Fabaceae;Eperua_grandiflora;Eperua;grandiflora;172,5
2;102083;174,5000000000000;190,50000000000000;Chrysobalanaceae;Licania_canescens;Licania;canescens;71
2;102085;177,0000000000000;186,00000000000000;Annonaceae;Oxandra_asbeckii;Oxandra;asbeckii;44
2;102086;175,5000000000000;181,50000000000000;Lauraceae;Sextonia_rubra;Sextonia;rubra;290
2;102087;179,5000000000000;181,50000000000000;Lecythidaceae;Couratari_multiflora;Couratari;multiflora;56,5
2;102088;181,5000000000000;186,00000000000000;Peraceae;Pogonophora_schomburgkiana;Pogonophora;schomburgkiana;51
2;102089;181,0000000000000;187,00000000000000;Lauraceae;Endlicheria_melinonii;Endlicheria;melinonii;87,5
2;102090;178,0000000000000;179,50000000000000;Fabaceae;Eperua_falcata;Eperua;falcata;70
2;102091;179,5000000000000;175,00000000000000;Fabaceae;Eperua_falcata;Eperua;falcata;144
2;102092;180,5000000000000;175,00000000000000;Humiriaceae;Humiriastrum_subcrenatum;Humiriastrum;subcrenatum;188,5
2;102093;176,5000000000000;173,50000000000000;Fabaceae;Vouacapoua_americana;Vouacapoua;americana;90,875
2;102094;176,0000000000000;171,50000000000000;Lecythidaceae;Gustavia_hexapetala;Gustavia;hexapetala;46,5
2;102095;174,5000000000000;170,00000000000000;Burseraceae;Dacryodes_nitens;Dacryodes;nitens;41
2;102096;175,5000000000000;167,50000000000000;Malvaceae;Pachira_dolichocalyx;Pachira;dolichocalyx;63
2;102097;176,5000000000000;167,50000000000000;Lecythidaceae;Eschweilera_decolorans;Eschweilera;decolorans;67,5
2;102098;179,5000000000000;167,50000000000000;Rubiaceae;Coussarea_machadoana;Coussarea;machadoana;39,5
2;102099;178,0000000000000;161,50000000000000;Fabaceae;Eperua_falcata;Eperua;falcata;181,5
2;102100;175,0000000000000;150,00000000000000;Chrysobalanaceae;Couepia_caryophylloides;Couepia;caryophylloides;61
2;102102;177,0000000000000;144,50000000000000;Peraceae;Chaetocarpus_schomburgkianus;Chaetocarpus;schomburgkianus;146
2;102104;181,0000000000000;139,00000000000000;Sapotaceae;Pouteria_ambelaniifolia;Pouteria;ambelaniifolia;112,5
2;102109;175,5000000000000;131,50000000000000;Lecythidaceae;Lecythis_persistens;Lecythis;persistens subsp. aurantiaca;63
2;102110;174,0000000000000;128,50000000000000;Euphorbiaceae;Hevea_guianensis;Hevea;guianensis;63
2;102111;186,0000000000000;128,50000000000000;Fabaceae;Vouacapoua_americana;Vouacapoua;americana;132,75
2;102112;186,0000000000000;133,00000000000000;Clusiaceae;Symphonia_sp.1;Symphonia;sp.1;107
2;102113;184,5000000000000;136,00000000000000;Fabaceae;Bocoa_prouacensis;Bocoa;prouacensis;52
2;102114;186,5000000000000;139,00000000000000;Euphorbiaceae;Hevea_guianensis;Hevea;guianensis;115
2;102115;182,5000000000000;141,00000000000000;Sapotaceae;Chrysophyllum_prieurii;Chrysophyllum;prieurii;165
2;102117;181,5000000000000;144,00000000000000;Lecythidaceae;Eschweilera_congestiflora;Eschweilera;congestiflora;52,5
2;102119;183,5000000000000;147,00000000000000;Clusiaceae;Platonia_insignis;Platonia;insignis;128,5
2;102120;193,0000000000000;140,00000000000000;Lecythidaceae;Lecythis_persistens;Lecythis;persistens subsp. aurantiaca;52
2;102121;190,0000000000000;144,00000000000000;Lecythidaceae;Lecythis_persistens;Lecythis;persistens subsp. aurantiaca;45
2;102122;189,5000000000000;150,00000000000000;Fabaceae;Eperua_grandiflora;Eperua;grandiflora;51,5
2;102123;192,0000000000000;154,00000000000000;Lecythidaceae;Eschweilera_decolorans;Eschweilera;decolorans;49
2;102124;187,0000000000000;150,00000000000000;Anacardiaceae;Thyrsodium_guianense;Thyrsodium;guianense;62
2;102125;185,0000000000000;153,00000000000000;Lecythidaceae;Lecythis_persistens;Lecythis;persistens subsp. aurantiaca;41
2;102126;184,0000000000000;153,50000000000000;Lecythidaceae;Eschweilera_sagotiana;Eschweilera;sagotiana;61
2;102127;182,0000000000000;154,00000000000000;Fabaceae;Vouacapoua_americana;Vouacapoua;americana;181
2;102129;187,0000000000000;158,00000000000000;Lecythidaceae;Lecythis_persistens;Lecythis;persistens subsp. aurantiaca;44,5
2;102130;187,0000000000000;158,00000000000000;Myristicaceae;Iryanthera_sagotiana;Iryanthera;sagotiana;62,5
2;102131;192,5000000000000;161,50000000000000;Dichapetalaceae;Tapura_capitulifera;Tapura;capitulifera;40,5
2;102132;190,0000000000000;162,50000000000000;Peraceae;Chaetocarpus_schomburgkianus;Chaetocarpus;schomburgkianus;69,5
2;102133;187,0000000000000;163,50000000000000;Annonaceae;Oxandra_asbeckii;Oxandra;asbeckii;39
2;102134;185,5000000000000;165,00000000000000;Peraceae;Pogonophora_schomburgkiana;Pogonophora;schomburgkiana;73
2;102135;186,0000000000000;166,00000000000000;Fabaceae;Bocoa_prouacensis;Bocoa;prouacensis;90
2;102136;185,5000000000000;166,50000000000000;Sapotaceae;Micropholis_obscura;Micropholis;obscura;35
2;102137;190,0000000000000;169,50000000000000;Peraceae;Pogonophora_schomburgkiana;Pogonophora;schomburgkiana;46,5
2;102138;190,0000000000000;170,00000000000000;Sapindaceae;Talisia_hexaphylla;Talisia;hexaphylla;38
2;102140;186,5000000000000;170,00000000000000;Peraceae;Pogonophora_schomburgkiana;Pogonophora;schomburgkiana;41,5
2;102141;182,5000000000000;170,00000000000000;Apocynaceae;Rauvolfia_paraensis;Rauvolfia;paraensis;55
2;102143;190,0000000000000;185,50000000000000;Caryocaraceae;Caryocar_glabrum;Caryocar;glabrum;200
2;102144;188,0000000000000;190,00000000000000;Fabaceae;Vouacapoua_americana;Vouacapoua;americana;132,5
2;102145;188,0000000000000;190,00000000000000;Peraceae;Chaetocarpus_schomburgkianus;Chaetocarpus;schomburgkianus;39
2;102147;190,0000000000000;200,00000000000000;Lecythidaceae;Eschweilera_decolorans;Eschweilera;decolorans;47
2;102149;184,5000000000000;198,50000000000000;Euphorbiaceae;Sandwithia_guyanensis;Sandwithia;guyanensis;35,5
2;102150;184,5000000000000;198,50000000000000;Lecythidaceae;Eschweilera_sagotiana;Eschweilera;sagotiana;160
2;102151;185,5000000000000;203,50000000000000;Chrysobalanaceae;Hymenopus_heteromorphus;Hymenopus;heteromorphus;46,5
2;102152;187,5000000000000;205,50000000000000;Annonaceae;Oxandra_asbeckii;Oxandra;asbeckii;40
2;102153;182,5000000000000;208,50000000000000;Malvaceae;Pachira_dolichocalyx;Pachira;dolichocalyx;66,5
2;102154;190,0000000000000;207,50000000000000;Lecythidaceae;Eschweilera_sagotiana;Eschweilera;sagotiana;127,5
2;102155;186,5000000000000;217,00000000000000;Lecythidaceae;Eschweilera_sagotiana;Eschweilera;sagotiana;117
2;102157;183,0000000000000;226,50000000000000;Annonaceae;Oxandra_asbeckii;Oxandra;asbeckii;36
2;102158;184,5000000000000;228,00000000000000;Myristicaceae;Iryanthera_sagotiana;Iryanthera;sagotiana;73,5
2;102159;190,0000000000000;229,50000000000000;Clusiaceae;Tovomita_sp.5-CAY;Tovomita;sp.5-CAY;38,5
2;102161;185,5000000000000;233,00000000000000;Fabaceae;Vouacapoua_americana;Vouacapoua;americana;120
2;102162;182,0000000000000;233,00000000000000;Burseraceae;Protium_surinamense;Protium;surinamense;92,5
2;102163;182,5000000000000;234,50000000000000;Sapotaceae;Pradosia_cochlearia;Pradosia;cochlearia;72,5
2;102167;189,0000000000000;244,00000000000000;Fabaceae;Vouacapoua_americana;Vouacapoua;americana;55,5
2;102168;187,0000000000000;245,50000000000000;Fabaceae;Eperua_grandiflora;Eperua;grandiflora;70,5
2;102170;184,0000000000000;246,00000000000000;Chrysobalanaceae;Hymenopus_heteromorphus;Hymenopus;heteromorphus;61
2;102171;184,0000000000000;247,00000000000000;Fabaceae;Eperua_falcata;Eperua;falcata;130,5
2;102173;187,0000000000000;250,00000000000000;Myristicaceae;Iryanthera_sagotiana;Iryanthera;sagotiana;55,5
2;102174;191,5000000000000;249,50000000000000;Lecythidaceae;Lecythis_persistens;Lecythis;persistens subsp. aurantiaca;69
2;102175;200,0000000000000;250,00000000000000;Clusiaceae;Tovomita_obovata;Tovomita;obovata;60
2;102176;199,0000000000000;249,00000000000000;Lauraceae;Licaria_cannella;Licaria;cannella;43
2;102177;194,0000000000000;246,00000000000000;Chrysobalanaceae;Couepia_caryophylloides;Couepia;caryophylloides;173
2;102178;195,0000000000000;243,00000000000000;Fabaceae;Limadendron_hostmannii;Limadendron;hostmannii;41
2;102183;194,0000000000000;231,50000000000000;Moraceae;Brosimum_guianense;Brosimum;guianense;47,5
2;102184;195,0000000000000;233,00000000000000;Peraceae;Pogonophora_schomburgkiana;Pogonophora;schomburgkiana;54
2;102185;195,5000000000000;230,50000000000000;Lecythidaceae;Lecythis_persistens;Lecythis;persistens subsp. aurantiaca;42,5
2;102186;196,0000000000000;230,00000000000000;Lauraceae;Aniba_williamsii;Aniba;williamsii;61
2;102187;196,5000000000000;227,50000000000000;Clusiaceae;Moronobea_coccinea;Moronobea;coccinea;65
2;102190;197,5000000000000;221,00000000000000;Fabaceae;Recordoxylon_speciosum;Recordoxylon;speciosum;182,5
2;102191;197,0000000000000;220,50000000000000;Sapotaceae;Micropholis_egensis;Micropholis;egensis;42
2;102192;194,5000000000000;222,50000000000000;Peraceae;Pogonophora_schomburgkiana;Pogonophora;schomburgkiana;45
2;102194;192,5000000000000;220,00000000000000;Putranjivaceae;Drypetes_variabilis;Drypetes;variabilis;101
2;102195;195,0000000000000;218,00000000000000;Fabaceae;Andira_coriacea;Andira;coriacea;64
2;102196;197,0000000000000;213,00000000000000;Celastraceae;Maytenus_oblongata;Maytenus;oblongata;63
2;102197;194,5000000000000;211,00000000000000;Goupiaceae;Goupia_glabra;Goupia;glabra;49
2;102198;195,0000000000000;209,50000000000000;Fabaceae;Vouacapoua_americana;Vouacapoua;americana;40
2;102199;198,0000000000000;210,00000000000000;Peraceae;Chaetocarpus_schomburgkianus;Chaetocarpus;schomburgkianus;66
2;102200;196,0000000000000;206,00000000000000;Lecythidaceae;Lecythis_persistens;Lecythis;persistens subsp. aurantiaca;37
2;102201;195,0000000000000;206,50000000000000;Caryocaraceae;Caryocar_glabrum;Caryocar;glabrum;153
2;102202;191,5000000000000;208,00000000000000;Fabaceae;Eperua_grandiflora;Eperua;grandiflora;148
2;102203;192,0000000000000;206,00000000000000;Moraceae;Brosimum_utile;Brosimum;utile;44,5
2;102204;196,0000000000000;204,00000000000000;Dichapetalaceae;Tapura_capitulifera;Tapura;capitulifera;62
2;102205;197,0000000000000;202,50000000000000;Clusiaceae;Tovomita_caloneura;Tovomita;caloneura;48
2;102207;191,5000000000000;196,50000000000000;Fabaceae;Eperua_grandiflora;Eperua;grandiflora;215
2;102208;193,5000000000000;192,50000000000000;Myrtaceae;Myrcia_fallax;Myrcia;fallax;47
2;102210;197,5000000000000;190,50000000000000;Lecythidaceae;Eschweilera_decolorans;Eschweilera;decolorans;200
2;102211;197,0000000000000;187,50000000000000;Peraceae;Pogonophora_schomburgkiana;Pogonophora;schomburgkiana;75,5
2;102212;198,0000000000000;183,50000000000000;Chrysobalanaceae;Hirtella_bicornis;Hirtella;bicornis var. bicornis;85,5
2;102213;192,5000000000000;185,00000000000000;Annonaceae;Oxandra_asbeckii;Oxandra;asbeckii;46,5
2;102215;196,0000000000000;181,50000000000000;Peraceae;Pogonophora_schomburgkiana;Pogonophora;schomburgkiana;47
2;102216;197,0000000000000;174,50000000000000;Burseraceae;Protium_opacum;Protium;opacum subsp. rabelianum;72
2;102218;196,5000000000000;172,50000000000000;Anacardiaceae;Thyrsodium_guianense;Thyrsodium;guianense;45,5
2;102219;197,0000000000000;168,50000000000000;Sapotaceae;Chrysophyllum_pomiferum;Chrysophyllum;pomiferum;88,5
2;102220;200,5000000000000;168,00000000000000;Fabaceae;Eperua_falcata;Eperua;falcata;56
2;102223;194,0000000000000;171,50000000000000;Fabaceae;Eperua_falcata;Eperua;falcata;206
2;102227;194,5000000000000;162,50000000000000;Fabaceae;Bocoa_prouacensis;Bocoa;prouacensis;82
2;102228;193,0000000000000;161,00000000000000;Malvaceae;Pachira_dolichocalyx;Pachira;dolichocalyx;39
2;102229;195,0000000000000;162,50000000000000;Sapotaceae;Pradosia_cochlearia;Pradosia;cochlearia;48,5
2;102230;200,5000000000000;162,50000000000000;Linaceae;Hebepetalum_humiriifolium;Hebepetalum;humiriifolium;116,5
2;102231;200,0000000000000;154,50000000000000;Annonaceae;Oxandra_asbeckii;Oxandra;asbeckii;42,5
2;102233;197,0000000000000;153,00000000000000;Sapotaceae;Pradosia_cochlearia;Pradosia;cochlearia;98,375
2;102234;195,0000000000000;152,00000000000000;Sapotaceae;Pouteria_bilocularis;Pouteria;bilocularis;70
2;102235;199,5000000000000;151,00000000000000;Fabaceae;Bocoa_prouacensis;Bocoa;prouacensis;43,5
2;102236;200,0000000000000;150,00000000000000;Malvaceae;Sterculia_pruriens;Sterculia;pruriens;160
2;102237;196,0000000000000;148,00000000000000;Fabaceae;Vouacapoua_americana;Vouacapoua;americana;118
2;102238;193,0000000000000;146,00000000000000;Lecythidaceae;Eschweilera_decolorans;Eschweilera;decolorans;222
2;102239;193,0000000000000;143,00000000000000;Lecythidaceae;Eschweilera_sagotiana;Eschweilera;sagotiana;96
2;102240;193,0000000000000;139,00000000000000;Lecythidaceae;Eschweilera_sagotiana;Eschweilera;sagotiana;89,5
2;102241;193,0000000000000;133,00000000000000;Moraceae;Brosimum_rubescens;Brosimum;rubescens;61
2;102243;194,0000000000000;128,50000000000000;Sapotaceae;Micropholis_melinoniana;Micropholis;melinoniana;131,5
2;102244;197,0000000000000;127,00000000000000;Chrysobalanaceae;Licania_alba;Licania;alba;85
2;102245;197,0000000000000;130,00000000000000;Fabaceae;Vouacapoua_americana;Vouacapoua;americana;164
2;102246;174,0000000000000;196,50000000000000;Celastraceae;Maytenus_oblongata;Maytenus;oblongata;46
2;102247;204,0000000000000;126,00000000000000;Sapotaceae;Pradosia_cochlearia;Pradosia;cochlearia;137,5833333
2;102248;201,5000000000000;129,50000000000000;Lecythidaceae;Lecythis_persistens;Lecythis;persistens subsp. aurantiaca;50
2;102249;202,0000000000000;133,50000000000000;Fabaceae;Eperua_falcata;Eperua;falcata;299,5
2;102250;204,0000000000000;134,00000000000000;Olacaceae;Minquartia_guianensis;Minquartia;guianensis;48
2;102251;204,0000000000000;136,50000000000000;Lecythidaceae;Eschweilera_sagotiana;Eschweilera;sagotiana;144,5
2;102252;207,5000000000000;132,00000000000000;Sapotaceae;Pouteria_gonggrijpii;Pouteria;gonggrijpii;56
2;102254;206,5000000000000;139,00000000000000;Clusiaceae;Symphonia_sp.1;Symphonia;sp.1;76
2;102255;208,0000000000000;140,50000000000000;Humiriaceae;Humiriastrum_subcrenatum;Humiriastrum;subcrenatum;149,5
2;102257;209,0000000000000;147,00000000000000;Fabaceae;Eperua_falcata;Eperua;falcata;129,5
2;102259;206,5000000000000;153,50000000000000;Euphorbiaceae;Sandwithia_guyanensis;Sandwithia;guyanensis;54
2;102260;209,0000000000000;155,50000000000000;Malvaceae;Apeiba_glabra;Apeiba;glabra;63
2;102262;204,0000000000000;158,00000000000000;Euphorbiaceae;Sandwithia_guyanensis;Sandwithia;guyanensis;33,5
2;102263;210,5000000000000;164,00000000000000;Fabaceae;Vouacapoua_americana;Vouacapoua;americana;60
2;102264;209,0000000000000;163,50000000000000;Fabaceae;Eperua_falcata;Eperua;falcata;138
2;102265;206,5000000000000;168,50000000000000;Burseraceae;Dacryodes_nitens;Dacryodes;nitens;42
2;102267;201,5000000000000;173,00000000000000;Fabaceae;Bocoa_prouacensis;Bocoa;prouacensis;97,5
2;102269;208,0000000000000;173,00000000000000;Euphorbiaceae;Sandwithia_guyanensis;Sandwithia;guyanensis;44
2;102271;204,5000000000000;184,00000000000000;Meliaceae;Carapa_surinamensis;Carapa;surinamensis;111
2;102272;200,5000000000000;184,00000000000000;Sapotaceae;Pouteria_melanopoda;Pouteria;melanopoda;54
2;102273;209,0000000000000;187,00000000000000;Fabaceae;Eperua_falcata;Eperua;falcata;150
2;102275;207,0000000000000;187,00000000000000;Fabaceae;Bocoa_prouacensis;Bocoa;prouacensis;149,5
2;102280;206,5000000000000;197,00000000000000;Sapotaceae;Pouteria_singularis;Pouteria;singularis;39,5
2;102281;205,5000000000000;197,50000000000000;Melastomataceae;Votomita_guianensis;Votomita;guianensis;34,5
2;102282;199,5000000000000;196,50000000000000;Burseraceae;Protium_subserratum;Protium;subserratum;45
2;102283;200,5000000000000;197,50000000000000;Lecythidaceae;Eschweilera_sagotiana;Eschweilera;sagotiana;140
2;102285;206,5000000000000;199,00000000000000;Sapindaceae;Talisia_hexaphylla;Talisia;hexaphylla;34,5
2;102286;209,0000000000000;201,00000000000000;Sapotaceae;Pradosia_cochlearia;Pradosia;cochlearia;75,5
2;102288;205,0000000000000;201,00000000000000;Putranjivaceae;Drypetes_variabilis;Drypetes;variabilis;134
2;102289;200,5000000000000;206,00000000000000;Moraceae;Brosimum_rubescens;Brosimum;rubescens;121,5
2;102291;203,0000000000000;208,50000000000000;Annonaceae;Oxandra_asbeckii;Oxandra;asbeckii;44
2;102292;203,0000000000000;208,50000000000000;Chrysobalanaceae;Licania_membranacea;Licania;membranacea;38
2;102293;208,5000000000000;209,50000000000000;Lecythidaceae;Eschweilera_sagotiana;Eschweilera;sagotiana;118
2;102294;207,0000000000000;212,50000000000000;Chrysobalanaceae;Couepia_caryophylloides;Couepia;caryophylloides;91
2;102296;207,0000000000000;219,00000000000000;Olacaceae;Heisteria_densifrons;Heisteria;densifrons;35
2;102297;200,5000000000000;217,50000000000000;Fabaceae;Limadendron_hostmannii;Limadendron;hostmannii;52
2;102298;201,0000000000000;218,50000000000000;Malpighiaceae;Byrsonima_aerugo;Byrsonima;aerugo;96,5
2;102300;204,0000000000000;221,00000000000000;Lecythidaceae;Lecythis_poiteaui;Lecythis;poiteaui;84
2;102301;204,0000000000000;224,50000000000000;Sapindaceae;Talisia_hexaphylla;Talisia;hexaphylla;64
2;102302;205,0000000000000;227,00000000000000;Clusiaceae;Tovomita_fanshawei;Tovomita;fanshawei;54,5
2;102303;205,0000000000000;228,50000000000000;Linaceae;Hebepetalum_humiriifolium;Hebepetalum;humiriifolium;87,5
2;102305;206,0000000000000;231,00000000000000;Fabaceae;Eperua_falcata;Eperua;falcata;95
2;102311;202,5000000000000;238,00000000000000;Annonaceae;Xylopia_nitida;Xylopia;nitida;87
2;102313;210,0000000000000;238,50000000000000;Vochysiaceae;Ruizterania_albiflora;Ruizterania;albiflora;201,125
2;102314;208,0000000000000;239,00000000000000;Fabaceae;Eperua_falcata;Eperua;falcata;152
2;102315;207,0000000000000;242,50000000000000;Bignoniaceae;Jacaranda_copaia;Jacaranda;copaia subsp. copaia;68
2;102316;202,0000000000000;245,00000000000000;Euphorbiaceae;Sandwithia_guyanensis;Sandwithia;guyanensis;49
2;102317;202,0000000000000;245,50000000000000;Fabaceae;Bocoa_prouacensis;Bocoa;prouacensis;73,5
2;102318;205,0000000000000;208,50000000000000;Euphorbiaceae;Sandwithia_guyanensis;Sandwithia;guyanensis;38,5
2;102321;212,5000000000000;244,00000000000000;Chrysobalanaceae;Licania_alba;Licania;alba;66,5
2;102322;220,0000000000000;250,00000000000000;Fabaceae;Dicorynia_guianensis;Dicorynia;guianensis;185
2;102326;217,5000000000000;238,00000000000000;Chrysobalanaceae;Couepia_caryophylloides;Couepia;caryophylloides;107
2;102329;212,5000000000000;236,00000000000000;Myristicaceae;Iryanthera_hostmannii;Iryanthera;hostmannii;81
2;102330;213,0000000000000;234,00000000000000;Chrysobalanaceae;Licania_alba;Licania;alba;117,5
2;102331;221,5000000000000;233,50000000000000;Malvaceae;Sterculia_pruriens;Sterculia;pruriens;53
2;102332;218,5000000000000;234,50000000000000;Fabaceae;Eperua_falcata;Eperua;falcata;38
2;102333;218,0000000000000;234,00000000000000;Sapotaceae;Pouteria_ambelaniifolia;Pouteria;ambelaniifolia;86
2;102334;220,0000000000000;232,00000000000000;Fabaceae;Eperua_falcata;Eperua;falcata;194
2;102337;211,0000000000000;231,50000000000000;Clusiaceae;Moronobea_coccinea;Moronobea;coccinea;111
2;102338;212,5000000000000;230,00000000000000;Fabaceae;Vouacapoua_americana;Vouacapoua;americana;52
2;102339;211,5000000000000;224,50000000000000;Sapotaceae;Chrysophyllum_cuneifolium;Chrysophyllum;cuneifolium;58
2;102340;217,0000000000000;227,00000000000000;Peraceae;Pogonophora_schomburgkiana;Pogonophora;schomburgkiana;44,5
2;102341;218,0000000000000;221,50000000000000;Fabaceae;Eperua_falcata;Eperua;falcata;176,5
2;102342;218,5000000000000;218,50000000000000;Lecythidaceae;Gustavia_hexapetala;Gustavia;hexapetala;67
2;102344;222,0000000000000;222,00000000000000;Fabaceae;Limadendron_hostmannii;Limadendron;hostmannii;42
2;102345;222,5000000000000;221,00000000000000;Malvaceae;Sterculia_pruriens;Sterculia;pruriens;75
2;102346;222,5000000000000;219,50000000000000;Fabaceae;Eperua_falcata;Eperua;falcata;68,5
2;102347;222,0000000000000;218,50000000000000;Moraceae;Brosimum_guianense;Brosimum;guianense;100,5
2;102348;212,5000000000000;219,50000000000000;Euphorbiaceae;Mabea_piriri;Mabea;piriri;72,25
2;102350;220,0000000000000;211,50000000000000;Lecythidaceae;Lecythis_persistens;Lecythis;persistens subsp. aurantiaca;65
2;102351;221,0000000000000;207,50000000000000;Fabaceae;Eperua_falcata;Eperua;falcata;176,5
2;102352;216,5000000000000;210,00000000000000;Lecythidaceae;Lecythis_persistens;Lecythis;persistens subsp. aurantiaca;49
2;102353;212,5000000000000;210,00000000000000;Lecythidaceae;Lecythis_persistens;Lecythis;persistens subsp. aurantiaca;38
2;102355;210,0000000000000;208,50000000000000;Olacaceae;Minquartia_guianensis;Minquartia;guianensis;42
2;102357;218,5000000000000;205,00000000000000;Dichapetalaceae;Tapura_capitulifera;Tapura;capitulifera;64
2;102363;210,0000000000000;200,00000000000000;Melastomataceae;Mouriri_crassifolia;Mouriri;crassifolia;125
2;102364;210,5000000000000;195,50000000000000;Moraceae;Brosimum_guianense;Brosimum;guianense;62,5
2;102368;220,0000000000000;187,50000000000000;Clusiaceae;Symphonia_sp.1;Symphonia;sp.1;112
2;102377;220,0000000000000;180,50000000000000;Chrysobalanaceae;Licania_micrantha;Licania;micrantha;104
2;102378;218,0000000000000;177,00000000000000;Fabaceae;Andira_coriacea;Andira;coriacea;124,125
2;102381;210,5000000000000;174,50000000000000;Annonaceae;Oxandra_asbeckii;Oxandra;asbeckii;37
2;102383;214,5000000000000;171,50000000000000;Fabaceae;Vouacapoua_americana;Vouacapoua;americana;95,5
2;102384;215,5000000000000;173,00000000000000;Fabaceae;Swartzia_guianensis;Swartzia;guianensis;43
2;102385;215,0000000000000;171,50000000000000;Annonaceae;Oxandra_asbeckii;Oxandra;asbeckii;39,5
2;102386;222,0000000000000;171,50000000000000;Sapotaceae;Chrysophyllum_prieurii;Chrysophyllum;prieurii;142
2;102387;224,0000000000000;169,50000000000000;Chrysobalanaceae;Licania_alba;Licania;alba;46,5
2;102388;220,0000000000000;168,00000000000000;Chrysobalanaceae;Couepia_caryophylloides;Couepia;caryophylloides;170
2;102389;218,0000000000000;169,50000000000000;Lecythidaceae;Eschweilera_sagotiana;Eschweilera;sagotiana;119,5
2;102391;220,0000000000000;162,50000000000000;Fabaceae;Eperua_falcata;Eperua;falcata;110
2;102396;217,0000000000000;162,00000000000000;Chrysobalanaceae;Hymenopus_heteromorphus;Hymenopus;heteromorphus;34,5
2;102397;221,5000000000000;156,50000000000000;Elaeocarpaceae;Sloanea_sp.4-CAY;Sloanea;sp.4-CAY;174,875
2;102398;222,5000000000000;155,50000000000000;Chrysobalanaceae;Hymenopus_heteromorphus;Hymenopus;heteromorphus;72
2;102403;212,5000000000000;154,00000000000000;Goupiaceae;Goupia_glabra;Goupia;glabra;84
2;102404;219,0000000000000;150,50000000000000;Sapotaceae;Pradosia_cochlearia;Pradosia;cochlearia;57,5
2;102405;221,5000000000000;151,00000000000000;Lecythidaceae;Eschweilera_sagotiana;Eschweilera;sagotiana;74
2;102406;223,5000000000000;150,00000000000000;Chrysobalanaceae;Licania_ovalifolia;Licania;ovalifolia;199
2;102407;221,0000000000000;147,00000000000000;Fabaceae;Eperua_falcata;Eperua;falcata;90,5
2;102408;215,5000000000000;146,50000000000000;Lecythidaceae;Eschweilera_sagotiana;Eschweilera;sagotiana;100
2;102410;211,0000000000000;146,50000000000000;Lecythidaceae;Eschweilera_decolorans;Eschweilera;decolorans;42
2;102411;215,0000000000000;143,50000000000000;Lecythidaceae;Eschweilera_sagotiana;Eschweilera;sagotiana;65
2;102412;218,5000000000000;143,50000000000000;Meliaceae;Trichilia_micrantha;Trichilia;micrantha;41
2;102413;216,5000000000000;140,50000000000000;Fabaceae;Eperua_falcata;Eperua;falcata;173
2;102414;220,5000000000000;143,50000000000000;Sapotaceae;Pouteria_melanopoda;Pouteria;melanopoda;37
2;102415;222,0000000000000;144,50000000000000;Annonaceae;Oxandra_asbeckii;Oxandra;asbeckii;49
2;102416;222,5000000000000;142,00000000000000;Lecythidaceae;Lecythis_poiteaui;Lecythis;poiteaui;103
2;102417;222,0000000000000;139,00000000000000;Annonaceae;Oxandra_asbeckii;Oxandra;asbeckii;37
2;102418;222,0000000000000;137,00000000000000;Fabaceae;Eperua_falcata;Eperua;falcata;124
2;102419;220,5000000000000;134,00000000000000;Fabaceae;Eperua_falcata;Eperua;falcata;53
2;102420;215,5000000000000;132,00000000000000;Cordiaceae;Cordia_sagotii;Cordia;sagotii;56
2;102421;212,0000000000000;130,50000000000000;Simaroubaceae;Simaba_polyphylla;Simaba;polyphylla;89
2;102422;220,0000000000000;128,00000000000000;Chrysobalanaceae;Hymenopus_heteromorphus;Hymenopus;heteromorphus;84,5
2;102423;222,0000000000000;129,50000000000000;Euphorbiaceae;Sandwithia_guyanensis;Sandwithia;guyanensis;35,5
2;102424;228,0000000000000;126,00000000000000;Fabaceae;Eperua_falcata;Eperua;falcata;41
2;102425;225,5000000000000;130,00000000000000;Fabaceae;Vouacapoua_americana;Vouacapoua;americana;202,5
2;102426;223,0000000000000;130,50000000000000;Caryocaraceae;Caryocar_glabrum;Caryocar;glabrum;70,5
2;102427;227,5000000000000;138,00000000000000;Malvaceae;Sterculia_speciosa;Sterculia;speciosa;42
2;102428;230,5000000000000;138,50000000000000;Lecythidaceae;Couratari_multiflora;Couratari;multiflora;48,5
2;102429;228,5000000000000;138,00000000000000;Lecythidaceae;Eschweilera_decolorans;Eschweilera;decolorans;132,5
2;102431;224,5000000000000;143,50000000000000;Fabaceae;Eperua_falcata;Eperua;falcata;152
2;102432;223,5000000000000;144,50000000000000;Lecythidaceae;Couratari_multiflora;Couratari;multiflora;52
2;102433;227,5000000000000;145,00000000000000;Sapotaceae;Pouteria_sp.42-CAY;Pouteria;sp.42-CAY;58
2;102435;228,5000000000000;147,00000000000000;Meliaceae;Carapa_surinamensis;Carapa;surinamensis;144
2;102436;227,0000000000000;146,50000000000000;Fabaceae;Vouacapoua_americana;Vouacapoua;americana;92,5
2;102437;228,5000000000000;150,50000000000000;Lauraceae;Indet.Lauraceae_Indet.;Indet.Lauraceae;Indet.;45,5
2;102438;228,0000000000000;151,50000000000000;Caryocaraceae;Caryocar_glabrum;Caryocar;glabrum;44,5
2;102439;230,0000000000000;150,00000000000000;Sapotaceae;Pradosia_cochlearia;Pradosia;cochlearia;107
2;102440;231,5000000000000;151,00000000000000;Lecythidaceae;Couratari_multiflora;Couratari;multiflora;41,5
2;102441;230,0000000000000;153,50000000000000;Fabaceae;Vouacapoua_americana;Vouacapoua;americana;150
2;102442;232,5000000000000;151,00000000000000;Olacaceae;Chaunochiton_kappleri;Chaunochiton;kappleri;61
2;102443;232,5000000000000;151,00000000000000;Combretaceae;Terminalia_grandis;Terminalia;grandis;184,5
2;102444;225,0000000000000;159,00000000000000;Moraceae;Helicostylis_pedunculata;Helicostylis;pedunculata;65
2;102445;227,5000000000000;163,50000000000000;Dichapetalaceae;Tapura_capitulifera;Tapura;capitulifera;66,5
2;102447;229,0000000000000;166,50000000000000;Lecythidaceae;Couratari_multiflora;Couratari;multiflora;80
2;102450;228,0000000000000;170,00000000000000;Fabaceae;Vouacapoua_americana;Vouacapoua;americana;72,5
2;102451;230,0000000000000;168,00000000000000;Chrysobalanaceae;Licania_canescens;Licania;canescens;68
2;102452;228,0000000000000;181,00000000000000;Clusiaceae;Moronobea_coccinea;Moronobea;coccinea;150,5
2;102453;230,0000000000000;188,00000000000000;Fabaceae;Inga_cylindrica;Inga;cylindrica;61
2;102454;225,5000000000000;187,50000000000000;Dichapetalaceae;Tapura_capitulifera;Tapura;capitulifera;131,5
2;102456;224,0000000000000;186,50000000000000;Annonaceae;Oxandra_asbeckii;Oxandra;asbeckii;35,5
2;102458;224,0000000000000;194,50000000000000;Annonaceae;Oxandra_asbeckii;Oxandra;asbeckii;37
2;102459;226,0000000000000;194,00000000000000;Lecythidaceae;Lecythis_persistens;Lecythis;persistens subsp. aurantiaca;46,5
2;102461;231,0000000000000;192,00000000000000;Fabaceae;Eperua_falcata;Eperua;falcata;104,5
2;102462;228,5000000000000;201,50000000000000;Fabaceae;Eperua_falcata;Eperua;falcata;108,5
2;102463;227,5000000000000;205,00000000000000;Moraceae;Brosimum_rubescens;Brosimum;rubescens;51
2;102465;227,0000000000000;211,50000000000000;Fabaceae;Eperua_falcata;Eperua;falcata;128,5
2;102466;231,5000000000000;209,00000000000000;Putranjivaceae;Drypetes_variabilis;Drypetes;variabilis;69
2;102467;232,5000000000000;213,50000000000000;Lecythidaceae;Eschweilera_decolorans;Eschweilera;decolorans;50,5
2;102469;230,0000000000000;215,50000000000000;Lecythidaceae;Couratari_multiflora;Couratari;multiflora;36
2;102470;232,0000000000000;221,00000000000000;Lecythidaceae;Eschweilera_sagotiana;Eschweilera;sagotiana;122
2;102471;231,5000000000000;221,00000000000000;Simaroubaceae;Homalolepis_cedron;Homalolepis;cedron;61,5
2;102472;229,5000000000000;222,00000000000000;Fabaceae;Eperua_falcata;Eperua;falcata;49
2;102473;230,0000000000000;226,50000000000000;Myrtaceae;Eugenia_exaltata;Eugenia;exaltata;53,5
2;102474;227,5000000000000;229,00000000000000;Fabaceae;Eperua_falcata;Eperua;falcata;99
2;102480;230,0000000000000;240,00000000000000;Fabaceae;Eperua_falcata;Eperua;falcata;118
2;102481;225,5000000000000;243,50000000000000;Lecythidaceae;Couratari_multiflora;Couratari;multiflora;76
2;102482;232,0000000000000;246,00000000000000;Fabaceae;Eperua_falcata;Eperua;falcata;248
2;102483;232,0000000000000;246,50000000000000;Clusiaceae;Garcinia_madruno;Garcinia;madruno;77
2;102484;241,0000000000000;246,50000000000000;Fabaceae;Eperua_falcata;Eperua;falcata;153
2;102485;242,0000000000000;243,00000000000000;Peraceae;Pogonophora_schomburgkiana;Pogonophora;schomburgkiana;48
2;102487;238,5000000000000;239,00000000000000;Chrysobalanaceae;Licania_alba;Licania;alba;54
2;102488;234,5000000000000;236,00000000000000;Fabaceae;Eperua_falcata;Eperua;falcata;176
2;102489;237,0000000000000;235,00000000000000;Malpighiaceae;Byrsonima_laevigata;Byrsonima;laevigata;98
2;102490;241,5000000000000;236,00000000000000;Euphorbiaceae;Glycydendron_amazonicum;Glycydendron;amazonicum;180
2;102491;242,5000000000000;231,50000000000000;Clusiaceae;Symphonia_sp.1;Symphonia;sp.1;56,5
2;102492;239,5000000000000;230,00000000000000;Chrysobalanaceae;Couepia_guianensis;Couepia;guianensis subsp. glandulosa ;101
2;102493;239,0000000000000;227,00000000000000;Chrysobalanaceae;Licania_canescens;Licania;canescens;77,5
2;102494;239,0000000000000;225,50000000000000;Lauraceae;Sextonia_rubra;Sextonia;rubra;51
2;102495;236,5000000000000;226,00000000000000;Lecythidaceae;Couratari_multiflora;Couratari;multiflora;121,5
2;102496;232,5000000000000;226,00000000000000;Fabaceae;Vouacapoua_americana;Vouacapoua;americana;80
2;102497;238,0000000000000;223,00000000000000;Fabaceae;Limadendron_hostmannii;Limadendron;hostmannii;40,5
2;102498;237,0000000000000;223,00000000000000;Chrysobalanaceae;Licania_canescens;Licania;canescens;98
2;102499;235,5000000000000;222,00000000000000;Sapotaceae;Micropholis_venulosa;Micropholis;venulosa;51,5
2;102500;234,5000000000000;223,00000000000000;Fabaceae;Recordoxylon_speciosum;Recordoxylon;speciosum;191
2;102503;241,0000000000000;218,00000000000000;Sapotaceae;Pouteria_caimito;Pouteria;caimito;106
2;102504;241,0000000000000;214,00000000000000;Moraceae;Brosimum_guianense;Brosimum;guianense;50,5
2;102506;235,5000000000000;202,50000000000000;Fabaceae;Vouacapoua_americana;Vouacapoua;americana;143,5
2;102507;234,5000000000000;202,50000000000000;Fabaceae;Eperua_falcata;Eperua;falcata;228
2;102508;237,5000000000000;201,50000000000000;Peraceae;Pogonophora_schomburgkiana;Pogonophora;schomburgkiana;42,5
2;102510;239,0000000000000;196,00000000000000;Myristicaceae;Virola_michelii;Virola;michelii;49,5
2;102512;238,5000000000000;194,00000000000000;Myristicaceae;Iryanthera_sagotiana;Iryanthera;sagotiana;68
2;102513;238,5000000000000;194,00000000000000;Malvaceae;Catostemma_fragrans;Catostemma;fragrans;71,5
2;102514;241,5000000000000;196,00000000000000;Lecythidaceae;Eschweilera_decolorans;Eschweilera;decolorans;64,5
2;102515;242,0000000000000;196,00000000000000;Dichapetalaceae;Tapura_capitulifera;Tapura;capitulifera;224
2;102516;236,5000000000000;191,00000000000000;Sapotaceae;Chrysophyllum_argenteum;Chrysophyllum;argenteum;60,5
2;102517;233,5000000000000;188,50000000000000;Dichapetalaceae;Tapura_capitulifera;Tapura;capitulifera;68
2;102518;239,5000000000000;184,50000000000000;Lecythidaceae;Eschweilera_decolorans;Eschweilera;decolorans;98
2;102519;239,0000000000000;183,00000000000000;Annonaceae;Oxandra_asbeckii;Oxandra;asbeckii;39,5
2;102520;241,0000000000000;181,00000000000000;Lecythidaceae;Eschweilera_sagotiana;Eschweilera;sagotiana;224
2;102521;242,5000000000000;178,50000000000000;Lecythidaceae;Eschweilera_decolorans;Eschweilera;decolorans;107,5
2;102522;242,5000000000000;178,50000000000000;Lecythidaceae;Eschweilera_decolorans;Eschweilera;decolorans;110,5
2;102524;240,5000000000000;175,00000000000000;Sapindaceae;Talisia_simaboides;Talisia;simaboides;46,5
2;102525;235,0000000000000;170,50000000000000;Elaeocarpaceae;Sloanea_Indet.;Sloanea;Indet.;53,5
2;102526;233,5000000000000;168,00000000000000;Fabaceae;Vouacapoua_americana;Vouacapoua;americana;125,5
2;102528;234,0000000000000;167,00000000000000;Fabaceae;Swartzia_panacoco;Swartzia;panacoco var. panacoco;112,5
2;102529;233,5000000000000;167,00000000000000;Sapotaceae;Micropholis_egensis;Micropholis;egensis;152,5
2;102531;239,5000000000000;164,50000000000000;Sapotaceae;Chrysophyllum_prieurii;Chrysophyllum;prieurii;56
2;102532;240,0000000000000;166,50000000000000;Caryocaraceae;Caryocar_glabrum;Caryocar;glabrum;54
2;102533;244,5000000000000;166,00000000000000;Lecythidaceae;Eschweilera_Indet.;Eschweilera;Indet.;58
2;102534;241,5000000000000;163,50000000000000;Lecythidaceae;Gustavia_hexapetala;Gustavia;hexapetala;48,5
2;102535;238,0000000000000;160,50000000000000;Elaeocarpaceae;Sloanea_Indet.;Sloanea;Indet.;60
2;102536;235,0000000000000;158,00000000000000;Meliaceae;Carapa_surinamensis;Carapa;surinamensis;84
2;102537;238,0000000000000;155,00000000000000;Moraceae;Brosimum_guianense;Brosimum;guianense;54
2;102540;242,5000000000000;157,50000000000000;Clusiaceae;Symphonia_sp.1;Symphonia;sp.1;109,5
2;102541;243,0000000000000;154,00000000000000;Chrysobalanaceae;Couepia_caryophylloides;Couepia;caryophylloides;117
2;102542;241,0000000000000;149,50000000000000;Euphorbiaceae;Sandwithia_guyanensis;Sandwithia;guyanensis;37
2;102543;239,0000000000000;147,00000000000000;Lecythidaceae;Eschweilera_sagotiana;Eschweilera;sagotiana;137,5
2;102545;241,5000000000000;147,50000000000000;Sapotaceae;Pouteria_melanopoda;Pouteria;melanopoda;50
2;102546;239,5000000000000;143,00000000000000;Sapindaceae;Talisia_hexaphylla;Talisia;hexaphylla;64
2;102547;239,5000000000000;142,00000000000000;Lecythidaceae;Eschweilera_sagotiana;Eschweilera;sagotiana;51,5
2;102548;234,0000000000000;140,00000000000000;Fabaceae;Vouacapoua_americana;Vouacapoua;americana;138,5
2;102552;238,0000000000000;130,00000000000000;Fabaceae;Eperua_falcata;Eperua;falcata;99,5
2;102556;231,5000000000000;129,00000000000000;Fabaceae;Vouacapoua_americana;Vouacapoua;americana;160
2;102557;240,5000000000000;125,50000000000000;Fabaceae;Eperua_falcata;Eperua;falcata;44,5
2;102558;247,5000000000000;133,00000000000000;Fabaceae;Vouacapoua_americana;Vouacapoua;americana;94,5
2;102559;245,5000000000000;131,00000000000000;Malvaceae;Catostemma_fragrans;Catostemma;fragrans;65,5
2;102560;247,0000000000000;134,50000000000000;Fabaceae;Vouacapoua_americana;Vouacapoua;americana;202
2;102561;248,0000000000000;134,00000000000000;Sapotaceae;Pradosia_cochlearia;Pradosia;cochlearia;47
2;102563;250,0000000000000;149,00000000000000;Lecythidaceae;Eschweilera_decolorans;Eschweilera;decolorans;67
2;102565;245,5000000000000;154,00000000000000;Goupiaceae;Goupia_glabra;Goupia;glabra;162,125
2;102566;244,5000000000000;157,50000000000000;Lecythidaceae;Couratari_multiflora;Couratari;multiflora;59,5
2;102570;246,0000000000000;165,00000000000000;Euphorbiaceae;Conceveiba_guianensis;Conceveiba;guianensis;71,5
2;102571;246,0000000000000;166,50000000000000;Annonaceae;Oxandra_asbeckii;Oxandra;asbeckii;38
2;102572;249,0000000000000;167,50000000000000;Sapotaceae;Pradosia_cochlearia;Pradosia;cochlearia;86
2;102573;250,0000000000000;170,00000000000000;Lecythidaceae;Eschweilera_decolorans;Eschweilera;decolorans;59,5
2;102575;250,0000000000000;174,50000000000000;Humiriaceae;Humiriastrum_subcrenatum;Humiriastrum;subcrenatum;212,5
2;102576;250,0000000000000;175,50000000000000;Lecythidaceae;Eschweilera_sagotiana;Eschweilera;sagotiana;104,5
2;102577;247,5000000000000;176,50000000000000;Sapindaceae;Talisia_hexaphylla;Talisia;hexaphylla;89,5
2;102578;246,0000000000000;184,50000000000000;Lecythidaceae;Eschweilera_sagotiana;Eschweilera;sagotiana;107
2;102579;250,0000000000000;183,00000000000000;Fabaceae;Eperua_grandiflora;Eperua;grandiflora;174
2;102580;249,5000000000000;183,00000000000000;Annonaceae;Oxandra_asbeckii;Oxandra;asbeckii;36,5
2;102581;249,5000000000000;184,50000000000000;Clusiaceae;Symphonia_sp.1;Symphonia;sp.1;142
2;102582;249,0000000000000;185,50000000000000;Lauraceae;Ocotea_subterminalis;Ocotea;subterminalis;36,5
2;102583;248,0000000000000;194,50000000000000;Peraceae;Pogonophora_schomburgkiana;Pogonophora;schomburgkiana;49
2;102584;246,0000000000000;194,50000000000000;Lecythidaceae;Couratari_multiflora;Couratari;multiflora;77,5
2;102585;243,5000000000000;191,00000000000000;Chrysobalanaceae;Licania_laxiflora;Licania;laxiflora;43
2;102586;245,5000000000000;195,00000000000000;Melastomataceae;Mouriri_crassifolia;Mouriri;crassifolia;47
2;102587;250,0000000000000;197,00000000000000;Dichapetalaceae;Tapura_capitulifera;Tapura;capitulifera;62
2;102588;249,5000000000000;200,00000000000000;Fabaceae;Eperua_falcata;Eperua;falcata;134
2;102589;245,5000000000000;202,50000000000000;Malvaceae;Sterculia_pruriens;Sterculia;pruriens;162,5
2;102590;250,0000000000000;202,50000000000000;Euphorbiaceae;Sandwithia_guyanensis;Sandwithia;guyanensis;48
2;102591;247,0000000000000;205,50000000000000;Fabaceae;Eperua_falcata;Eperua;falcata;159,5
2;102593;244,0000000000000;212,50000000000000;Malvaceae;Pachira_dolichocalyx;Pachira;dolichocalyx;87
2;102594;249,0000000000000;214,00000000000000;Euphorbiaceae;Sandwithia_guyanensis;Sandwithia;guyanensis;35
2;102595;245,5000000000000;218,00000000000000;Lecythidaceae;Eschweilera_sagotiana;Eschweilera;sagotiana;123
2;102596;250,0000000000000;218,50000000000000;Lecythidaceae;Lecythis_persistens;Lecythis;persistens subsp. aurantiaca;38
2;102597;248,0000000000000;221,00000000000000;Fabaceae;Limadendron_hostmannii;Limadendron;hostmannii;38,5
2;102599;249,5000000000000;223,00000000000000;Fabaceae;Eperua_falcata;Eperua;falcata;203,5
2;102600;245,5000000000000;228,00000000000000;Lauraceae;Ocotea_percurrens;Ocotea;percurrens;145
2;102601;242,5000000000000;228,50000000000000;Euphorbiaceae;Hevea_guianensis;Hevea;guianensis;62
2;102602;242,5000000000000;230,00000000000000;Fabaceae;Eperua_falcata;Eperua;falcata;127
2;102603;247,0000000000000;229,50000000000000;Fabaceae;Andira_coriacea;Andira;coriacea;40
2;102604;249,5000000000000;232,00000000000000;Fabaceae;Eperua_falcata;Eperua;falcata;189
2;102606;250,0000000000000;240,50000000000000;Goupiaceae;Goupia_glabra;Goupia;glabra;178,5
2;102607;250,0000000000000;246,50000000000000;Fabaceae;Swartzia_guianensis;Swartzia;guianensis;35
2;102609;246,0000000000000;246,50000000000000;Fabaceae;Recordoxylon_speciosum;Recordoxylon;speciosum;116
2;102610;246,0000000000000;246,00000000000000;Lecythidaceae;Lecythis_persistens;Lecythis;persistens subsp. aurantiaca;35
2;102611;245,0000000000000;246,00000000000000;Calophyllaceae;Caraipa_punctulata;Caraipa;punctulata;74
2;102612;242,0000000000000;249,50000000000000;Clusiaceae;Symphonia_sp.1;Symphonia;sp.1;76,5
2;102613;243,5000000000000;244,00000000000000;Apocynaceae;Aspidosperma_excelsum;Aspidosperma;excelsum;135
2;102616;158,0000000000000;128,50000000000000;Arecaceae;Oenocarpus_bataua;Oenocarpus;bataua var. bataua;55
2;102617;158,0000000000000;127,00000000000000;Arecaceae;Oenocarpus_bataua;Oenocarpus;bataua var. bataua;64,5
2;102618;171,0000000000000;131,50000000000000;Arecaceae;Oenocarpus_bataua;Oenocarpus;bataua var. bataua;62
2;102619;183,0000000000000;222,00000000000000;Arecaceae;Oenocarpus_bataua;Oenocarpus;bataua var. bataua;51,5
2;102621;233,0000000000000;216,50000000000000;Myristicaceae;Iryanthera_sagotiana;Iryanthera;sagotiana;44,5
2;102623;152,0000000000000;239,00000000000000;Arecaceae;Oenocarpus_bataua;Oenocarpus;bataua var. bataua;59,5
2;102624;164,0000000000000;245,00000000000000;Fabaceae;Eperua_falcata;Eperua;falcata;201,625
2;102627;128,0000000000000;246,00000000000000;Lecythidaceae;Lecythis_persistens;Lecythis;persistens subsp. aurantiaca;60
2;102628;128,0000000000000;248,50000000000000;Chrysobalanaceae;Couepia_caryophylloides;Couepia;caryophylloides;78
2;102629;133,0000000000000;206,50000000000000;Arecaceae;Oenocarpus_bataua;Oenocarpus;bataua var. bataua;61,5
2;102630;146,5000000000000;138,50000000000000;Arecaceae;Oenocarpus_bataua;Oenocarpus;bataua var. bataua;58,5
2;102631;168,0000000000000;126,50000000000000;Chrysobalanaceae;Licania_alba;Licania;alba;47,5
2;102633;129,5000000000000;150,00000000000000;Lecythidaceae;Lecythis_persistens;Lecythis;persistens subsp. aurantiaca;51
2;102634;132,5000000000000;156,00000000000000;Simaroubaceae;Homalolepis_cedron;Homalolepis;cedron;34
2;102635;137,0000000000000;156,00000000000000;Lecythidaceae;Lecythis_persistens;Lecythis;persistens subsp. aurantiaca;38
2;102636;143,0000000000000;207,00000000000000;Fabaceae;Vouacapoua_americana;Vouacapoua;americana;64
2;102639;151,0000000000000;155,50000000000000;Moraceae;Brosimum_rubescens;Brosimum;rubescens;62,5
2;102640;155,0000000000000;131,00000000000000;Malvaceae;Sterculia_pruriens;Sterculia;pruriens;111
2;102643;174,0000000000000;129,00000000000000;Lecythidaceae;Eschweilera_sagotiana;Eschweilera;sagotiana;60
2;102645;183,0000000000000;156,00000000000000;Lecythidaceae;Lecythis_persistens;Lecythis;persistens subsp. aurantiaca;38
2;102647;133,5000000000000;178,00000000000000;Fabaceae;Recordoxylon_speciosum;Recordoxylon;speciosum;85,5
2;102648;142,0000000000000;199,00000000000000;Lecythidaceae;Lecythis_persistens;Lecythis;persistens subsp. aurantiaca;51
2;102650;148,0000000000000;147,50000000000000;Malvaceae;Catostemma_fragrans;Catostemma;fragrans;36
2;102652;163,5000000000000;141,00000000000000;Bignoniaceae;Jacaranda_copaia;Jacaranda;copaia subsp. copaia;50
2;102653;191,5000000000000;198,00000000000000;Sapotaceae;Pradosia_cochlearia;Pradosia;cochlearia;48
2;102656;232,0000000000000;152,00000000000000;Sapotaceae;Pradosia_cochlearia;Pradosia;cochlearia;56,5
2;102657;222,0000000000000;156,50000000000000;Myristicaceae;Virola_michelii;Virola;michelii;51,5
2;102658;131,5000000000000;135,00000000000000;Euphorbiaceae;Mabea_piriri;Mabea;piriri;55,5
2;102660;148,0000000000000;142,50000000000000;Hypericaceae;Vismia_sessilifolia;Vismia;sessilifolia;71
2;102661;142,0000000000000;194,00000000000000;Lecythidaceae;Lecythis_persistens;Lecythis;persistens subsp. aurantiaca;40
2;102662;148,0000000000000;223,00000000000000;Fabaceae;Enterolobium_schomburgkii;Enterolobium;schomburgkii;38,5
2;102664;138,0000000000000;233,00000000000000;Euphorbiaceae;Conceveiba_guianensis;Conceveiba;guianensis;46,5
2;102666;178,0000000000000;181,50000000000000;Annonaceae;Oxandra_asbeckii;Oxandra;asbeckii;35
2;102667;172,5000000000000;161,00000000000000;Elaeocarpaceae;Sloanea_brevipes;Sloanea;brevipes;52,5
2;102668;214,5000000000000;131,00000000000000;Chrysobalanaceae;Licania_alba;Licania;alba;45
2;102669;204,0000000000000;134,00000000000000;Burseraceae;Protium_subserratum;Protium;subserratum;33,5
2;102670;201,0000000000000;153,00000000000000;Annonaceae;Oxandra_asbeckii;Oxandra;asbeckii;38
2;102671;241,5000000000000;143,50000000000000;Chrysobalanaceae;Hymenopus_heteromorphus;Hymenopus;heteromorphus;67,5
2;102673;145,0000000000000;150,00000000000000;Lecythidaceae;Lecythis_persistens;Lecythis;persistens subsp. aurantiaca;34
2;102674;166,0000000000000;130,00000000000000;Lecythidaceae;Lecythis_persistens;Lecythis;persistens subsp. aurantiaca;39
2;102675;158,5000000000000;151,50000000000000;Fabaceae;Inga_melinonii;Inga;melinonii;86
2;102676;183,5000000000000;224,50000000000000;Clusiaceae;Symphonia_sp.1;Symphonia;sp.1;70
2;102678;191,5000000000000;161,50000000000000;Fabaceae;Inga_loubryana;Inga;loubryana;80,5
2;102679;214,5000000000000;137,50000000000000;Lecythidaceae;Eschweilera_decolorans;Eschweilera;decolorans;36,5
2;102680;226,0000000000000;181,00000000000000;Meliaceae;Carapa_surinamensis;Carapa;surinamensis;41
2;102681;230,0000000000000;147,00000000000000;Sapotaceae;Pradosia_cochlearia;Pradosia;cochlearia;40,5
2;102682;148,0000000000000;159,00000000000000;Chrysobalanaceae;Licania_alba;Licania;alba;52
2;102683;128,0000000000000;188,50000000000000;Salicaceae;Laetia_procera;Laetia;procera;69
2;102684;139,0000000000000;231,00000000000000;Fabaceae;Eperua_falcata;Eperua;falcata;57
2;102685;238,0000000000000;235,00000000000000;Chrysobalanaceae;Licania_alba;Licania;alba;37
2;102688;142,0000000000000;176,00000000000000;Urticaceae;Pourouma_bicolor;Pourouma;bicolor subsp. bicolor;98
2;102689;141,5000000000000;188,50000000000000;Arecaceae;Oenocarpus_bataua;Oenocarpus;bataua var. bataua;61
2;102690;157,0000000000000;194,00000000000000;Arecaceae;Oenocarpus_bataua;Oenocarpus;bataua var. bataua;59
2;102692;192,0000000000000;179,00000000000000;Malvaceae;Sterculia_pruriens;Sterculia;pruriens;52,5
2;102693;169,0000000000000;149,00000000000000;Lecythidaceae;Lecythis_persistens;Lecythis;persistens subsp. aurantiaca;39
2;102695;220,0000000000000;155,00000000000000;Euphorbiaceae;Sandwithia_guyanensis;Sandwithia;guyanensis;34
2;102696;230,0000000000000;181,00000000000000;Fabaceae;Andira_coriacea;Andira;coriacea;38,5
2;102697;134,0000000000000;125,00000000000000;Lecythidaceae;Lecythis_persistens;Lecythis;persistens subsp. aurantiaca;35
2;102699;139,5000000000000;146,50000000000000;Lecythidaceae;Lecythis_persistens;Lecythis;persistens subsp. aurantiaca;35
2;102700;154,0000000000000;139,50000000000000;Arecaceae;Oenocarpus_bataua;Oenocarpus;bataua var. bataua;71
2;102701;130,5000000000000;181,00000000000000;Burseraceae;Protium_opacum;Protium;opacum subsp. rabelianum;75
2;102702;145,5000000000000;190,50000000000000;Fabaceae;Eperua_falcata;Eperua;falcata;46,5
2;102703;191,0000000000000;193,00000000000000;Celastraceae;Maytenus_oblongata;Maytenus;oblongata;34,5
2;102704;190,5000000000000;194,50000000000000;Euphorbiaceae;Sandwithia_guyanensis;Sandwithia;guyanensis;33
2;102705;133,0000000000000;222,00000000000000;Burseraceae;Protium_opacum;Protium;opacum subsp. rabelianum;67,5
2;102707;137,0000000000000;236,00000000000000;Lecythidaceae;Lecythis_persistens;Lecythis;persistens subsp. aurantiaca;36
2;102708;168,5000000000000;216,00000000000000;Peraceae;Pogonophora_schomburgkiana;Pogonophora;schomburgkiana;38
2;102709;168,5000000000000;222,00000000000000;Fabaceae;Bocoa_prouacensis;Bocoa;prouacensis;40,5
2;102711;210,0000000000000;153,50000000000000;Lecythidaceae;Eschweilera_coriacea;Eschweilera;coriacea;39,5
2;102712;218,0000000000000;247,00000000000000;Clusiaceae;Symphonia_sp.1;Symphonia;sp.1;68,5
2;102713;226,0000000000000;144,00000000000000;Chrysobalanaceae;Hymenopus_heteromorphus;Hymenopus;heteromorphus;34,5
2;102714;157,5000000000000;132,00000000000000;Arecaceae;Oenocarpus_bataua;Oenocarpus;bataua var. bataua;50
2;102715;148,5000000000000;196,00000000000000;Arecaceae;Oenocarpus_bataua;Oenocarpus;bataua var. bataua;64
2;102716;155,0000000000000;216,50000000000000;Clusiaceae;Tovomita_caloneura;Tovomita;caloneura;41
2;102717;143,5000000000000;248,00000000000000;Lecythidaceae;Lecythis_persistens;Lecythis;persistens subsp. aurantiaca;36
2;102719;189,0000000000000;162,00000000000000;Lecythidaceae;Lecythis_persistens;Lecythis;persistens subsp. aurantiaca;40
2;102720;205,0000000000000;179,00000000000000;Euphorbiaceae;Sandwithia_guyanensis;Sandwithia;guyanensis;33,5
2;102721;203,0000000000000;158,00000000000000;Fabaceae;Eperua_falcata;Eperua;falcata;62
2;102722;192,0000000000000;135,50000000000000;Malvaceae;Eriotheca_globosa;Eriotheca;globosa;34
2;102724;217,0000000000000;128,00000000000000;Lecythidaceae;Eschweilera_decolorans;Eschweilera;decolorans;38
2;102726;175,0000000000000;126,00000000000000;Lecythidaceae;Eschweilera_sagotiana;Eschweilera;sagotiana;47,5
2;102727;170,5000000000000;164,00000000000000;Cordiaceae;Cordia_sagotii;Cordia;sagotii;70
2;102728;135,5000000000000;167,00000000000000;Clusiaceae;Tovomita_brevistaminea;Tovomita;brevistaminea;39,5
2;102730;145,0000000000000;203,00000000000000;Fabaceae;Dicorynia_guianensis;Dicorynia;guianensis;70
2;102731;152,0000000000000;216,50000000000000;Sapotaceae;Pouteria_flavilatex;Pouteria;flavilatex;44
2;102732;210,0000000000000;218,00000000000000;Putranjivaceae;Drypetes_fanshawei;Drypetes;fanshawei;40,5
2;102733;188,5000000000000;221,00000000000000;Clusiaceae;Symphonia_sp.1;Symphonia;sp.1;57,5
2;102734;204,0000000000000;241,50000000000000;Arecaceae;Oenocarpus_bataua;Oenocarpus;bataua var. bataua;41
2;102736;130,5000000000000;137,00000000000000;Fabaceae;Ormosia_coutinhoi;Ormosia;coutinhoi;61
2;102737;172,5000000000000;201,00000000000000;Annonaceae;Oxandra_asbeckii;Oxandra;asbeckii;34
2;102738;170,5000000000000;230,00000000000000;Moraceae;Trymatococcus_oligandrus;Trymatococcus;oligandrus;32
2;102739;178,0000000000000;241,00000000000000;Araliaceae;Schefflera_decaphylla;Schefflera;decaphylla;116
2;102740;244,0000000000000;150,00000000000000;Sapotaceae;Micropholis_obscura;Micropholis;obscura;35
2;102741;235,0000000000000;129,00000000000000;Fabaceae;Eperua_falcata;Eperua;falcata;37,5
2;102742;131,0000000000000;129,00000000000000;Arecaceae;Oenocarpus_bataua;Oenocarpus;bataua var. bataua;57,5
2;102743;227,5000000000000;168,50000000000000;Elaeocarpaceae;Sloanea_synandra;Sloanea;synandra;40
2;102744;208,0000000000000;166,00000000000000;Myristicaceae;Iryanthera_sagotiana;Iryanthera;sagotiana;61
2;102745;202,5000000000000;164,50000000000000;Lecythidaceae;Eschweilera_coriacea;Eschweilera;coriacea;42
2;102746;201,5000000000000;163,50000000000000;Annonaceae;Oxandra_asbeckii;Oxandra;asbeckii;33,5
2;102748;164,5000000000000;249,50000000000000;Myristicaceae;Iryanthera_sagotiana;Iryanthera;sagotiana;47
2;102749;140,0000000000000;235,00000000000000;Fabaceae;Eperua_falcata;Eperua;falcata;32
2;102750;185,5000000000000;228,50000000000000;Myristicaceae;Iryanthera_sagotiana;Iryanthera;sagotiana;35,5
2;102751;145,5000000000000;207,50000000000000;Meliaceae;Carapa_surinamensis;Carapa;surinamensis;49,5
2;102752;176,0000000000000;217,00000000000000;Euphorbiaceae;Sandwithia_guyanensis;Sandwithia;guyanensis;32,5
2;102753;139,5000000000000;207,00000000000000;Euphorbiaceae;Conceveiba_guianensis;Conceveiba;guianensis;41
2;102754;185,5000000000000;211,50000000000000;Fabaceae;Eperua_falcata;Eperua;falcata;34
2;102755;142,5000000000000;203,00000000000000;Melastomataceae;Miconia_tschudyoides;Miconia;tschudyoides;46,5
2;102756;147,5000000000000;203,00000000000000;Fabaceae;Peltogyne_paniculata;Peltogyne;paniculata;42
2;102757;183,5000000000000;207,00000000000000;Chrysobalanaceae;Couepia_obovata;Couepia;obovata;37
2;102758;164,0000000000000;176,50000000000000;Melastomataceae;Henriettea_flavescens;Henriettea;flavescens;60
2;102759;194,5000000000000;163,00000000000000;Fabaceae;Inga_loubryana;Inga;loubryana;41
2;102761;177,0000000000000;150,00000000000000;Lecythidaceae;Lecythis_persistens;Lecythis;persistens subsp. aurantiaca;40,5
2;102762;153,5000000000000;166,50000000000000;Arecaceae;Oenocarpus_bataua;Oenocarpus;bataua var. bataua;61
2;102763;169,5000000000000;161,00000000000000;Melastomataceae;Henriettea_flavescens;Henriettea;flavescens;43
2;102764;172,5000000000000;161,00000000000000;Lecythidaceae;Lecythis_persistens;Lecythis;persistens subsp. aurantiaca;36
2;102765;138,0000000000000;149,00000000000000;Arecaceae;Oenocarpus_bataua;Oenocarpus;bataua var. bataua;56,5
2;102766;174,0000000000000;153,50000000000000;Bignoniaceae;Jacaranda_copaia;Jacaranda;copaia subsp. copaia;35,5
2;102767;139,0000000000000;143,50000000000000;Arecaceae;Oenocarpus_bataua;Oenocarpus;bataua var. bataua;59,5
2;102768;130,5000000000000;135,50000000000000;Lecythidaceae;Lecythis_persistens;Lecythis;persistens subsp. aurantiaca;36
2;102769;194,5000000000000;128,00000000000000;Annonaceae;Oxandra_asbeckii;Oxandra;asbeckii;34
2;102773;212,5000000000000;139,50000000000000;Chrysobalanaceae;Licania_membranacea;Licania;membranacea;34
2;102774;225,5000000000000;138,00000000000000;Fabaceae;Eperua_falcata;Eperua;falcata;32,5
2;102776;237,5000000000000;140,00000000000000;Lecythidaceae;Gustavia_hexapetala;Gustavia;hexapetala;32,5
2;102777;246,5000000000000;144,50000000000000;Melastomataceae;Miconia_acuminata;Miconia;acuminata;42
2;102778;221,0000000000000;159,50000000000000;Chrysobalanaceae;Couepia_bracteosa;Couepia;bracteosa;48,5
2;102780;217,0000000000000;163,50000000000000;Melastomataceae;Miconia_acuminata;Miconia;acuminata;47
2;102781;248,5000000000000;143,50000000000000;Melastomataceae;Miconia_minutiflora;Miconia;minutiflora;63
2;102782;237,0000000000000;162,50000000000000;Annonaceae;Oxandra_asbeckii;Oxandra;asbeckii;33
2;102783;245,5000000000000;153,00000000000000;Malvaceae;Eriotheca_globosa;Eriotheca;globosa;36,5
2;102784;231,0000000000000;178,00000000000000;Euphorbiaceae;Sandwithia_guyanensis;Sandwithia;guyanensis;32
2;102785;169,5000000000000;216,00000000000000;Melastomataceae;Henriettea_flavescens;Henriettea;flavescens;34
2;102786;159,5000000000000;213,00000000000000;Anacardiaceae;Thyrsodium_guianense;Thyrsodium;guianense;39
2;102787;152,5000000000000;201,00000000000000;Chrysobalanaceae;Licania_membranacea;Licania;membranacea;48,5
2;102788;161,5000000000000;213,00000000000000;Burseraceae;Indet.Burseraceae_Indet.;Indet.Burseraceae;Indet.;34
2;102789;155,5000000000000;188,00000000000000;Melastomataceae;Henriettea_flavescens;Henriettea;flavescens;36
2;102790;185,0000000000000;175,00000000000000;Malvaceae;Pachira_dolichocalyx;Pachira;dolichocalyx;34,5
2;102791;180,0000000000000;171,50000000000000;Chrysobalanaceae;Couepia_caryophylloides;Couepia;caryophylloides;36,5
2;102792;167,5000000000000;152,50000000000000;Euphorbiaceae;Hevea_guianensis;Hevea;guianensis;37,5
2;102794;210,5000000000000;135,50000000000000;Clusiaceae;Moronobea_coccinea;Moronobea;coccinea;38
2;102795;194,5000000000000;142,50000000000000;Fabaceae;Albizia_pedicellaris;Albizia;pedicellaris;37
2;102796;199,5000000000000;149,50000000000000;Euphorbiaceae;Sandwithia_guyanensis;Sandwithia;guyanensis;34,5
2;102797;237,5000000000000;143,00000000000000;Chrysobalanaceae;Licania_membranacea;Licania;membranacea;50
2;102799;215,5000000000000;178,00000000000000;Bignoniaceae;Jacaranda_copaia;Jacaranda;copaia subsp. copaia;45,5
2;102800;226,0000000000000;183,00000000000000;Annonaceae;Oxandra_asbeckii;Oxandra;asbeckii;35
2;102801;202,0000000000000;202,50000000000000;Annonaceae;Oxandra_asbeckii;Oxandra;asbeckii;35,5
2;102802;207,0000000000000;215,50000000000000;Euphorbiaceae;Sandwithia_guyanensis;Sandwithia;guyanensis;34
2;102803;202,0000000000000;242,50000000000000;Lecythidaceae;Eschweilera_decolorans;Eschweilera;decolorans;46,5
2;102804;180,0000000000000;241,00000000000000;Burseraceae;Protium_subserratum;Protium;subserratum;70
2;172070;249,0000000000000;222,50000000000000;Fabaceae;Limadendron_hostmannii;Limadendron;hostmannii;34
2;172071;204,0000000000000;231,00000000000000;Clusiaceae;Symphonia_sp.1;Symphonia;sp.1;46
2;172073;211,5000000000000;155,00000000000000;Chrysobalanaceae;Hirtella_bicornis;Hirtella;bicornis var. bicornis;41
2;172074;158,0000000000000;177,00000000000000;Clusiaceae;Tovomita_gazelii;Tovomita;gazelii;63
2;172076;194,0000000000000;239,00000000000000;Lecythidaceae;Gustavia_hexapetala;Gustavia;hexapetala;42
2;172077;196,0000000000000;240,00000000000000;Urticaceae;Cecropia_obtusa;Cecropia;obtusa;74
2;173507;216,5000000000000;166,00000000000000;Burseraceae;Protium_opacum;Protium;opacum subsp. rabelianum;43
2;173508;245,0000000000000;142,00000000000000;Melastomataceae;Miconia_acuminata;Miconia;acuminata;45,5
2;173509;169,0000000000000;146,00000000000000;Arecaceae;Oenocarpus_bataua;Oenocarpus;bataua var. bataua;56,5
2;173510;210,0000000000000;173,00000000000000;Melastomataceae;Miconia_acuminata;Miconia;acuminata;50,5
2;173511;170,0000000000000;193,50000000000000;Malvaceae;Pachira_dolichocalyx;Pachira;dolichocalyx;34
2;173512;180,5000000000000;211,00000000000000;Burseraceae;Protium_opacum;Protium;opacum subsp. rabelianum;38
2;173513;187,0000000000000;229,50000000000000;Malvaceae;Sterculia_pruriens;Sterculia;pruriens;34,5
2;173514;188,0000000000000;226,00000000000000;Anacardiaceae;Tapirira_guianensis;Tapirira;guianensis;61
2;173515;164,0000000000000;198,50000000000000;Burseraceae;Dacryodes_nitens;Dacryodes;nitens;36
2;173516;131,0000000000000;171,00000000000000;Chrysobalanaceae;Parinari_montana;Parinari;montana;40
2;178736;231,5000000000000;234,00000000000000;Clusiaceae;Garcinia_benthamiana;Garcinia;benthamiana;40
2;178737;213,5000000000000;218,50000000000000;Peraceae;Pogonophora_schomburgkiana;Pogonophora;schomburgkiana;35
2;178738;249,5000000000000;163,50000000000000;Araliaceae;Schefflera_decaphylla;Schefflera;decaphylla;50
2;178739;249,0000000000000;150,00000000000000;Burseraceae;Protium_opacum;Protium;opacum subsp. rabelianum;45,5
2;178740;212,0000000000000;158,50000000000000;Melastomataceae;Miconia_acuminata;Miconia;acuminata;42
2;178741;238,5000000000000;145,50000000000000;Melastomataceae;Votomita_guianensis;Votomita;guianensis;32,5
2;178742;153,5000000000000;128,00000000000000;Chrysobalanaceae;Licania_alba;Licania;alba;34
2;178743;193,0000000000000;218,50000000000000;Siparunaceae;Siparuna_cuspidata;Siparuna;cuspidata;32,5
2;178744;164,5000000000000;202,00000000000000;Lecythidaceae;Lecythis_persistens;Lecythis;persistens subsp. aurantiaca;32,5
2;178745;187,5000000000000;227,50000000000000;Arecaceae;Oenocarpus_bataua;Oenocarpus;bataua var. bataua;51
2;178746;142,0000000000000;166,00000000000000;Meliaceae;Carapa_surinamensis;Carapa;surinamensis;56,5
2;179852;231,5000000000000;191,00000000000000;Euphorbiaceae;Sandwithia_guyanensis;Sandwithia;guyanensis;32,5
2;179853;217,5000000000000;138,00000000000000;Olacaceae;Heisteria_Indet.;Heisteria;Indet.;31,5
2;179855;210,5000000000000;170,50000000000000;Malpighiaceae;Byrsonima_Indet.;Byrsonima;Indet.;70
2;179856;174,0000000000000;177,50000000000000;Malvaceae;Pachira_dolichocalyx;Pachira;dolichocalyx;37
2;179858;174,0000000000000;233,50000000000000;Apocynaceae;Tabernaemontana_attenuata;Tabernaemontana;attenuata;35
2;179859;149,0000000000000;239,50000000000000;Chrysobalanaceae;Parinari_montana;Parinari;montana;33,5
2;179860;150,0000000000000;226,00000000000000;Rubiaceae;Duroia_eriopila;Duroia;eriopila;38,5
2;179861;132,0000000000000;205,00000000000000;Burseraceae;Protium_opacum;Protium;opacum subsp. rabelianum;37
2;179862;167,0000000000000;159,50000000000000;Malvaceae;Sterculia_pruriens;Sterculia;pruriens;49
2;181315;238,0000000000000;136,50000000000000;Myristicaceae;Virola_michelii;Virola;michelii;66,5
2;181314;230,5000000000000;131,50000000000000;Myristicaceae;Virola_michelii;Virola;michelii;46
2;181313;216,5000000000000;128,00000000000000;Sapindaceae;Talisia_simaboides;Talisia;simaboides;34,5
2;181312;174,5000000000000;167,50000000000000;Lecythidaceae;Lecythis_persistens;Lecythis;persistens subsp. aurantiaca;39
2;181311;210,0000000000000;180,00000000000000;Annonaceae;Xylopia_nitida;Xylopia;nitida;41
2;181310;192,0000000000000;236,50000000000000;Fabaceae;Dicorynia_guianensis;Dicorynia;guianensis;47
2;181308;145,5000000000000;247,50000000000000;Melastomataceae;Miconia_tschudyoides;Miconia;tschudyoides;42
2;181307;172,0000000000000;237,50000000000000;Melastomataceae;Miconia_acuminata;Miconia;acuminata;48
2;181306;166,0000000000000;199,00000000000000;Lecythidaceae;Gustavia_hexapetala;Gustavia;hexapetala;36,5
2;181305;131,5000000000000;212,00000000000000;Burseraceae;Protium_opacum;Protium;opacum subsp. rabelianum;39
2;181304;163,5000000000000;188,00000000000000;Humiriaceae;Sacoglottis_guianensis;Sacoglottis;guianensis;36,5
2;181303;154,0000000000000;189,00000000000000;Melastomataceae;Henriettea_flavescens;Henriettea;flavescens;36
2;181302;154,5000000000000;165,00000000000000;Lauraceae;Rhodostemonodaphne_grandis;Rhodostemonodaphne;grandis;58,5
2;181301;129,0000000000000;163,50000000000000;Melastomataceae;Henriettea_flavescens;Henriettea;flavescens;36
2;181300;150,0000000000000;151,50000000000000;Lecythidaceae;Eschweilera_coriacea;Eschweilera;coriacea;36
2;181299;130,5000000000000;136,00000000000000;Arecaceae;Oenocarpus_bataua;Oenocarpus;bataua var. bataua;58,5
2;181298;132,0000000000000;133,50000000000000;Arecaceae;Oenocarpus_bataua;Oenocarpus;bataua var. bataua;65
2;181296;130,5000000000000;125,50000000000000;Chrysobalanaceae;Licania_alba;Licania;alba;38
2;184187;147,5000000000000;248,00000000000000;Lecythidaceae;Lecythis_persistens;Lecythis;persistens subsp. aurantiaca;32,5
2;184188;157,5000000000000;147,00000000000000;Urticaceae;Cecropia_obtusa;Cecropia;obtusa;65
2;184189;163,5000000000000;155,00000000000000;Euphorbiaceae;Mabea_piriri;Mabea;piriri;44
2;184190;164,0000000000000;142,00000000000000;Chrysobalanaceae;Licania_alba;Licania;alba;39
2;184191;195,5000000000000;243,50000000000000;Vochysiaceae;Vochysia_tomentosa;Vochysia;tomentosa;47
2;184192;198,5000000000000;235,50000000000000;Araliaceae;Schefflera_decaphylla;Schefflera;decaphylla;52,5
2;184193;206,0000000000000;228,50000000000000;Clusiaceae;Symphonia_sp.1;Symphonia;sp.1;39
2;184194;211,5000000000000;216,00000000000000;Lecythidaceae;Eschweilera_Indet.;Eschweilera;Indet.;36
2;184195;249,5000000000000;232,50000000000000;Euphorbiaceae;Hevea_guianensis;Hevea;guianensis;33
2;190580;152,5000000000000;153,00000000000000;Fabaceae;Inga_Indet.;Inga;Indet.;42,5
2;190581;182,0000000000000;126,00000000000000;Melastomataceae;Miconia_tschudyoides;Miconia;tschudyoides;47,5
2;190582;168,0000000000000;195,00000000000000;Burseraceae;Protium_Indet.;Protium;Indet.;33,5
2;190583;175,0000000000000;241,00000000000000;Annonaceae;Xylopia_nitida;Xylopia;nitida;47
2;190584;189,5000000000000;221,50000000000000;Arecaceae;Oenocarpus_bacaba;Oenocarpus;bacaba;47,5
2;203346;135,1999969482422;227,50000000000000;Myrtaceae;Indet.Myrtaceae_Indet.;Indet.Myrtaceae;Indet.;38
2;203347;192,5000000000000;206,00000000000000;Annonaceae;Oxandra_asbeckii;Oxandra;asbeckii;32
2;203348;191,5000000000000;131,50000000000000;Annonaceae;Fusaea_longifolia;Fusaea;longifolia;33
2;203349;204,3999938964844;227,50000000000000;Indet.;Indet.Indet._Indet.;Indet.Indet.;Indet.;34
2;203350;245,0000000000000;133,69999694824219;Arecaceae;Oenocarpus_bataua;Oenocarpus;bataua var. bataua;60
2;205756;234,5000000000000;156,00000000000000;Fabaceae;Inga_Indet.;Inga;Indet.;33
2;205757;246,0000000000000;139,50000000000000;Lecythidaceae;Lecythis_persistens;Lecythis;persistens subsp. aurantiaca;43
2;205758;169,0000000000000;137,00000000000000;Euphorbiaceae;Conceveiba_guianensis;Conceveiba;guianensis;39
2;205759;170,5000000000000;170,50000000000000;Chrysobalanaceae;Licania_micrantha;Licania;micrantha;42,5
2;205760;195,5000000000000;231,00000000000000;Apocynaceae;Tabernaemontana_attenuata;Tabernaemontana;attenuata;34
2;205761;195,0000000000000;234,00000000000000;Goupiaceae;Goupia_glabra;Goupia;glabra;41
2;205762;133,0000000000000;186,50000000000000;Lecythidaceae;Eschweilera_sagotiana;Eschweilera;sagotiana;32,5
2;205763;128,0000000000000;147,50000000000000;Fabaceae;Eperua_falcata;Eperua;falcata;40
2;205764;131,0000000000000;134,50000000000000;Burseraceae;Protium_opacum;Protium;opacum subsp. rabelianum;52
2;226183;213,0000000000000;165,50000000000000;Cordiaceae;Cordia_sagotii;Cordia;sagotii;34
2;226184;200,5000000000000;175,00000000000000;Melastomataceae;Miconia_tschudyoides;Miconia;tschudyoides;32
2;226185;209,5000000000000;239,50000000000000;Fabaceae;Limadendron_hostmannii;Limadendron;hostmannii;36
2;226186;178,5000000000000;243,50000000000000;Annonaceae;Indet.Annonaceae_Indet.;Indet.Annonaceae;Indet.;40
2;226187;199,5000000000000;161,00000000000000;Putranjivaceae;Drypetes_variabilis;Drypetes;variabilis;35
2;226188;130,5000000000000;131,00000000000000;Bignoniaceae;Jacaranda_copaia;Jacaranda;copaia subsp. copaia;38
2;226189;162,0000000000000;209,50000000000000;Chrysobalanaceae;Licania_alba;Licania;alba;34
2;226190;163,5000000000000;247,50000000000000;Moraceae;Helicostylis_pedunculata;Helicostylis;pedunculata;39
2;226939;250,0000000000000;241,00000000000000;Fabaceae;Limadendron_hostmannii;Limadendron;hostmannii;33
2;226940;227,5000000000000;247,50000000000000;Lecythidaceae;Lecythis_persistens;Lecythis;persistens subsp. aurantiaca;33
2;226941;224,5000000000000;185,00000000000000;Malvaceae;Theobroma_guianense;Theobroma;guianense;34,5
2;226942;229,0000000000000;128,00000000000000;Putranjivaceae;Drypetes_variabilis;Drypetes;variabilis;33,5
2;226943;195,0000000000000;235,00000000000000;Melastomataceae;Miconia_acuminata;Miconia;acuminata;38,5
2;226945;139,0000000000000;168,00000000000000;Clusiaceae;Symphonia_globulifera;Symphonia;globulifera;39
2;236705;237,0000000000000;198,00000000000000;Fabaceae;Eperua_grandiflora;Eperua;grandiflora;35
2;236706;227,5000000000000;182,00000000000000;Bignoniaceae;Jacaranda_copaia;Jacaranda;copaia subsp. copaia;36
2;236707;248,0000000000000;185,00000000000000;Chrysobalanaceae;Hymenopus_heteromorphus;Hymenopus;heteromorphus;33
2;236708;207,5000000000000;156,00000000000000;Anacardiaceae;Tapirira_guianensis;Tapirira;guianensis;32,5
2;236709;187,5000000000000;143,00000000000000;Malvaceae;Sterculia_pruriens;Sterculia;pruriens;33
2;236710;159,5000000000000;148,50000000000000;Malvaceae;Sterculia_pruriens;Sterculia;pruriens;44,5
2;240980;245,5000000000000;228,50000000000000;Euphorbiaceae;Sandwithia_guyanensis;Sandwithia;guyanensis;32,5
2;240981;214,0000000000000;193,50000000000000;Melastomataceae;Miconia_tschudyoides;Miconia;tschudyoides;39,5
2;249674;246,0000000000000;204,50000000000000;Lecythidaceae;Indet.Lecythidaceae_Indet.;Indet.Lecythidaceae;Indet.;33
2;249675;232,5000000000000;191,50000000000000;Burseraceae;Protium_Indet.;Protium;Indet.;33
2;249676;227,5000000000000;193,50000000000000;Annonaceae;Oxandra_asbeckii;Oxandra;asbeckii;32
2;249677;224,0000000000000;192,50000000000000;Melastomataceae;Miconia_tschudyoides;Miconia;tschudyoides;34,5
2;249678;238,0000000000000;139,50000000000000;Melastomataceae;Miconia_tschudyoides;Miconia;tschudyoides;33,5
2;249679;235,5000000000000;138,00000000000000;Araliaceae;Schefflera_decaphylla;Schefflera;decaphylla;37
2;249680;212,0000000000000;234,50000000000000;Peraceae;Pogonophora_schomburgkiana;Pogonophora;schomburgkiana;32,5
2;249681;174,0000000000000;248,50000000000000;Araliaceae;Schefflera_decaphylla;Schefflera;decaphylla;35
2;249682;196,5000000000000;223,00000000000000;Lecythidaceae;Couratari_multiflora;Couratari;multiflora;33,5
2;249683;186,5000000000000;138,00000000000000;Sapotaceae;Indet.Sapotaceae_Indet.;Indet.Sapotaceae;Indet.;34
2;249684;165,5000000000000;134,50000000000000;Lecythidaceae;Lecythis_persistens;Lecythis;persistens subsp. aurantiaca;32,5
2;249685;147,5000000000000;136,50000000000000;Malvaceae;Sterculia_pruriens;Sterculia;pruriens;33
2;249686;127,5000000000000;126,50000000000000;Annonaceae;Guatteria_guianensis;Guatteria;guianensis;34
2;249687;141,0000000000000;132,50000000000000;Nyctaginaceae;Neea_Indet.;Neea;Indet.;33,5
2;249688;167,5000000000000;183,00000000000000;Fabaceae;Inga_Indet.;Inga;Indet.;34,5
2;249689;177,5000000000000;188,50000000000000;Anacardiaceae;Anacardium_spruceanum;Anacardium;spruceanum;33
2;249690;151,5000000000000;248,50000000000000;Lecythidaceae;Lecythis_persistens;Lecythis;persistens subsp. aurantiaca;32
2;249691;135,5000000000000;218,00000000000000;Burseraceae;Protium_opacum;Protium;opacum subsp. rabelianum;32,5
2;257773;147,5000000000000;207,50000000000000;Arecaceae;Oenocarpus_bataua;Oenocarpus;bataua var. bataua;58
2;257774;155,5000000000000;178,50000000000000;Lecythidaceae;Eschweilera_sagotiana;Eschweilera;sagotiana;36
2;257775;172,0000000000000;139,50000000000000;Calophyllaceae;Mahurea_palustris;Mahurea;palustris;33
2;257776;140,5000000000000;158,50000000000000;Arecaceae;Oenocarpus_bataua;Oenocarpus;bataua var. bataua;58
3;102805;1;1;Euphorbiaceae;Hevea_guianensis;Hevea;guianensis;122,5
3;102806;1,5;0;Lauraceae;Sextonia_rubra;Sextonia;rubra;45
3;102808;1;4;Fabaceae;Eperua_falcata;Eperua;falcata;104
3;102809;2;7,5;Sapotaceae;Micropholis_egensis;Micropholis;egensis;155
3;102810;7;9,5;Fabaceae;Recordoxylon_speciosum;Recordoxylon;speciosum;48,5
3;102811;9;10,50000000000000;Lecythidaceae;Eschweilera_decolorans;Eschweilera;decolorans;45,5
3;102812;9;13,00000000000000;Peraceae;Pogonophora_schomburgkiana;Pogonophora;schomburgkiana;68
3;102813;5,5;12,50000000000000;Fabaceae;Vouacapoua_americana;Vouacapoua;americana;57,5
3;102814;4,5;5,5;Sapindaceae;Talisia_hexaphylla;Talisia;hexaphylla;36
3;102815;5;18,50000000000000;Peraceae;Chaetocarpus_schomburgkianus;Chaetocarpus;schomburgkianus;116
3;102816;6;15,00000000000000;Fabaceae;Abarema_jupunba;Abarema;jupunba var. jupunba;73,5
3;102818;11,5;10,50000000000000;Meliaceae;Carapa_surinamensis;Carapa;surinamensis;138,5
3;102819;0,5;16,00000000000000;Dichapetalaceae;Tapura_capitulifera;Tapura;capitulifera;114,125
3;102820;1,5;16,00000000000000;Lecythidaceae;Couratari_multiflora;Couratari;multiflora;126,125
3;102821;3;18,00000000000000;Fabaceae;Vouacapoua_americana;Vouacapoua;americana;61,625
3;102822;1;20,50000000000000;Peraceae;Pogonophora_schomburgkiana;Pogonophora;schomburgkiana;37,5
3;102823;1,5;24,00000000000000;Peraceae;Pogonophora_schomburgkiana;Pogonophora;schomburgkiana;51,5
3;102824;5,5;24,50000000000000;Lauraceae;Sextonia_rubra;Sextonia;rubra;231
3;102825;5,5;24,00000000000000;Lecythidaceae;Eschweilera_sagotiana;Eschweilera;sagotiana;74
3;102826;10;22,50000000000000;Dichapetalaceae;Tapura_capitulifera;Tapura;capitulifera;49
3;102828;7;26,00000000000000;Lecythidaceae;Eschweilera_congestiflora;Eschweilera;congestiflora;48
3;102829;8;27,50000000000000;Simaroubaceae;Simaba_polyphylla;Simaba;polyphylla;59
3;102830;5,5;27,00000000000000;Peraceae;Pogonophora_schomburgkiana;Pogonophora;schomburgkiana;41
3;102833;8,5;34,00000000000000;Annonaceae;Oxandra_asbeckii;Oxandra;asbeckii;46
3;102836;11,5;33,50000000000000;Elaeocarpaceae;Sloanea_parviflora;Sloanea;parviflora;83,5
3;102837;10,5;35,00000000000000;Clusiaceae;Symphonia_sp.1;Symphonia;sp.1;62,5
3;102839;1;39,50000000000000;Lecythidaceae;Eschweilera_sagotiana;Eschweilera;sagotiana;81,5
3;102840;0,5;43,50000000000000;Lecythidaceae;Eschweilera_sagotiana;Eschweilera;sagotiana;135,5
3;102841;3,5;42,00000000000000;Lecythidaceae;Lecythis_persistens;Lecythis;persistens subsp. aurantiaca;62
3;102842;4;41,00000000000000;Euphorbiaceae;Sandwithia_guyanensis;Sandwithia;guyanensis;32,5
3;102843;4;41,00000000000000;Euphorbiaceae;Sandwithia_guyanensis;Sandwithia;guyanensis;34
3;102844;8,5;40,50000000000000;Humiriaceae;Sacoglottis_guianensis;Sacoglottis;guianensis;137
3;102845;9,5;41,00000000000000;Annonaceae;Oxandra_asbeckii;Oxandra;asbeckii;33
3;102846;8,5;43,50000000000000;Chrysobalanaceae;Hymenopus_heteromorphus;Hymenopus;heteromorphus;56
3;102847;8;48,50000000000000;Euphorbiaceae;Sandwithia_guyanensis;Sandwithia;guyanensis;41,5
3;102848;2;53,00000000000000;Lecythidaceae;Lecythis_persistens;Lecythis;persistens subsp. aurantiaca;62
3;102849;3;55,00000000000000;Euphorbiaceae;Sandwithia_guyanensis;Sandwithia;guyanensis;34
3;102851;5;56,50000000000000;Fabaceae;Recordoxylon_speciosum;Recordoxylon;speciosum;144
3;102852;9;55,00000000000000;Clusiaceae;Moronobea_coccinea;Moronobea;coccinea;82
3;102853;10;57,50000000000000;Lecythidaceae;Eschweilera_decolorans;Eschweilera;decolorans;58
3;102855;2,5;56,50000000000000;Lecythidaceae;Lecythis_zabucajo;Lecythis;zabucajo;103
3;102856;3,5;58,50000000000000;Lecythidaceae;Lecythis_persistens;Lecythis;persistens subsp. aurantiaca;49
3;102857;3,5;58,50000000000000;Lecythidaceae;Eschweilera_congestiflora;Eschweilera;congestiflora;60
3;102858;1;64,00000000000000;Lecythidaceae;Eschweilera_sagotiana;Eschweilera;sagotiana;121,5
3;102859;2;65,00000000000000;Fabaceae;Vouacapoua_americana;Vouacapoua;americana;96
3;102860;7;65,00000000000000;Annonaceae;Oxandra_asbeckii;Oxandra;asbeckii;42,5
3;102861;7;66,00000000000000;Fabaceae;Enterolobium_schomburgkii;Enterolobium;schomburgkii;120,5
3;102862;7,5;69,50000000000000;Clusiaceae;Symphonia_globulifera;Symphonia;globulifera;56,5
3;102864;10,5;64,50000000000000;Caryocaraceae;Caryocar_glabrum;Caryocar;glabrum;51
3;102865;7,5;71,50000000000000;Lecythidaceae;Eschweilera_decolorans;Eschweilera;decolorans;84,5
3;102866;0,5;72,00000000000000;Annonaceae;Oxandra_asbeckii;Oxandra;asbeckii;36
3;102867;4,5;83,50000000000000;Annonaceae;Oxandra_asbeckii;Oxandra;asbeckii;37
3;102869;11,5;78,50000000000000;Fabaceae;Vouacapoua_americana;Vouacapoua;americana;55
3;102871;8,5;85,00000000000000;Clusiaceae;Symphonia_sp.1;Symphonia;sp.1;78
3;102872;8;88,50000000000000;Clusiaceae;Moronobea_coccinea;Moronobea;coccinea;113
3;102874;4,5;87,00000000000000;Lecythidaceae;Eschweilera_decolorans;Eschweilera;decolorans;96
3;102875;5;91,50000000000000;Burseraceae;Protium_surinamense;Protium;surinamense;84
3;102876;2,5;91,50000000000000;Dichapetalaceae;Tapura_capitulifera;Tapura;capitulifera;52,5
3;102877;1;91,00000000000000;Sapotaceae;Pradosia_cochlearia;Pradosia;cochlearia;124
3;102878;2,5;97,00000000000000;Sapotaceae;Chrysophyllum_prieurii;Chrysophyllum;prieurii;99
3;102879;7,5;95,00000000000000;Fabaceae;Dicorynia_guianensis;Dicorynia;guianensis;127
3;102880;8,5;94,00000000000000;Fabaceae;Dicorynia_guianensis;Dicorynia;guianensis;34
3;102881;3;100,50000000000000;Elaeocarpaceae;Sloanea_guianensis;Sloanea;guianensis subsp. guianensis;35,5
3;102882;7,5;102,00000000000000;Fabaceae;Swartzia_guianensis;Swartzia;guianensis;69,5
3;102883;6,5;102,50000000000000;Peraceae;Chaetocarpus_schomburgkianus;Chaetocarpus;schomburgkianus;80
3;102884;2,5;105,00000000000000;Lecythidaceae;Lecythis_persistens;Lecythis;persistens subsp. aurantiaca;52,5
3;102885;7;104,00000000000000;Fabaceae;Bocoa_prouacensis;Bocoa;prouacensis;71
3;102887;10;104,00000000000000;Sapotaceae;Micropholis_melinoniana;Micropholis;melinoniana;58
3;102888;10;106,00000000000000;Lecythidaceae;Eschweilera_sagotiana;Eschweilera;sagotiana;73
3;102889;6,5;108,00000000000000;Peraceae;Pogonophora_schomburgkiana;Pogonophora;schomburgkiana;51
3;102890;6;108,00000000000000;Fabaceae;Bocoa_prouacensis;Bocoa;prouacensis;52
3;102891;3;113,00000000000000;Humiriaceae;Sacoglottis_guianensis;Sacoglottis;guianensis;155,5
3;102892;2;115,50000000000000;Lecythidaceae;Gustavia_hexapetala;Gustavia;hexapetala;52
3;102893;3;116,50000000000000;Fabaceae;Swartzia_polyphylla;Swartzia;polyphylla;72,08
3;102895;11,5;115,00000000000000;Rubiaceae;Posoqueria_latifolia;Posoqueria;latifolia;63
3;102896;13;116,00000000000000;Olacaceae;Chaunochiton_kappleri;Chaunochiton;kappleri;198,5
3;102897;17;119,00000000000000;Chrysobalanaceae;Licania_laxiflora;Licania;laxiflora;72
3;102899;17,5;112,50000000000000;Sapotaceae;Pradosia_cochlearia;Pradosia;cochlearia;124
3;102900;14;111,00000000000000;Clusiaceae;Symphonia_globulifera;Symphonia;globulifera;99
3;102901;16,5;109,50000000000000;Lecythidaceae;Eschweilera_decolorans;Eschweilera;decolorans;126
3;102902;16,5;108,00000000000000;Moraceae;Brosimum_rubescens;Brosimum;rubescens;111
3;102903;20;110,00000000000000;Peraceae;Chaetocarpus_sp.1-CAY;Chaetocarpus;sp.1-CAY;58
3;102904;13,5;104,50000000000000;Annonaceae;Unonopsis_rufescens;Unonopsis;rufescens;40,5
3;102905;14;102,50000000000000;Lecythidaceae;Eschweilera_sagotiana;Eschweilera;sagotiana;142,5
3;102906;17;103,50000000000000;Sapotaceae;Pouteria_torta;Pouteria;torta;88
3;102907;15,5;100,00000000000000;Chrysobalanaceae;Licania_canescens;Licania;canescens;101
3;102908;14,5;100,00000000000000;Chrysobalanaceae;Hirtella_bicornis;Hirtella;bicornis var. bicornis;43,5
3;102909;13,5;97,50000000000000;Lecythidaceae;Eschweilera_congestiflora;Eschweilera;congestiflora;62,5
3;102910;16;96,00000000000000;Chrysobalanaceae;Licania_canescens;Licania;canescens;91,5
3;102911;16;96,00000000000000;Dichapetalaceae;Tapura_capitulifera;Tapura;capitulifera;96,5
3;102913;11,5;94,00000000000000;Lecythidaceae;Eschweilera_decolorans;Eschweilera;decolorans;85
3;102914;12;92,50000000000000;Fabaceae;Dicorynia_guianensis;Dicorynia;guianensis;146
3;102915;11,5;92,00000000000000;Simaroubaceae;Homalolepis_cedron;Homalolepis;cedron;39,5
3;102918;21,5;91,00000000000000;Fabaceae;Swartzia_panacoco;Swartzia;panacoco var. panacoco;73
3;102921;16,5;80,00000000000000;Sapindaceae;Talisia_simaboides;Talisia;simaboides;98
3;102923;16,5;77,00000000000000;Clusiaceae;Moronobea_coccinea;Moronobea;coccinea;102,5
3;102924;18;68,00000000000000;Lecythidaceae;Eschweilera_decolorans;Eschweilera;decolorans;107,5
3;102925;15;64,00000000000000;Dichapetalaceae;Tapura_capitulifera;Tapura;capitulifera;176,25
3;102926;18,5;60,00000000000000;Lecythidaceae;Eschweilera_decolorans;Eschweilera;decolorans;114,5
3;102928;20,5;61,50000000000000;Malvaceae;Theobroma_guianense;Theobroma;guianense;48
3;102929;17;57,00000000000000;Peraceae;Pogonophora_schomburgkiana;Pogonophora;schomburgkiana;59
3;102930;16;54,50000000000000;Fabaceae;Dicorynia_guianensis;Dicorynia;guianensis;178,5
3;102932;18,5;44,00000000000000;Euphorbiaceae;Sandwithia_guyanensis;Sandwithia;guyanensis;129
3;102934;20;45,00000000000000;Peraceae;Pogonophora_schomburgkiana;Pogonophora;schomburgkiana;50,5
3;102942;18,5;28,50000000000000;Peraceae;Pogonophora_schomburgkiana;Pogonophora;schomburgkiana;68
3;102943;18;26,00000000000000;Dichapetalaceae;Tapura_capitulifera;Tapura;capitulifera;90
3;102944;18;25,00000000000000;Lecythidaceae;Eschweilera_congestiflora;Eschweilera;congestiflora;64,5
3;102945;18;23,00000000000000;Annonaceae;Unonopsis_rufescens;Unonopsis;rufescens;43
3;102947;15,5;15,00000000000000;Fabaceae;Eperua_falcata;Eperua;falcata;156
3;102948;19;13,00000000000000;Chrysobalanaceae;Licania_membranacea;Licania;membranacea;114
3;102949;19;10,50000000000000;Chrysobalanaceae;Leptobalanus_sprucei;Leptobalanus;sprucei;42,5
3;102950;17;11,50000000000000;Fabaceae;Eperua_falcata;Eperua;falcata;138
3;102952;16;7;Chrysobalanaceae;Hirtella_bicornis;Hirtella;bicornis var. bicornis;41,5
3;102953;18;8;Lecythidaceae;Eschweilera_sagotiana;Eschweilera;sagotiana;94
3;102954;20;8,5;Annonaceae;Oxandra_asbeckii;Oxandra;asbeckii;40,5
3;102955;15,5;3;Rubiaceae;Posoqueria_latifolia;Posoqueria;latifolia;61
3;102956;16;1,5;Burseraceae;Protium_tenuifolium;Protium;tenuifolium;76
3;102957;13;3;Chrysobalanaceae;Licania_laxiflora;Licania;laxiflora;35,5
3;102958;14;0,5;Fabaceae;Eperua_falcata;Eperua;falcata;100,5
3;102959;14,5;0;Chrysobalanaceae;Licania_laxiflora;Licania;laxiflora;54
3;102960;20,5;3;Fabaceae;Eperua_falcata;Eperua;falcata;132
3;102962;28,5;5;Lecythidaceae;Lecythis_chartacea;Lecythis;chartacea;51
3;102964;26;8,5;Fabaceae;Eperua_falcata;Eperua;falcata;84
3;102965;26,5;9,5;Lecythidaceae;Eschweilera_congestiflora;Eschweilera;congestiflora;85
3;102966;26,5;11,00000000000000;Fabaceae;Vouacapoua_americana;Vouacapoua;americana;155
3;102967;25;13,50000000000000;Fabaceae;Eperua_falcata;Eperua;falcata;80
3;102969;29;12,00000000000000;Fabaceae;Eperua_falcata;Eperua;falcata;126
3;102970;25,5;17,00000000000000;Lecythidaceae;Eschweilera_sagotiana;Eschweilera;sagotiana;142
3;102971;31;21,00000000000000;Chrysobalanaceae;Licania_membranacea;Licania;membranacea;52
3;102973;24;22,00000000000000;Clusiaceae;Symphonia_sp.1;Symphonia;sp.1;41,5
3;102974;23;23,50000000000000;Chrysobalanaceae;Licania_membranacea;Licania;membranacea;93
3;102976;25;25,00000000000000;Peraceae;Pogonophora_schomburgkiana;Pogonophora;schomburgkiana;46,5
3;102977;21,5;30,50000000000000;Euphorbiaceae;Sandwithia_guyanensis;Sandwithia;guyanensis;39
3;102978;22,5;30,50000000000000;Chrysobalanaceae;Licania_membranacea;Licania;membranacea;51
3;102979;24;29,50000000000000;Clusiaceae;Symphonia_sp.1;Symphonia;sp.1;95,5
3;102980;23,5;33,00000000000000;Chrysobalanaceae;Leptobalanus_sprucei;Leptobalanus;sprucei;47
3;102981;21;34,00000000000000;Clusiaceae;Moronobea_coccinea;Moronobea;coccinea;145,5
3;102984;29;34,00000000000000;Chrysobalanaceae;Licania_canescens;Licania;canescens;62
3;102985;30;36,00000000000000;Clusiaceae;Symphonia_sp.1;Symphonia;sp.1;66,5
3;102986;30;48,00000000000000;Sapotaceae;Pradosia_cochlearia;Pradosia;cochlearia;190
3;102987;25;41,50000000000000;Fabaceae;Vouacapoua_americana;Vouacapoua;americana;115,375
3;102988;23;45,50000000000000;Clusiaceae;Moronobea_coccinea;Moronobea;coccinea;132
3;102992;21,5;49,50000000000000;Chrysobalanaceae;Leptobalanus_sprucei;Leptobalanus;sprucei;46,5
3;102993;23,5;52,50000000000000;Annonaceae;Oxandra_asbeckii;Oxandra;asbeckii;34,5
3;102994;27;54,50000000000000;Fabaceae;Dicorynia_guianensis;Dicorynia;guianensis;141
3;102995;28;54,00000000000000;Lecythidaceae;Eschweilera_decolorans;Eschweilera;decolorans;56
3;102996;30;57,00000000000000;Lecythidaceae;Eschweilera_decolorans;Eschweilera;decolorans;47,5
3;102997;26,5;57,50000000000000;Annonaceae;Oxandra_asbeckii;Oxandra;asbeckii;42
3;102998;27;59,00000000000000;Annonaceae;Oxandra_asbeckii;Oxandra;asbeckii;34
3;102999;30;60,00000000000000;Lecythidaceae;Eschweilera_congestiflora;Eschweilera;congestiflora;80,5
3;103000;29,5;63,00000000000000;Clusiaceae;Symphonia_sp.1;Symphonia;sp.1;49
3;103001;26,5;62,50000000000000;Lecythidaceae;Couratari_multiflora;Couratari;multiflora;48,5
3;103002;25,5;61,50000000000000;Sapotaceae;Pouteria_bilocularis;Pouteria;bilocularis;81
3;103003;24,5;64,00000000000000;Sapotaceae;Pradosia_cochlearia;Pradosia;cochlearia;172,5
3;103004;24;65,00000000000000;Malvaceae;Catostemma_fragrans;Catostemma;fragrans;90
3;103005;26,5;64,00000000000000;Fabaceae;Vouacapoua_americana;Vouacapoua;americana;44
3;103006;29;64,00000000000000;Annonaceae;Oxandra_asbeckii;Oxandra;asbeckii;36
3;103007;28,5;65,00000000000000;Lecythidaceae;Eschweilera_decolorans;Eschweilera;decolorans;39,5
3;103008;27,5;67,00000000000000;Sapotaceae;Chrysophyllum_pomiferum;Chrysophyllum;pomiferum;62
3;103009;28,5;70,50000000000000;Lecythidaceae;Eschweilera_sagotiana;Eschweilera;sagotiana;107,5
3;103010;22,5;69,50000000000000;Dichapetalaceae;Tapura_capitulifera;Tapura;capitulifera;198
3;103012;29,5;74,00000000000000;Clusiaceae;Symphonia_sp.1;Symphonia;sp.1;78,5
3;103013;29,5;79,00000000000000;Peraceae;Chaetocarpus_schomburgkianus;Chaetocarpus;schomburgkianus;62
3;103014;22;81,50000000000000;Lecythidaceae;Eschweilera_decolorans;Eschweilera;decolorans;87
3;103015;22,5;82,50000000000000;Clusiaceae;Tovomita_caloneura;Tovomita;caloneura;90
3;103021;25;93,50000000000000;Peraceae;Chaetocarpus_schomburgkianus;Chaetocarpus;schomburgkianus;63,5
3;103023;30;93,00000000000000;Lecythidaceae;Eschweilera_decolorans;Eschweilera;decolorans;39,5
3;103024;20;98,50000000000000;Dichapetalaceae;Tapura_capitulifera;Tapura;capitulifera;143,9375
3;103025;27,5;96,00000000000000;Lecythidaceae;Eschweilera_congestiflora;Eschweilera;congestiflora;89
3;103028;22;97,50000000000000;Lauraceae;Sextonia_rubra;Sextonia;rubra;212,5
3;103029;30;100,50000000000000;Chrysobalanaceae;Licania_laxiflora;Licania;laxiflora;69,5
3;103031;27;104,50000000000000;Lecythidaceae;Eschweilera_decolorans;Eschweilera;decolorans;100,5
3;103032;25,5;105,50000000000000;Lecythidaceae;Eschweilera_decolorans;Eschweilera;decolorans;101
3;103033;23,5;109,00000000000000;Myristicaceae;Iryanthera_sagotiana;Iryanthera;sagotiana;62,5
3;103034;21,5;110,00000000000000;Dichapetalaceae;Tapura_capitulifera;Tapura;capitulifera;35,5
3;103035;21;112,50000000000000;Fabaceae;Bocoa_prouacensis;Bocoa;prouacensis;50
3;103036;21,5;113,00000000000000;Lecythidaceae;Eschweilera_sagotiana;Eschweilera;sagotiana;68,5
3;103038;30;107,00000000000000;Sapotaceae;Pradosia_cochlearia;Pradosia;cochlearia;95
3;103040;28,5;117,50000000000000;Clusiaceae;Moronobea_coccinea;Moronobea;coccinea;146
3;103041;26;119,00000000000000;Chrysobalanaceae;Licania_canescens;Licania;canescens;58,5
3;103042;26;116,50000000000000;Fabaceae;Bocoa_prouacensis;Bocoa;prouacensis;154
3;103045;33,5;110,00000000000000;Lecythidaceae;Eschweilera_decolorans;Eschweilera;decolorans;134
3;103047;36,5;108,50000000000000;Clusiaceae;Symphonia_sp.1;Symphonia;sp.1;73
3;103048;35,5;104,50000000000000;Dichapetalaceae;Tapura_capitulifera;Tapura;capitulifera;46
3;103050;34;103,00000000000000;Caryocaraceae;Caryocar_glabrum;Caryocar;glabrum;146
3;103051;36,5;103,00000000000000;Chrysobalanaceae;Licania_micrantha;Licania;micrantha;77,5
3;103052;37;102,00000000000000;Meliaceae;Carapa_surinamensis;Carapa;surinamensis;89,5
3;103053;37;100,00000000000000;Lauraceae;Aniba_taubertiana;Aniba;taubertiana;54,5
3;103054;31;91,00000000000000;Lecythidaceae;Eschweilera_decolorans;Eschweilera;decolorans;141
3;103056;39,5;94,50000000000000;Euphorbiaceae;Sandwithia_guyanensis;Sandwithia;guyanensis;43,5
3;103058;37,5;88,00000000000000;Annonaceae;Oxandra_asbeckii;Oxandra;asbeckii;37
3;103059;38;85,50000000000000;Fabaceae;Dicorynia_guianensis;Dicorynia;guianensis;169
3;103061;31,5;85,00000000000000;Peraceae;Pogonophora_schomburgkiana;Pogonophora;schomburgkiana;54
3;103063;30,5;86,50000000000000;Lecythidaceae;Lecythis_persistens;Lecythis;persistens subsp. aurantiaca;51
3;103064;31;83,50000000000000;Fabaceae;Andira_coriacea;Andira;coriacea;124
3;103066;37;78,50000000000000;Lecythidaceae;Eschweilera_decolorans;Eschweilera;decolorans;129
3;103068;36;74,50000000000000;Fabaceae;Dicorynia_guianensis;Dicorynia;guianensis;123
3;103069;39,5;74,50000000000000;Sapotaceae;Ecclinusa_guianensis;Ecclinusa;guianensis;49
3;103070;30,5;69,50000000000000;Chrysobalanaceae;Licania_membranacea;Licania;membranacea;96,5
3;103071;34,5;67,50000000000000;Moraceae;Brosimum_guianense;Brosimum;guianense;41
3;103072;37,5;62,50000000000000;Sapotaceae;Manilkara_bidentata;Manilkara;bidentata;65
3;103073;34,5;60,50000000000000;Euphorbiaceae;Sandwithia_guyanensis;Sandwithia;guyanensis;37,5
3;103074;33;60,00000000000000;Clusiaceae;Symphonia_sp.1;Symphonia;sp.1;78
3;103075;32,5;60,00000000000000;Fabaceae;Vouacapoua_americana;Vouacapoua;americana;67,5
3;103077;36,5;55,50000000000000;Lecythidaceae;Eschweilera_decolorans;Eschweilera;decolorans;87
3;103078;38,5;57,00000000000000;Lecythidaceae;Eschweilera_sagotiana;Eschweilera;sagotiana;77,5
3;103079;38,5;59,50000000000000;Humiriaceae;Humiriastrum_subcrenatum;Humiriastrum;subcrenatum;104
3;103080;37,5;47,00000000000000;Clusiaceae;Tovomita_caloneura;Tovomita;caloneura;50,5
3;103081;35,5;46,00000000000000;Chrysobalanaceae;Hymenopus_heteromorphus;Hymenopus;heteromorphus;168
3;103082;36;44,50000000000000;Chrysobalanaceae;Licania_canescens;Licania;canescens;46
3;103083;37,5;44,50000000000000;Sapotaceae;Pouteria_gonggrijpii;Pouteria;gonggrijpii;45,5
3;103086;30,5;50,50000000000000;Malvaceae;Eriotheca_globosa;Eriotheca;globosa;128
3;103087;32;51,50000000000000;Annonaceae;Oxandra_asbeckii;Oxandra;asbeckii;39,5
3;103090;38;36,00000000000000;Ochnaceae;Quiina_integrifolia;Quiina;integrifolia;52,5
3;103091;36,5;35,00000000000000;Malvaceae;Catostemma_fragrans;Catostemma;fragrans;78
3;103092;34;36,00000000000000;Rubiaceae;Posoqueria_latifolia;Posoqueria;latifolia;48,5
3;103093;38;33,00000000000000;Fabaceae;Swartzia_grandifolia;Swartzia;grandifolia;37,5
3;103094;34;33,00000000000000;Fabaceae;Diplotropis_purpurea;Diplotropis;purpurea;70
3;103095;38,5;28,00000000000000;Chrysobalanaceae;Hymenopus_heteromorphus;Hymenopus;heteromorphus;109,5
3;103096;36;29,50000000000000;Elaeocarpaceae;Sloanea_sp.4-CAY;Sloanea;sp.4-CAY;90
3;103098;34;28,50000000000000;Myristicaceae;Virola_michelii;Virola;michelii;87
3;103099;32;24,50000000000000;Sapotaceae;Pradosia_cochlearia;Pradosia;cochlearia;81,625
3;103101;36;18,50000000000000;Fabaceae;Eperua_falcata;Eperua;falcata;92
3;103103;40,5;17,00000000000000;Myrtaceae;Eugenia_cupulata;Eugenia;cupulata;41
3;103104;39,5;13,50000000000000;Fabaceae;Vouacapoua_americana;Vouacapoua;americana;104
3;103107;31,5;15,00000000000000;Clusiaceae;Symphonia_sp.1;Symphonia;sp.1;97,5
3;103109;38;7;Chrysobalanaceae;Hymenopus_heteromorphus;Hymenopus;heteromorphus;157,5
3;103110;37;5,5;Meliaceae;Carapa_surinamensis;Carapa;surinamensis;33,5
3;103112;36,5;0,5;Fabaceae;Recordoxylon_speciosum;Recordoxylon;speciosum;127
3;103114;43;0,5;Goupiaceae;Goupia_glabra;Goupia;glabra;219,875
3;103115;45;1;Fabaceae;Bocoa_prouacensis;Bocoa;prouacensis;49
3;103116;46;3;Siparunaceae;Siparuna_decipiens;Siparuna;decipiens;37
3;103117;47;4,5;Fabaceae;Bocoa_prouacensis;Bocoa;prouacensis;64,5
3;103119;45;9;Fabaceae;Eperua_falcata;Eperua;falcata;146,5
3;103121;43;12,00000000000000;Fabaceae;Vouacapoua_americana;Vouacapoua;americana;166
3;103124;44;18,00000000000000;Chrysobalanaceae;Hymenopus_heteromorphus;Hymenopus;heteromorphus;63,5
3;103125;40,5;21,00000000000000;Dichapetalaceae;Tapura_capitulifera;Tapura;capitulifera;41
3;103127;48;25,00000000000000;Chrysobalanaceae;Hymenopus_heteromorphus;Hymenopus;heteromorphus;56
3;103128;50;23,00000000000000;Moraceae;Brosimum_guianense;Brosimum;guianense;64,5
3;103129;49;28,50000000000000;Fabaceae;Recordoxylon_speciosum;Recordoxylon;speciosum;42
3;103130;48,5;28,50000000000000;Meliaceae;Carapa_surinamensis;Carapa;surinamensis;82
3;103131;45;28,00000000000000;Fabaceae;Dicorynia_guianensis;Dicorynia;guianensis;87,5
3;103132;41,5;29,50000000000000;Peraceae;Chaetocarpus_schomburgkianus;Chaetocarpus;schomburgkianus;47
3;103133;40,5;31,50000000000000;Chrysobalanaceae;Couepia_caryophylloides;Couepia;caryophylloides;105,5
3;103134;41,5;32,50000000000000;Fabaceae;Eperua_falcata;Eperua;falcata;79,5
3;103135;42;35,00000000000000;Simaroubaceae;Simaba_polyphylla;Simaba;polyphylla;99,5
3;103136;46;35,00000000000000;Fabaceae;Eperua_falcata;Eperua;falcata;80
3;103137;49;35,00000000000000;Lecythidaceae;Eschweilera_decolorans;Eschweilera;decolorans;48
3;103138;48;36,50000000000000;Clusiaceae;Symphonia_globulifera;Symphonia;globulifera;76
3;103139;43,5;37,00000000000000;Myrtaceae;Eugenia_exaltata;Eugenia;exaltata;38
3;103140;44;40,00000000000000;Anacardiaceae;Tapirira_obtusa;Tapirira;obtusa;104
3;103141;41;43,00000000000000;Lecythidaceae;Eschweilera_sagotiana;Eschweilera;sagotiana;176,5
3;103142;41,5;44,00000000000000;Dichapetalaceae;Tapura_capitulifera;Tapura;capitulifera;99,5
3;103143;40,5;46,00000000000000;Euphorbiaceae;Sandwithia_guyanensis;Sandwithia;guyanensis;37,5
3;103147;46,5;51,50000000000000;Lecythidaceae;Gustavia_hexapetala;Gustavia;hexapetala;44,5
3;103149;41,5;55,50000000000000;Fabaceae;Inga_stipularis;Inga;stipularis;54,5
3;103150;41,5;57,00000000000000;Annonaceae;Oxandra_asbeckii;Oxandra;asbeckii;41
3;103152;49,5;62,50000000000000;Fabaceae;Eperua_grandiflora;Eperua;grandiflora;115
3;103156;41,5;66,50000000000000;Lecythidaceae;Eschweilera_decolorans;Eschweilera;decolorans;83
3;103157;41,5;66,50000000000000;Chrysobalanaceae;Parinariopsis_licaniiflora;Parinariopsis;licaniiflora;62
3;103158;41,5;62,50000000000000;Chrysobalanaceae;Couepia_caryophylloides;Couepia;caryophylloides;55
3;103159;40,5;66,00000000000000;Rubiaceae;Duroia_longiflora;Duroia;longiflora;57,5
3;103161;44,5;74,00000000000000;Lecythidaceae;Eschweilera_congestiflora;Eschweilera;congestiflora;82
3;103163;43;76,50000000000000;Lecythidaceae;Eschweilera_decolorans;Eschweilera;decolorans;109,5
3;103164;42;80,00000000000000;Linaceae;Hebepetalum_humiriifolium;Hebepetalum;humiriifolium;45
3;103165;49;80,00000000000000;Clusiaceae;Symphonia_sp.1;Symphonia;sp.1;66,5
3;103166;49;83,00000000000000;Sapotaceae;Chrysophyllum_pomiferum;Chrysophyllum;pomiferum;69
3;103167;46,5;87,50000000000000;Fabaceae;Eperua_grandiflora;Eperua;grandiflora;181
3;103170;41;97,00000000000000;Fabaceae;Abarema_mataybifolia;Abarema;mataybifolia;44
3;103171;47,5;101,50000000000000;Fabaceae;Eperua_grandiflora;Eperua;grandiflora;158
3;103173;43,5;103,00000000000000;Chrysobalanaceae;Licania_alba;Licania;alba;94
3;103174;44;105,50000000000000;Chrysobalanaceae;Licania_laxiflora;Licania;laxiflora;58,5
3;103175;45,5;108,00000000000000;Peraceae;Pogonophora_schomburgkiana;Pogonophora;schomburgkiana;71
3;103176;49,5;114,50000000000000;Sapotaceae;Chrysophyllum_sanguinolentum;Chrysophyllum;sanguinolentum;107,5
3;103179;48;118,00000000000000;Elaeocarpaceae;Sloanea_sp.70-CAY;Sloanea;sp.70-CAY;46,5
3;103180;50;110,00000000000000;Sapotaceae;Pouteria_ambelaniifolia;Pouteria;ambelaniifolia;75
3;103183;54;115,50000000000000;Fabaceae;Vouacapoua_americana;Vouacapoua;americana;89
3;103187;53,5;106,50000000000000;Annonaceae;Oxandra_asbeckii;Oxandra;asbeckii;46,5
3;103188;54,5;106,00000000000000;Lecythidaceae;Lecythis_chartacea;Lecythis;chartacea;44,5
3;103190;56,5;101,50000000000000;Lecythidaceae;Eschweilera_decolorans;Eschweilera;decolorans;66
3;103195;58,5;91,00000000000000;Fabaceae;Eperua_grandiflora;Eperua;grandiflora;215
3;103196;51;86,50000000000000;Lecythidaceae;Gustavia_hexapetala;Gustavia;hexapetala;59
3;103197;52,5;86,50000000000000;Lecythidaceae;Eschweilera_sagotiana;Eschweilera;sagotiana;65
3;103198;52,5;85,50000000000000;Clusiaceae;Symphonia_sp.1;Symphonia;sp.1;95,5
3;103199;54;81,50000000000000;Peraceae;Pogonophora_schomburgkiana;Pogonophora;schomburgkiana;48
3;103200;56;78,50000000000000;Sapindaceae;Talisia_furfuracea;Talisia;furfuracea;59
3;103201;56,5;78,50000000000000;Burseraceae;Protium_subserratum;Protium;subserratum;87
3;103203;53;82,00000000000000;Peraceae;Pogonophora_schomburgkiana;Pogonophora;schomburgkiana;34,5
3;103204;53;78,00000000000000;Chrysobalanaceae;Licania_alba;Licania;alba;77,5
3;103205;50,5;75,00000000000000;Peraceae;Chaetocarpus_schomburgkianus;Chaetocarpus;schomburgkianus;80,5
3;103206;52;74,00000000000000;Peraceae;Pogonophora_schomburgkiana;Pogonophora;schomburgkiana;81
3;103207;50;72,50000000000000;Euphorbiaceae;Sandwithia_guyanensis;Sandwithia;guyanensis;45,5
3;103210;60;85,00000000000000;Lecythidaceae;Eschweilera_decolorans;Eschweilera;decolorans;94
3;103213;56,5;66,00000000000000;Chrysobalanaceae;Licania_alba;Licania;alba;60
3;103214;54;64,00000000000000;Clusiaceae;Symphonia_sp.1;Symphonia;sp.1;67
3;103215;53,5;67,00000000000000;Sapotaceae;Micropholis_venulosa;Micropholis;venulosa;96
3;103217;59,5;62,00000000000000;Peraceae;Chaetocarpus_sp.1-CAY;Chaetocarpus;sp.1-CAY;44,5
3;103218;60;62,00000000000000;Malvaceae;Sterculia_pruriens;Sterculia;pruriens;47
3;103219;59,5;60,00000000000000;Lecythidaceae;Eschweilera_decolorans;Eschweilera;decolorans;51,5
3;103220;56,5;60,00000000000000;Clusiaceae;Symphonia_sp.1;Symphonia;sp.1;148
3;103221;54,5;57,00000000000000;Clusiaceae;Symphonia_sp.1;Symphonia;sp.1;147
3;103222;57,5;57,50000000000000;Simaroubaceae;Homalolepis_cedron;Homalolepis;cedron;40,5
3;103223;57,5;55,50000000000000;Myristicaceae;Iryanthera_hostmannii;Iryanthera;hostmannii;43
3;103224;58,5;54,50000000000000;Metteniusaceae;Poraqueiba_guianensis;Poraqueiba;guianensis;39,5
3;103231;54;45,50000000000000;Burseraceae;Protium_tenuifolium;Protium;tenuifolium;88,5
3;103233;57,5;42,50000000000000;Sapotaceae;Chrysophyllum_prieurii;Chrysophyllum;prieurii;80
3;103236;51;40,00000000000000;Clusiaceae;Tovomita_caloneura;Tovomita;caloneura;44
3;103237;54,5;37,00000000000000;Fabaceae;Eperua_falcata;Eperua;falcata;79
3;103238;59;40,00000000000000;Olacaceae;Chaunochiton_kappleri;Chaunochiton;kappleri;77
3;103239;56;33,00000000000000;Clusiaceae;Symphonia_sp.1;Symphonia;sp.1;92
3;103240;53,5;34,00000000000000;Lecythidaceae;Eschweilera_sagotiana;Eschweilera;sagotiana;146,5
3;103241;52;32,00000000000000;Fabaceae;Swartzia_polyphylla;Swartzia;polyphylla;44,58625
3;103242;53;30,50000000000000;Fabaceae;Eperua_grandiflora;Eperua;grandiflora;224
3;103243;53;26,00000000000000;Malvaceae;Theobroma_guianense;Theobroma;guianense;41,5
3;103244;53;26,00000000000000;Meliaceae;Guarea_pubescens;Guarea;pubescens subsp. pubescens;68,5
3;103248;50;10,00000000000000;Elaeocarpaceae;Sloanea_conferta;Sloanea;conferta;51
3;103249;50;8,5;Fabaceae;Bocoa_prouacensis;Bocoa;prouacensis;50
3;103250;51;7;Euphorbiaceae;Hevea_guianensis;Hevea;guianensis;43,5
3;103251;51;1,5;Lecythidaceae;Lecythis_persistens;Lecythis;persistens subsp. aurantiaca;68
3;103252;52;0;Burseraceae;Protium_opacum;Protium;opacum subsp. rabelianum;85
3;103254;60;2,5;Lecythidaceae;Lecythis_persistens;Lecythis;persistens subsp. aurantiaca;38,5
3;103255;60;4,5;Fabaceae;Eperua_falcata;Eperua;falcata;112
3;103257;59;9,5;Cordiaceae;Cordia_sagotii;Cordia;sagotii;60,5
3;103259;59,5;24,00000000000000;Lecythidaceae;Eschweilera_coriacea;Eschweilera;coriacea;76,5
3;103260;63,5;0;Meliaceae;Carapa_surinamensis;Carapa;surinamensis;63
3;103264;68;9;Goupiaceae;Goupia_glabra;Goupia;glabra;80
3;103265;67;10,00000000000000;Chrysobalanaceae;Licania_alba;Licania;alba;87
3;103266;66;3,5;Lecythidaceae;Lecythis_persistens;Lecythis;persistens subsp. aurantiaca;38,5
3;103267;65;9,5;Lecythidaceae;Eschweilera_sagotiana;Eschweilera;sagotiana;101,5
3;103268;62,5;11,50000000000000;Sapotaceae;Micropholis_egensis;Micropholis;egensis;61,5
3;103270;62,5;16,50000000000000;Elaeocarpaceae;Sloanea_granulosa;Sloanea;granulosa;58
3;103271;65;16,50000000000000;Elaeocarpaceae;Sloanea_granulosa;Sloanea;granulosa;42,5
3;103273;70;14,50000000000000;Lecythidaceae;Lecythis_persistens;Lecythis;persistens subsp. aurantiaca;54
3;103274;71,5;20,00000000000000;Malvaceae;Apeiba_glabra;Apeiba;glabra;84
3;103275;70;23,00000000000000;Salicaceae;Laetia_procera;Laetia;procera;157
3;103276;66;21,00000000000000;Fabaceae;Eperua_falcata;Eperua;falcata;73
3;103277;66;24,50000000000000;Bignoniaceae;Tabebuia_insignis;Tabebuia;insignis;69,5
3;103278;60,5;24,50000000000000;Elaeocarpaceae;Sloanea_guianensis;Sloanea;guianensis subsp. guianensis;41,5
3;103280;65,5;27,00000000000000;Clusiaceae;Tovomita_obovata;Tovomita;obovata;46
3;103281;66;26,50000000000000;Chrysobalanaceae;Parinari_campestris;Parinari;campestris;111
3;103283;66;29,50000000000000;Malvaceae;Apeiba_glabra;Apeiba;glabra;62
3;103284;64;30,50000000000000;Chrysobalanaceae;Licania_laxiflora;Licania;laxiflora;43,5
3;103285;62,5;28,50000000000000;Fabaceae;Recordoxylon_speciosum;Recordoxylon;speciosum;64
3;103287;69;33,00000000000000;Chrysobalanaceae;Licania_alba;Licania;alba;51,5
3;103288;66,5;34,50000000000000;Meliaceae;Carapa_surinamensis;Carapa;surinamensis;105,5
3;103290;62,5;35,50000000000000;Lecythidaceae;Eschweilera_sagotiana;Eschweilera;sagotiana;89
3;103293;67;40,00000000000000;Chrysobalanaceae;Licania_membranacea;Licania;membranacea;65
3;103296;60,5;54,00000000000000;Lecythidaceae;Eschweilera_decolorans;Eschweilera;decolorans;96,5
3;103298;67;52,50000000000000;Simaroubaceae;Homalolepis_cedron;Homalolepis;cedron;62
3;103300;69;55,00000000000000;Annonaceae;Xylopia_nitida;Xylopia;nitida;92,5
3;103301;61;54,00000000000000;Euphorbiaceae;Sandwithia_guyanensis;Sandwithia;guyanensis;38
3;103305;60,5;73,00000000000000;Fabaceae;Inga_cayennensis;Inga;cayennensis;53
3;103306;63;72,50000000000000;Bignoniaceae;Jacaranda_copaia;Jacaranda;copaia subsp. copaia;105
3;103307;69,5;75,00000000000000;Annonaceae;Oxandra_asbeckii;Oxandra;asbeckii;39,5
3;103308;69;79,00000000000000;Peraceae;Pogonophora_schomburgkiana;Pogonophora;schomburgkiana;82
3;103310;63;79,00000000000000;Peraceae;Pogonophora_schomburgkiana;Pogonophora;schomburgkiana;74
3;103311;61;81,50000000000000;Sapotaceae;Chrysophyllum_prieurii;Chrysophyllum;prieurii;130
3;103312;65,5;83,50000000000000;Dichapetalaceae;Tapura_capitulifera;Tapura;capitulifera;77,625
3;103313;66;86,00000000000000;Lecythidaceae;Eschweilera_decolorans;Eschweilera;decolorans;94,5
3;103314;66;87,50000000000000;Chrysobalanaceae;Licania_canescens;Licania;canescens;61
3;103315;60;89,50000000000000;Lecythidaceae;Eschweilera_decolorans;Eschweilera;decolorans;81
3;103316;68;88,50000000000000;Fabaceae;Bocoa_prouacensis;Bocoa;prouacensis;84
3;103317;68,5;89,50000000000000;Peraceae;Pogonophora_schomburgkiana;Pogonophora;schomburgkiana;53
3;103321;69;97,00000000000000;Lecythidaceae;Couratari_multiflora;Couratari;multiflora;61
3;103327;66,5;106,50000000000000;Fabaceae;Eperua_grandiflora;Eperua;grandiflora;87
3;103329;67,5;108,50000000000000;Ochnaceae;Lacunaria_jenmanii;Lacunaria;jenmanii subsp. jenmanii;74,5
3;103330;63;111,50000000000000;Fabaceae;Dicorynia_guianensis;Dicorynia;guianensis;166
3;103331;62;112,00000000000000;Annonaceae;Oxandra_asbeckii;Oxandra;asbeckii;43
3;103332;61,5;113,50000000000000;Euphorbiaceae;Sandwithia_guyanensis;Sandwithia;guyanensis;35
3;103333;64;115,00000000000000;Peraceae;Pogonophora_schomburgkiana;Pogonophora;schomburgkiana;78,5
3;103337;67,5;117,00000000000000;Euphorbiaceae;Sandwithia_guyanensis;Sandwithia;guyanensis;40
3;103338;62;117,00000000000000;Chrysobalanaceae;Hirtella_glandulosa;Hirtella;glandulosa;105
3;103342;78,5;116,00000000000000;Annonaceae;Oxandra_asbeckii;Oxandra;asbeckii;46
3;103344;72;109,00000000000000;Malvaceae;Sterculia_speciosa;Sterculia;speciosa;93,5
3;103345;72;102,00000000000000;Vochysiaceae;Ruizterania_albiflora;Ruizterania;albiflora;187
3;103349;79;109,00000000000000;Chrysobalanaceae;Licania_alba;Licania;alba;105,5
3;103350;80,5;99,00000000000000;Goupiaceae;Goupia_glabra;Goupia;glabra;49,5
3;103351;73,5;99,00000000000000;Sapindaceae;Talisia_hexaphylla;Talisia;hexaphylla;37,5
3;103356;78;89,00000000000000;Sapotaceae;Micropholis_melinoniana;Micropholis;melinoniana;77,5
3;103357;76;85,50000000000000;Chrysobalanaceae;Licania_canescens;Licania;canescens;67
3;103360;71;77,00000000000000;Lecythidaceae;Eschweilera_coriacea;Eschweilera;coriacea;48
3;103361;73;77,50000000000000;Rubiaceae;Duroia_longiflora;Duroia;longiflora;65,5
3;103362;74;76,00000000000000;Fabaceae;Eperua_grandiflora;Eperua;grandiflora;50
3;103368;72,5;75,50000000000000;Annonaceae;Oxandra_asbeckii;Oxandra;asbeckii;37
3;103370;71;71,00000000000000;Fabaceae;Parkia_nitida;Parkia;nitida;167,5
3;103371;73,5;67,50000000000000;Fabaceae;Inga_sp.12-CAY;Inga;sp.12-CAY;178
3;103372;74;67,00000000000000;Lecythidaceae;Eschweilera_coriacea;Eschweilera;coriacea;120
3;103373;74,5;66,50000000000000;Fabaceae;Vouacapoua_americana;Vouacapoua;americana;99,25
3;103375;78;65,50000000000000;Euphorbiaceae;Mabea_piriri;Mabea;piriri;51
3;103376;73;65,50000000000000;Peraceae;Pogonophora_schomburgkiana;Pogonophora;schomburgkiana;38
3;103377;73;61,00000000000000;Celastraceae;Maytenus_oblongata;Maytenus;oblongata;71,5
3;103378;77,5;62,50000000000000;Chrysobalanaceae;Leptobalanus_longistylus;Leptobalanus;longistylus;63
3;103380;72;57,00000000000000;Euphorbiaceae;Hevea_guianensis;Hevea;guianensis;125
3;103381;70,5;50,50000000000000;Chrysobalanaceae;Licania_alba;Licania;alba;79
3;103382;76;35,50000000000000;Fabaceae;Inga_marginata;Inga;marginata;117
3;103383;73;42,50000000000000;Euphorbiaceae;Sandwithia_guyanensis;Sandwithia;guyanensis;46
3;103384;71;42,50000000000000;Euphorbiaceae;Sandwithia_guyanensis;Sandwithia;guyanensis;39
3;103385;71;39,50000000000000;Fabaceae;Inga_gracilifolia;Inga;gracilifolia;141
3;103387;73,5;38,00000000000000;Euphorbiaceae;Sandwithia_guyanensis;Sandwithia;guyanensis;36
3;103388;78,5;47,50000000000000;Sapotaceae;Pradosia_cochlearia;Pradosia;cochlearia;58
3;103389;79;41,00000000000000;Lecythidaceae;Lecythis_persistens;Lecythis;persistens subsp. aurantiaca;55,5
3;103391;73;35,50000000000000;Bignoniaceae;Jacaranda_copaia;Jacaranda;copaia subsp. copaia;86
3;103392;71;33,00000000000000;Clusiaceae;Symphonia_globulifera;Symphonia;globulifera;157
3;103393;74;25,50000000000000;Lecythidaceae;Eschweilera_decolorans;Eschweilera;decolorans;96,5
3;103394;78;27,50000000000000;Lecythidaceae;Lecythis_persistens;Lecythis;persistens subsp. aurantiaca;77
3;103395;79;29,50000000000000;Clusiaceae;Tovomita_obovata;Tovomita;obovata;80,5
3;103396;81;15,50000000000000;Lecythidaceae;Eschweilera_coriacea;Eschweilera;coriacea;85,5
3;103398;75,5;18,00000000000000;Lecythidaceae;Eschweilera_coriacea;Eschweilera;coriacea;60
3;103399;74;12,50000000000000;Euphorbiaceae;Sandwithia_guyanensis;Sandwithia;guyanensis;35,5
3;103402;81,5;14,00000000000000;Simaroubaceae;Homalolepis_morettii;Homalolepis;morettii;127
3;103403;80;9,5;Annonaceae;Oxandra_asbeckii;Oxandra;asbeckii;46,5
3;103404;71,5;9,5;Chrysobalanaceae;Licania_alba;Licania;alba;89
3;103405;77;7,5;Chrysobalanaceae;Licania_alba;Licania;alba;96
3;103406;76;2,5;Lecythidaceae;Eschweilera_sagotiana;Eschweilera;sagotiana;140
3;103407;82;1,5;Peraceae;Chaetocarpus_schomburgkianus;Chaetocarpus;schomburgkianus;136,5
3;103408;86;2;Euphorbiaceae;Hevea_guianensis;Hevea;guianensis;48
3;103409;90;5;Fabaceae;Vouacapoua_americana;Vouacapoua;americana;141,5
3;103411;84;9,5;Moraceae;Helicostylis_pedunculata;Helicostylis;pedunculata;91
3;103412;84;11,00000000000000;Euphorbiaceae;Sandwithia_guyanensis;Sandwithia;guyanensis;34
3;103414;86;13,50000000000000;Fabaceae;Vouacapoua_americana;Vouacapoua;americana;87,5
3;103415;90;11,50000000000000;Fabaceae;Eperua_falcata;Eperua;falcata;93
3;103416;85;15,50000000000000;Fabaceae;Eperua_falcata;Eperua;falcata;80,5
3;103417;85;17,00000000000000;Euphorbiaceae;Sandwithia_guyanensis;Sandwithia;guyanensis;36,5
3;103418;83,5;19,00000000000000;Lecythidaceae;Lecythis_persistens;Lecythis;persistens subsp. aurantiaca;53,5
3;103419;90;20,00000000000000;Chrysobalanaceae;Couepia_caryophylloides;Couepia;caryophylloides;74,5
3;103420;87;21,50000000000000;Fabaceae;Eperua_falcata;Eperua;falcata;56,5
3;103426;81;39,00000000000000;Fabaceae;Tachigali_melinonii;Tachigali;melinonii;150,5
3;103427;90;39,00000000000000;Lecythidaceae;Lecythis_persistens;Lecythis;persistens subsp. aurantiaca;49,5
3;103429;82,5;42,50000000000000;Meliaceae;Carapa_surinamensis;Carapa;surinamensis;69
3;103432;80,5;44,50000000000000;Clusiaceae;Tovomita_obovata;Tovomita;obovata;99
3;103433;80,5;46,00000000000000;Chrysobalanaceae;Licania_alba;Licania;alba;79
3;103434;82;53,00000000000000;Peraceae;Pogonophora_schomburgkiana;Pogonophora;schomburgkiana;49,5
3;103438;90;59,50000000000000;Euphorbiaceae;Mabea_piriri;Mabea;piriri;51
3;103440;86,5;65,00000000000000;Clusiaceae;Symphonia_sp.1;Symphonia;sp.1;135
3;103443;87;69,50000000000000;Lecythidaceae;Lecythis_persistens;Lecythis;persistens subsp. aurantiaca;43,5
3;103444;89;69,50000000000000;Clusiaceae;Moronobea_coccinea;Moronobea;coccinea;106,5
3;103445;85,5;76,50000000000000;Lecythidaceae;Lecythis_persistens;Lecythis;persistens subsp. aurantiaca;41
3;103446;84,5;76,50000000000000;Lecythidaceae;Couratari_guianensis;Couratari;guianensis;119,25
3;103447;81,5;76,50000000000000;Annonaceae;Oxandra_asbeckii;Oxandra;asbeckii;38
3;103449;84;84,00000000000000;Peraceae;Pogonophora_schomburgkiana;Pogonophora;schomburgkiana;59,5
3;103450;84,5;86,50000000000000;Peraceae;Pogonophora_schomburgkiana;Pogonophora;schomburgkiana;45
3;103451;81;86,50000000000000;Annonaceae;Oxandra_asbeckii;Oxandra;asbeckii;40,5
3;103452;82,5;89,00000000000000;Fabaceae;Tachigali_melinonii;Tachigali;melinonii;139,5
3;103454;90,5;94,00000000000000;Peraceae;Pogonophora_schomburgkiana;Pogonophora;schomburgkiana;43,5
3;103455;90;95,00000000000000;Chrysobalanaceae;Licania_laxiflora;Licania;laxiflora;133
3;103456;89;97,50000000000000;Euphorbiaceae;Sandwithia_guyanensis;Sandwithia;guyanensis;40
3;103457;81,5;93,50000000000000;Fabaceae;Swartzia_guianensis;Swartzia;guianensis;50
3;103458;83,5;96,50000000000000;Peraceae;Pogonophora_schomburgkiana;Pogonophora;schomburgkiana;57
3;103459;83,5;97,50000000000000;Moraceae;Helicostylis_tomentosa;Helicostylis;tomentosa;39
3;103461;89,5;98,50000000000000;Chrysobalanaceae;Licania_micrantha;Licania;micrantha;159
3;103462;90;100,00000000000000;Fabaceae;Eperua_falcata;Eperua;falcata;76,5
3;103463;87;102,50000000000000;Peraceae;Pogonophora_schomburgkiana;Pogonophora;schomburgkiana;48
3;103465;87,5;107,00000000000000;Peraceae;Pogonophora_schomburgkiana;Pogonophora;schomburgkiana;43,5
3;103466;82,5;110,50000000000000;Sapotaceae;Pouteria_ambelaniifolia;Pouteria;ambelaniifolia;63
3;103467;86;113,00000000000000;Elaeocarpaceae;Sloanea_brevipes;Sloanea;brevipes;33
3;103468;88;114,00000000000000;Fabaceae;Eperua_grandiflora;Eperua;grandiflora;102,5
3;103469;87;114,00000000000000;Sapotaceae;Pradosia_cochlearia;Pradosia;cochlearia;212
3;103470;85,5;120,00000000000000;Lecythidaceae;Eschweilera_decolorans;Eschweilera;decolorans;93
3;103472;97;119,00000000000000;Euphorbiaceae;Conceveiba_guianensis;Conceveiba;guianensis;47
3;103473;96,5;117,50000000000000;Chrysobalanaceae;Licania_laxiflora;Licania;laxiflora;109
3;103475;96,5;117,00000000000000;Clusiaceae;Moronobea_coccinea;Moronobea;coccinea;79,5
3;103476;100,5000000000000;112,50000000000000;Peraceae;Chaetocarpus_schomburgkianus;Chaetocarpus;schomburgkianus;56
3;103477;96;112,50000000000000;Malvaceae;Catostemma_fragrans;Catostemma;fragrans;91
3;103478;92;113,50000000000000;Lecythidaceae;Eschweilera_decolorans;Eschweilera;decolorans;110
3;103482;98,5;102,00000000000000;Fabaceae;Eperua_falcata;Eperua;falcata;71
3;103485;96,5;94,00000000000000;Malvaceae;Theobroma_guianense;Theobroma;guianense;57
3;103486;93,5;93,00000000000000;Peraceae;Pogonophora_schomburgkiana;Pogonophora;schomburgkiana;39
3;103487;93;93,50000000000000;Chrysobalanaceae;Licania_ovalifolia;Licania;ovalifolia;109
3;103489;95,5;91,00000000000000;Fabaceae;Vouacapoua_americana;Vouacapoua;americana;62
3;103490;100,0000000000000;84,50000000000000;Fabaceae;Eperua_grandiflora;Eperua;grandiflora;143,5
3;103491;100,0000000000000;83,50000000000000;Clusiaceae;Moronobea_coccinea;Moronobea;coccinea;102
3;103492;94,5;85,00000000000000;Euphorbiaceae;Sandwithia_guyanensis;Sandwithia;guyanensis;33,5
3;103493;91;86,50000000000000;Peraceae;Pogonophora_schomburgkiana;Pogonophora;schomburgkiana;67
3;103494;97,5;80,00000000000000;Fabaceae;Eperua_falcata;Eperua;falcata;103
3;103495;96;77,00000000000000;Lecythidaceae;Eschweilera_sagotiana;Eschweilera;sagotiana;130
3;103497;97;73,00000000000000;Simaroubaceae;Homalolepis_cedron;Homalolepis;cedron;46,5
3;103498;96;75,00000000000000;Fabaceae;Eperua_falcata;Eperua;falcata;76
3;103499;91,5;78,00000000000000;Bignoniaceae;Jacaranda_copaia;Jacaranda;copaia subsp. copaia;53
3;103500;92,5;68,50000000000000;Fabaceae;Eperua_falcata;Eperua;falcata;112,5
3;103501;98,5;60,00000000000000;Lecythidaceae;Eschweilera_sagotiana;Eschweilera;sagotiana;106,5
3;103502;95;60,50000000000000;Cordiaceae;Cordia_sagotii;Cordia;sagotii;54
3;103504;92,5;55,50000000000000;Euphorbiaceae;Sandwithia_guyanensis;Sandwithia;guyanensis;39
3;103505;100,0000000000000;56,00000000000000;Chrysobalanaceae;Licania_canescens;Licania;canescens;73
3;103508;100,0000000000000;49,00000000000000;Clusiaceae;Moronobea_coccinea;Moronobea;coccinea;47
3;103510;99;47,50000000000000;Lecythidaceae;Lecythis_persistens;Lecythis;persistens subsp. aurantiaca;57
3;103511;97;47,50000000000000;Fabaceae;Vouacapoua_americana;Vouacapoua;americana;131
3;103515;94;44,00000000000000;Fabaceae;Bocoa_prouacensis;Bocoa;prouacensis;60
3;103517;98;40,50000000000000;Euphorbiaceae;Sandwithia_guyanensis;Sandwithia;guyanensis;46
3;103518;98,5;40,50000000000000;Chrysobalanaceae;Licania_micrantha;Licania;micrantha;101
3;103519;98,5;29,00000000000000;Lecythidaceae;Lecythis_persistens;Lecythis;persistens subsp. aurantiaca;44
3;103521;95,5;27,00000000000000;Fabaceae;Eperua_falcata;Eperua;falcata;143,5
3;103522;95;26,50000000000000;Chrysobalanaceae;Couepia_bracteosa;Couepia;bracteosa;51
3;103523;95;25,00000000000000;Chrysobalanaceae;Licania_alba;Licania;alba;76
3;103525;91,5;12,00000000000000;Sapotaceae;Pouteria_jariensis;Pouteria;jariensis;114,5
3;103527;97,5;6,5;Euphorbiaceae;Sandwithia_guyanensis;Sandwithia;guyanensis;45,5
3;103528;98;5,5;Lecythidaceae;Eschweilera_sagotiana;Eschweilera;sagotiana;153,5
3;103530;103,0000000000000;1;Fabaceae;Eperua_falcata;Eperua;falcata;203,5
3;103532;107,0000000000000;5;Sapotaceae;Pradosia_cochlearia;Pradosia;cochlearia;150
3;103533;104,5000000000000;6,5;Peraceae;Chaetocarpus_schomburgkianus;Chaetocarpus;schomburgkianus;44
3;103534;101,0000000000000;5,5;Fabaceae;Eperua_falcata;Eperua;falcata;34
3;103535;102,0000000000000;8;Fabaceae;Eperua_falcata;Eperua;falcata;42
3;103536;103,0000000000000;8;Chrysobalanaceae;Licania_alba;Licania;alba;110,5
3;103537;106,0000000000000;8;Sapindaceae;Talisia_hexaphylla;Talisia;hexaphylla;48,5
3;103538;104,5000000000000;11,50000000000000;Fabaceae;Eperua_falcata;Eperua;falcata;176
3;103539;101,0000000000000;11,00000000000000;Fabaceae;Vouacapoua_americana;Vouacapoua;americana;58,5
3;103540;103,0000000000000;14,50000000000000;Fabaceae;Vouacapoua_americana;Vouacapoua;americana;98,5
3;103543;109,0000000000000;18,00000000000000;Dichapetalaceae;Tapura_capitulifera;Tapura;capitulifera;160
3;103544;105,0000000000000;20,00000000000000;Lauraceae;Sextonia_rubra;Sextonia;rubra;220,5
3;103545;105,5000000000000;20,50000000000000;Chrysobalanaceae;Licania_alba;Licania;alba;73,5
3;103548;103,0000000000000;25,00000000000000;Lecythidaceae;Eschweilera_decolorans;Eschweilera;decolorans;74,5
3;103550;106,5000000000000;28,00000000000000;Sapotaceae;Pouteria_guianensis;Pouteria;guianensis;111
3;103551;106,5000000000000;28,50000000000000;Lecythidaceae;Eschweilera_decolorans;Eschweilera;decolorans;52
3;103553;110,0000000000000;31,00000000000000;Moraceae;Perebea_rubra;Perebea;rubra;91
3;103554;107,5000000000000;33,00000000000000;Malvaceae;Catostemma_fragrans;Catostemma;fragrans;181
3;103555;105,5000000000000;33,00000000000000;Lecythidaceae;Lecythis_persistens;Lecythis;persistens subsp. aurantiaca;63
3;103556;110,0000000000000;37,00000000000000;Lecythidaceae;Lecythis_persistens;Lecythis;persistens subsp. aurantiaca;44,5
3;103557;107,0000000000000;40,00000000000000;Euphorbiaceae;Conceveiba_guianensis;Conceveiba;guianensis;72
3;103558;102,0000000000000;43,00000000000000;Meliaceae;Carapa_surinamensis;Carapa;surinamensis;93
3;103559;109,0000000000000;41,00000000000000;Myristicaceae;Iryanthera_hostmannii;Iryanthera;hostmannii;66
3;103560;105,0000000000000;52,00000000000000;Fabaceae;Swartzia_panacoco;Swartzia;panacoco var. panacoco;150
3;103562;103,0000000000000;54,00000000000000;Lecythidaceae;Eschweilera_sagotiana;Eschweilera;sagotiana;138
3;103564;108,0000000000000;64,00000000000000;Chrysobalanaceae;Couepia_caryophylloides;Couepia;caryophylloides;55
3;103565;105,0000000000000;63,50000000000000;Clusiaceae;Symphonia_sp.1;Symphonia;sp.1;119
3;103566;104,5000000000000;63,50000000000000;Chrysobalanaceae;Licania_alba;Licania;alba;101
3;103569;107,5000000000000;74,00000000000000;Sapotaceae;Pouteria_torta;Pouteria;torta;73,5
3;103572;103,5000000000000;77,50000000000000;Euphorbiaceae;Mabea_piriri;Mabea;piriri;64
3;103573;106,0000000000000;77,00000000000000;Clusiaceae;Tovomita_obovata;Tovomita;obovata;90
3;103574;101,5000000000000;79,00000000000000;Peraceae;Pogonophora_schomburgkiana;Pogonophora;schomburgkiana;52,5
3;103575;107,5000000000000;86,50000000000000;Sapindaceae;Talisia_praealta;Talisia;praealta;59
3;103577;108,5000000000000;92,00000000000000;Putranjivaceae;Drypetes_variabilis;Drypetes;variabilis;49
3;103578;102,0000000000000;89,50000000000000;Dichapetalaceae;Tapura_capitulifera;Tapura;capitulifera;35
3;103579;103,0000000000000;91,00000000000000;Peraceae;Chaetocarpus_sp.1-CAY;Chaetocarpus;sp.1-CAY;94
3;103580;101,0000000000000;93,00000000000000;Fabaceae;Vouacapoua_americana;Vouacapoua;americana;114
3;103581;105,0000000000000;96,00000000000000;Peraceae;Pogonophora_schomburgkiana;Pogonophora;schomburgkiana;40
3;103582;109,0000000000000;96,00000000000000;Lecythidaceae;Eschweilera_sagotiana;Eschweilera;sagotiana;76
3;103585;104,5000000000000;100,00000000000000;Fabaceae;Eperua_falcata;Eperua;falcata;58
3;103587;102,5000000000000;100,00000000000000;Chrysobalanaceae;Licania_membranacea;Licania;membranacea;144,5
3;103588;100,0000000000000;99,00000000000000;Chrysobalanaceae;Licania_alba;Licania;alba;66
3;103590;103,0000000000000;108,00000000000000;Euphorbiaceae;Hevea_guianensis;Hevea;guianensis;64,5
3;103592;107,0000000000000;116,00000000000000;Simaroubaceae;Homalolepis_cedron;Homalolepis;cedron;44
3;103593;109,0000000000000;117,00000000000000;Lecythidaceae;Gustavia_hexapetala;Gustavia;hexapetala;61,5
3;103594;109,5000000000000;111,50000000000000;Annonaceae;Xylopia_pulcherrima;Xylopia;pulcherrima;70,5
3;103596;108,0000000000000;119,00000000000000;Fabaceae;Eperua_grandiflora;Eperua;grandiflora;144,5
3;103597;111,5000000000000;118,00000000000000;Lecythidaceae;Eschweilera_coriacea;Eschweilera;coriacea;42,5
3;103598;118,0000000000000;118,00000000000000;Fabaceae;Eperua_grandiflora;Eperua;grandiflora;210
3;103599;119,0000000000000;118,00000000000000;Malvaceae;Sterculia_pruriens;Sterculia;pruriens;127,5
3;103600;118,0000000000000;112,00000000000000;Fabaceae;Eperua_falcata;Eperua;falcata;98,5
3;103601;117,5000000000000;112,50000000000000;Lecythidaceae;Gustavia_hexapetala;Gustavia;hexapetala;73
3;103602;112,0000000000000;113,50000000000000;Fabaceae;Eperua_falcata;Eperua;falcata;69,5
3;103603;114,5000000000000;109,50000000000000;Malvaceae;Catostemma_fragrans;Catostemma;fragrans;43,5
3;103606;111,5000000000000;100,50000000000000;Fabaceae;Inga_melinonii;Inga;melinonii;81
3;103607;112,0000000000000;99,50000000000000;Lecythidaceae;Lecythis_persistens;Lecythis;persistens subsp. aurantiaca;67
3;103608;117,0000000000000;97,00000000000000;Fabaceae;Eperua_falcata;Eperua;falcata;140
3;103609;116,5000000000000;95,00000000000000;Myristicaceae;Iryanthera_hostmannii;Iryanthera;hostmannii;52,5
3;103610;120,0000000000000;93,50000000000000;Myrtaceae;Eugenia_anastomosans;Eugenia;anastomosans;44,5
3;103611;117,5000000000000;91,00000000000000;Lecythidaceae;Couratari_multiflora;Couratari;multiflora;46
3;103612;116,0000000000000;91,50000000000000;Fabaceae;Eperua_falcata;Eperua;falcata;204
3;103613;113,5000000000000;92,50000000000000;Myristicaceae;Iryanthera_hostmannii;Iryanthera;hostmannii;54
3;103614;111,5000000000000;89,00000000000000;Myristicaceae;Iryanthera_hostmannii;Iryanthera;hostmannii;55,5
3;103616;118,0000000000000;86,00000000000000;Fabaceae;Vouacapoua_americana;Vouacapoua;americana;118
3;103617;119,5000000000000;84,50000000000000;Sapotaceae;Pradosia_cochlearia;Pradosia;cochlearia;79,5
3;103619;110,5000000000000;83,00000000000000;Malvaceae;Lueheopsis_rugosa;Lueheopsis;rugosa;93
3;103620;110,0000000000000;80,00000000000000;Metteniusaceae;Poraqueiba_guianensis;Poraqueiba;guianensis;53
3;103622;120,0000000000000;80,00000000000000;Chrysobalanaceae;Licania_alba;Licania;alba;56
3;103623;119,5000000000000;78,00000000000000;Meliaceae;Carapa_surinamensis;Carapa;surinamensis;70,5
3;103624;118,0000000000000;73,50000000000000;Chrysobalanaceae;Licania_alba;Licania;alba;126
3;103625;111,0000000000000;68,50000000000000;Fabaceae;Eperua_grandiflora;Eperua;grandiflora;242
3;103626;112,5000000000000;69,50000000000000;Sapotaceae;Pradosia_cochlearia;Pradosia;cochlearia;103
3;103627;118,0000000000000;65,50000000000000;Moraceae;Brosimum_rubescens;Brosimum;rubescens;64
3;103629;116,0000000000000;64,50000000000000;Fabaceae;Eperua_falcata;Eperua;falcata;65
3;103630;110,0000000000000;66,00000000000000;Chrysobalanaceae;Licania_alba;Licania;alba;73
3;103631;109,0000000000000;61,00000000000000;Sapotaceae;Pouteria_eugeniifolia;Pouteria;eugeniifolia;38
3;103632;110,0000000000000;45,00000000000000;Fabaceae;Vouacapoua_americana;Vouacapoua;americana;99
3;103633;113,5000000000000;59,50000000000000;Fabaceae;Eperua_falcata;Eperua;falcata;121
3;103634;110,0000000000000;54,00000000000000;Malvaceae;Theobroma_guianense;Theobroma;guianense;53,5
3;103635;113,5000000000000;51,00000000000000;Lecythidaceae;Lecythis_persistens;Lecythis;persistens subsp. aurantiaca;54
3;103636;120,0000000000000;46,00000000000000;Lecythidaceae;Lecythis_persistens;Lecythis;persistens subsp. aurantiaca;47
3;103637;115,5000000000000;43,50000000000000;Lecythidaceae;Eschweilera_sagotiana;Eschweilera;sagotiana;100,5
3;103638;117,5000000000000;40,00000000000000;Fabaceae;Bocoa_prouacensis;Bocoa;prouacensis;44,5
3;103640;114,0000000000000;39,00000000000000;Fabaceae;Vouacapoua_americana;Vouacapoua;americana;130
3;103641;113,0000000000000;38,00000000000000;Lauraceae;Rhodostemonodaphne_rufovirgata;Rhodostemonodaphne;rufovirgata;81
3;103642;113,5000000000000;36,50000000000000;Lecythidaceae;Couratari_multiflora;Couratari;multiflora;83,5
3;103644;119,0000000000000;29,00000000000000;Fabaceae;Eperua_falcata;Eperua;falcata;131
3;103646;118,5000000000000;22,50000000000000;Fabaceae;Andira_coriacea;Andira;coriacea;128,5
3;103649;113,0000000000000;16,00000000000000;Fabaceae;Eperua_falcata;Eperua;falcata;39,5
3;103650;114,0000000000000;14,50000000000000;Chrysobalanaceae;Parinariopsis_licaniiflora;Parinariopsis;licaniiflora;114
3;103651;116,5000000000000;13,00000000000000;Peraceae;Pogonophora_schomburgkiana;Pogonophora;schomburgkiana;49,5
3;103652;116,0000000000000;12,50000000000000;Fabaceae;Eperua_falcata;Eperua;falcata;121
3;103654;117,5000000000000;2,5;Clusiaceae;Tovomita_brevistaminea;Tovomita;brevistaminea;46
3;103655;110,5000000000000;8,5;Meliaceae;Carapa_surinamensis;Carapa;surinamensis;52
3;103656;109,5000000000000;3,5;Malpighiaceae;Byrsonima_laevigata;Byrsonima;laevigata;153
3;103658;119,0000000000000;0;Fabaceae;Swartzia_polyphylla;Swartzia;polyphylla;140,185
3;103661;124,5000000000000;1,5;Fabaceae;Vouacapoua_americana;Vouacapoua;americana;130
3;103662;124,0000000000000;13,00000000000000;Fabaceae;Recordoxylon_speciosum;Recordoxylon;speciosum;185
3;103663;121,5000000000000;18,00000000000000;Euphorbiaceae;Hevea_guianensis;Hevea;guianensis;121
3;103665;122,5000000000000;22,00000000000000;Fabaceae;Inga_loubryana;Inga;loubryana;43
3;103666;124,5000000000000;26,00000000000000;Fabaceae;Eperua_falcata;Eperua;falcata;67
3;103668;120,5000000000000;28,00000000000000;Lecythidaceae;Eschweilera_decolorans;Eschweilera;decolorans;87
3;103669;121,5000000000000;30,50000000000000;Peraceae;Pogonophora_schomburgkiana;Pogonophora;schomburgkiana;41,5
3;103670;121,0000000000000;35,50000000000000;Fabaceae;Vouacapoua_americana;Vouacapoua;americana;37
3;103671;121,5000000000000;39,50000000000000;Chrysobalanaceae;Licania_alba;Licania;alba;58
3;103673;121,5000000000000;46,50000000000000;Euphorbiaceae;Sandwithia_guyanensis;Sandwithia;guyanensis;39
3;103674;124,5000000000000;46,50000000000000;Lecythidaceae;Lecythis_persistens;Lecythis;persistens subsp. aurantiaca;43,5
3;103675;124,0000000000000;53,50000000000000;Lecythidaceae;Couratari_multiflora;Couratari;multiflora;96
3;103676;125,0000000000000;56,00000000000000;Fabaceae;Eperua_grandiflora;Eperua;grandiflora;224
3;103677;125,0000000000000;56,00000000000000;Lecythidaceae;Lecythis_persistens;Lecythis;persistens subsp. aurantiaca;51
3;103678;124,0000000000000;59,00000000000000;Lecythidaceae;Eschweilera_sagotiana;Eschweilera;sagotiana;71
3;103683;122,5000000000000;73,00000000000000;Fabaceae;Vouacapoua_americana;Vouacapoua;americana;132
3;103685;121,0000000000000;79,00000000000000;Fabaceae;Vouacapoua_americana;Vouacapoua;americana;82,5
3;103686;120,5000000000000;80,50000000000000;Sapotaceae;Pouteria_torta;Pouteria;torta;70
3;103687;121,0000000000000;91,50000000000000;Lecythidaceae;Lecythis_persistens;Lecythis;persistens subsp. aurantiaca;43
3;103689;121,5000000000000;96,00000000000000;Myristicaceae;Iryanthera_hostmannii;Iryanthera;hostmannii;56,5
3;103690;124,0000000000000;98,00000000000000;Fabaceae;Eperua_falcata;Eperua;falcata;123
3;103693;125,0000000000000;109,00000000000000;Fabaceae;Eperua_falcata;Eperua;falcata;221,5
3;103694;122,0000000000000;116,50000000000000;Fabaceae;Albizia_pedicellaris;Albizia;pedicellaris;281,75
3;103699;109,0000000000000;44,00000000000000;Arecaceae;Oenocarpus_bataua;Oenocarpus;bataua var. bataua;58,5
3;103700;101,0000000000000;77,50000000000000;Arecaceae;Oenocarpus_bataua;Oenocarpus;bataua var. bataua;65,5
3;103701;110,0000000000000;43,00000000000000;Rubiaceae;Posoqueria_latifolia;Posoqueria;latifolia;44
3;103703;116,0000000000000;123,00000000000000;Fabaceae;Eperua_falcata;Eperua;falcata;159,5
3;103704;120,0000000000000;122,00000000000000;Fabaceae;Eperua_falcata;Eperua;falcata;68
3;103705;123,0000000000000;124,00000000000000;Myristicaceae;Iryanthera_hostmannii;Iryanthera;hostmannii;53
3;103708;9,5;61,50000000000000;Fabaceae;Swartzia_panacoco;Swartzia;panacoco var. panacoco;58,5
3;103709;2;33,50000000000000;Fabaceae;Inga_loubryana;Inga;loubryana;65
3;103710;19;50,50000000000000;Peraceae;Pogonophora_schomburgkiana;Pogonophora;schomburgkiana;57
3;103712;22,5;98,50000000000000;Lecythidaceae;Eschweilera_decolorans;Eschweilera;decolorans;50,5
3;103713;24,5;93,50000000000000;Meliaceae;Carapa_surinamensis;Carapa;surinamensis;58
3;103714;25,5;89,50000000000000;Sapotaceae;Pradosia_cochlearia;Pradosia;cochlearia;66
3;103715;24;40,50000000000000;Sapotaceae;Pradosia_cochlearia;Pradosia;cochlearia;105
3;103718;91,5;100,00000000000000;Peraceae;Pogonophora_schomburgkiana;Pogonophora;schomburgkiana;65,5
3;103719;106,5000000000000;71,00000000000000;Vochysiaceae;Ruizterania_albiflora;Ruizterania;albiflora;131
3;103721;111,0000000000000;78,50000000000000;Sapotaceae;Pouteria_eugeniifolia;Pouteria;eugeniifolia;108,5
3;103727;94;120,00000000000000;Euphorbiaceae;Sandwithia_guyanensis;Sandwithia;guyanensis;38,5
3;103728;89;122,50000000000000;Chrysobalanaceae;Hirtella_bicornis;Hirtella;bicornis var. bicornis;47
3;103729;69,5;122,00000000000000;Fabaceae;Abarema_jupunba;Abarema;jupunba var. jupunba;61
3;103732;65;124,00000000000000;Lecythidaceae;Couratari_multiflora;Couratari;multiflora;41
3;103733;63,5;123,00000000000000;Fabaceae;Eperua_grandiflora;Eperua;grandiflora;83
3;103734;64,5;121,00000000000000;Lauraceae;Aniba_taubertiana;Aniba;taubertiana;51
3;103735;56;124,50000000000000;Fabaceae;Eperua_grandiflora;Eperua;grandiflora;188,5
3;103736;52,5;124,00000000000000;Fabaceae;Eperua_grandiflora;Eperua;grandiflora;100,5
3;103737;52,5;122,00000000000000;Elaeocarpaceae;Sloanea_laxiflora;Sloanea;laxiflora;120
3;103739;45;122,00000000000000;Fabaceae;Eperua_grandiflora;Eperua;grandiflora;161,875
3;103742;28;121,00000000000000;Fabaceae;Bocoa_prouacensis;Bocoa;prouacensis;45
3;103743;25,5;123,50000000000000;Fabaceae;Bocoa_prouacensis;Bocoa;prouacensis;84,5
3;103744;20;124,50000000000000;Annonaceae;Oxandra_asbeckii;Oxandra;asbeckii;35
3;103745;19;123,00000000000000;Lecythidaceae;Couratari_multiflora;Couratari;multiflora;61
3;103747;14,5;120,50000000000000;Lecythidaceae;Eschweilera_decolorans;Eschweilera;decolorans;62
3;103748;14,5;120,50000000000000;Dichapetalaceae;Tapura_capitulifera;Tapura;capitulifera;196
3;103749;9,5;124,00000000000000;Chrysobalanaceae;Licania_laxiflora;Licania;laxiflora;73
3;103750;9;122,00000000000000;Linaceae;Hebepetalum_humiriifolium;Hebepetalum;humiriifolium;80
3;103751;5;121,00000000000000;Chrysobalanaceae;Licania_alba;Licania;alba;75
3;103752;8;114,00000000000000;Fabaceae;Dicorynia_guianensis;Dicorynia;guianensis;56
3;103754;40;122,50000000000000;Fabaceae;Bocoa_prouacensis;Bocoa;prouacensis;48
3;103755;109,0000000000000;20,00000000000000;Lecythidaceae;Eschweilera_decolorans;Eschweilera;decolorans;64,5
3;103756;59;108,00000000000000;Arecaceae;Oenocarpus_bacaba;Oenocarpus;bacaba;56
3;103757;61,5;73,50000000000000;Arecaceae;Oenocarpus_bacaba;Oenocarpus;bacaba;47
3;103759;118,0000000000000;107,00000000000000;Euphorbiaceae;Sandwithia_guyanensis;Sandwithia;guyanensis;35
3;103762;98,5;21,00000000000000;Apocynaceae;Aspidosperma_excelsum;Aspidosperma;excelsum;69,5
3;103763;97,5;88,00000000000000;Clusiaceae;Tovomita_obovata;Tovomita;obovata;56
3;103764;98;105,00000000000000;Lecythidaceae;Lecythis_chartacea;Lecythis;chartacea;37
3;103765;99;101,50000000000000;Peraceae;Pogonophora_schomburgkiana;Pogonophora;schomburgkiana;36
3;103766;91,5;93,50000000000000;Fabaceae;Eperua_grandiflora;Eperua;grandiflora;35
3;103767;88,5;71,50000000000000;Peraceae;Pogonophora_schomburgkiana;Pogonophora;schomburgkiana;37,5
3;103771;72,5;91,50000000000000;Annonaceae;Oxandra_asbeckii;Oxandra;asbeckii;49
3;103772;50;72,50000000000000;Euphorbiaceae;Sandwithia_guyanensis;Sandwithia;guyanensis;36
3;103773;48;41,50000000000000;Lecythidaceae;Gustavia_hexapetala;Gustavia;hexapetala;42,5
3;103774;48,5;29,00000000000000;Simaroubaceae;Homalolepis_cedron;Homalolepis;cedron;32,5
3;103776;52,5;9;Lecythidaceae;Couratari_guianensis;Couratari;guianensis;52
3;103778;17;74,50000000000000;Clusiaceae;Symphonia_sp.1;Symphonia;sp.1;60
3;103779;32;82,00000000000000;Lecythidaceae;Eschweilera_decolorans;Eschweilera;decolorans;41,5
3;103780;16,5;91,00000000000000;Annonaceae;Oxandra_asbeckii;Oxandra;asbeckii;37
3;103781;13,5;60,00000000000000;Annonaceae;Oxandra_asbeckii;Oxandra;asbeckii;36,5
3;103782;8;76,00000000000000;Malvaceae;Sterculia_pruriens;Sterculia;pruriens;64
3;103783;26;120,50000000000000;Euphorbiaceae;Sandwithia_guyanensis;Sandwithia;guyanensis;33,5
3;103784;32,5;79,00000000000000;Burseraceae;Protium_tenuifolium;Protium;tenuifolium;33,5
3;103785;47,5;17,00000000000000;Chrysobalanaceae;Licania_laxiflora;Licania;laxiflora;44,5
3;103788;67;65,50000000000000;Fabaceae;Stryphnodendron_polystachyum;Stryphnodendron;polystachyum;42,5
3;103789;93;52,50000000000000;Myrtaceae;Eugenia_tetramera;Eugenia;tetramera;37,5
3;103790;107,5000000000000;108,00000000000000;Cordiaceae;Cordia_sagotii;Cordia;sagotii;36
3;103793;38;84,50000000000000;Burseraceae;Protium_surinamense;Protium;surinamense;55,5
3;103796;27;112,50000000000000;Malvaceae;Catostemma_fragrans;Catostemma;fragrans;34
3;103797;53;117,00000000000000;Lecythidaceae;Eschweilera_coriacea;Eschweilera;coriacea;40,5
3;103798;33;39,00000000000000;Elaeocarpaceae;Sloanea_sp.22-CAY;Sloanea;sp.22-CAY;45,5
3;103800;108,0000000000000;123,00000000000000;Lecythidaceae;Gustavia_hexapetala;Gustavia;hexapetala;43,5
3;103802;124,5000000000000;18,00000000000000;Celastraceae;Maytenus_oblongata;Maytenus;oblongata;37
3;103805;101,0000000000000;119,00000000000000;Clusiaceae;Symphonia_sp.1;Symphonia;sp.1;68
3;103807;103,0000000000000;84,50000000000000;Chrysobalanaceae;Licania_alba;Licania;alba;33,5
3;103809;99;14,50000000000000;Fabaceae;Dicorynia_guianensis;Dicorynia;guianensis;47,5
3;103811;20,5;80,50000000000000;Euphorbiaceae;Sandwithia_guyanensis;Sandwithia;guyanensis;34
3;103812;27;118,00000000000000;Arecaceae;Oenocarpus_bacaba;Oenocarpus;bacaba;55
3;103813;41,5;112,50000000000000;Clusiaceae;Symphonia_sp.1;Symphonia;sp.1;80,5
3;103814;52,5;107,50000000000000;Chrysobalanaceae;Hymenopus_heteromorphus;Hymenopus;heteromorphus;62,5
3;103815;36,5;85,50000000000000;Euphorbiaceae;Sandwithia_guyanensis;Sandwithia;guyanensis;37
3;103816;33,5;72,50000000000000;Clusiaceae;Moronobea_coccinea;Moronobea;coccinea;42
3;103817;47;44,00000000000000;Annonaceae;Oxandra_asbeckii;Oxandra;asbeckii;39,5
3;103819;84,5;46,50000000000000;Fabaceae;Parkia_pendula;Parkia;pendula;68
3;103820;78,5;66,50000000000000;Peraceae;Pogonophora_schomburgkiana;Pogonophora;schomburgkiana;33,5
3;103821;96;109,50000000000000;Fabaceae;Parkia_nitida;Parkia;nitida;63,5
3;103822;93,5;66,50000000000000;Clusiaceae;Tovomita_brevistaminea;Tovomita;brevistaminea;36,5
3;103823;5,5;43,50000000000000;Clusiaceae;Symphonia_sp.1;Symphonia;sp.1;42
3;103824;8,5;46,50000000000000;Peraceae;Pogonophora_schomburgkiana;Pogonophora;schomburgkiana;47
3;103825;63;61,50000000000000;Fabaceae;Recordoxylon_speciosum;Recordoxylon;speciosum;62
3;103826;68;71,00000000000000;Salicaceae;Laetia_procera;Laetia;procera;53,5
3;103827;60;81,00000000000000;Arecaceae;Oenocarpus_bacaba;Oenocarpus;bacaba;60
3;103828;68,5;83,50000000000000;Fabaceae;Inga_cayennensis;Inga;cayennensis;40
3;103829;33;107,00000000000000;Clusiaceae;Symphonia_sp.1;Symphonia;sp.1;46
3;103830;51,5;101,50000000000000;Euphorbiaceae;Sandwithia_guyanensis;Sandwithia;guyanensis;41
3;103831;57,5;101,00000000000000;Apocynaceae;Lacmellea_aculeata;Lacmellea;aculeata;41
3;103832;94,5;90,50000000000000;Peraceae;Pogonophora_schomburgkiana;Pogonophora;schomburgkiana;33
3;103833;118,0000000000000;12,50000000000000;Arecaceae;Oenocarpus_bataua;Oenocarpus;bataua var. bataua;53,5
3;103835;42;107,50000000000000;Euphorbiaceae;Sandwithia_guyanensis;Sandwithia;guyanensis;38,5
3;103836;48,5;114,50000000000000;Chrysobalanaceae;Licania_laxiflora;Licania;laxiflora;46
3;103837;64;114,00000000000000;Chrysobalanaceae;Licania_alba;Licania;alba;40
3;103841;99;5,5;Melastomataceae;Mouriri_crassifolia;Mouriri;crassifolia;43,5
3;103842;93;5;Euphorbiaceae;Sandwithia_guyanensis;Sandwithia;guyanensis;35
3;103843;93,5;29,00000000000000;Lecythidaceae;Lecythis_persistens;Lecythis;persistens subsp. aurantiaca;33
3;103845;92;67,50000000000000;Clusiaceae;Tovomita_brevistaminea;Tovomita;brevistaminea;50
3;103846;94;95,00000000000000;Fabaceae;Eperua_falcata;Eperua;falcata;36,5
3;103847;91;111,50000000000000;Peraceae;Pogonophora_schomburgkiana;Pogonophora;schomburgkiana;38
3;103848;114,0000000000000;115,50000000000000;Lecythidaceae;Eschweilera_decolorans;Eschweilera;decolorans;35
3;103849;100,5000000000000;113,00000000000000;Clusiaceae;Tovomita_caloneura;Tovomita;caloneura;35,5
3;103850;6,5;68,50000000000000;Clusiaceae;Moronobea_coccinea;Moronobea;coccinea;44,5
3;103851;7;78,00000000000000;Fabaceae;Swartzia_polyphylla;Swartzia;polyphylla;19,08
3;103852;59,5;92,00000000000000;Fabaceae;Vouacapoua_americana;Vouacapoua;americana;42,5
3;103853;89,5;114,00000000000000;Peraceae;Pogonophora_schomburgkiana;Pogonophora;schomburgkiana;34,5
3;103855;94;44,50000000000000;Euphorbiaceae;Sandwithia_guyanensis;Sandwithia;guyanensis;33,5
3;103856;87;3;Fabaceae;Eperua_falcata;Eperua;falcata;45,5
3;103857;24,5;66,00000000000000;Clusiaceae;Symphonia_sp.1;Symphonia;sp.1;38,5
3;103858;37,5;79,50000000000000;Peraceae;Pogonophora_schomburgkiana;Pogonophora;schomburgkiana;38,5
3;103859;69;66,00000000000000;Euphorbiaceae;Hevea_guianensis;Hevea;guianensis;38
3;103860;43;85,00000000000000;Peraceae;Pogonophora_schomburgkiana;Pogonophora;schomburgkiana;53
3;103861;3;83,50000000000000;Humiriaceae;Sacoglottis_guianensis;Sacoglottis;guianensis;58
3;103862;58;114,00000000000000;Peraceae;Pogonophora_schomburgkiana;Pogonophora;schomburgkiana;43,5
3;103863;45;99,00000000000000;Sapindaceae;Talisia_hexaphylla;Talisia;hexaphylla;39,5
3;103864;44;105,50000000000000;Peraceae;Pogonophora_schomburgkiana;Pogonophora;schomburgkiana;36
3;103865;80,5;100,00000000000000;Malpighiaceae;Byrsonima_laevigata;Byrsonima;laevigata;53,5
3;103866;89;123,50000000000000;Sapotaceae;Ecclinusa_ramiflora;Ecclinusa;ramiflora;39,5
3;103867;123,0000000000000;122,00000000000000;Meliaceae;Carapa_surinamensis;Carapa;surinamensis;45,5
3;103868;110,5000000000000;108,00000000000000;Goupiaceae;Goupia_glabra;Goupia;glabra;59,5
3;103869;98,5;54,00000000000000;Chrysobalanaceae;Hymenopus_heteromorphus;Hymenopus;heteromorphus;35
3;103870;89;53,00000000000000;Lecythidaceae;Lecythis_zabucajo;Lecythis;zabucajo;53,5
3;103871;104,0000000000000;14,50000000000000;Lecythidaceae;Eschweilera_decolorans;Eschweilera;decolorans;40,5
3;103872;121,5000000000000;3,5;Melastomataceae;Miconia_tschudyoides;Miconia;tschudyoides;58,5
3;103873;47;6;Euphorbiaceae;Sandwithia_guyanensis;Sandwithia;guyanensis;38
3;103874;42;37,00000000000000;Annonaceae;Oxandra_asbeckii;Oxandra;asbeckii;36,5
3;103875;13;38,50000000000000;Euphorbiaceae;Sandwithia_guyanensis;Sandwithia;guyanensis;35
3;103876;28;33,50000000000000;Euphorbiaceae;Hevea_guianensis;Hevea;guianensis;32,5
3;103877;26;45,50000000000000;Malvaceae;Pachira_dolichocalyx;Pachira;dolichocalyx;48,5
3;103878;20;75,00000000000000;Chrysobalanaceae;Hirtella_glandulosa;Hirtella;glandulosa;47,5
3;103879;45;81,00000000000000;Annonaceae;Xylopia_frutescens;Xylopia;frutescens;48
3;103880;35,5;115,00000000000000;Sapotaceae;Pouteria_fimbriata;Pouteria;fimbriata;37,5
3;103881;35,5;117,50000000000000;Fabaceae;Abarema_mataybifolia;Abarema;mataybifolia;31,5
3;103882;29,5;118,50000000000000;Anacardiaceae;Thyrsodium_guianense;Thyrsodium;guianense;34,5
3;103884;28,5;118,00000000000000;Arecaceae;Oenocarpus_bacaba;Oenocarpus;bacaba;73,5
3;103885;64;120,00000000000000;Euphorbiaceae;Sandwithia_guyanensis;Sandwithia;guyanensis;36,5
3;103886;88,5;121,00000000000000;Sapindaceae;Matayba_opaca;Matayba;opaca;33,5
3;103887;90;116,50000000000000;Malpighiaceae;Byrsonima_laevigata;Byrsonima;laevigata;42,5
3;103888;72;110,00000000000000;Lauraceae;Rhodostemonodaphne_grandis;Rhodostemonodaphne;grandis;41,5
3;103889;72;109,00000000000000;Euphorbiaceae;Sandwithia_guyanensis;Sandwithia;guyanensis;34
3;103890;106,0000000000000;115,50000000000000;Simaroubaceae;Homalolepis_cedron;Homalolepis;cedron;32
3;103891;59,5;89,50000000000000;Fabaceae;Inga_graciliflora;Inga;graciliflora;33,5
3;103892;62;89,50000000000000;Euphorbiaceae;Sandwithia_guyanensis;Sandwithia;guyanensis;31,5
3;103893;101,5000000000000;105,00000000000000;Chrysobalanaceae;Couepia_caryophylloides;Couepia;caryophylloides;36,5
3;103894;66,5;83,50000000000000;Annonaceae;Oxandra_asbeckii;Oxandra;asbeckii;34,5
3;103895;72;79,50000000000000;Annonaceae;Oxandra_asbeckii;Oxandra;asbeckii;31,5
3;103896;107,5000000000000;105,00000000000000;Lecythidaceae;Couratari_multiflora;Couratari;multiflora;34
3;103897;73;64,50000000000000;Sapotaceae;Pouteria_bangii;Pouteria;bangii;41,5
3;103898;79;62,50000000000000;Fabaceae;Vouacapoua_americana;Vouacapoua;americana;39
3;103900;97;69,00000000000000;Lecythidaceae;Lecythis_persistens;Lecythis;persistens subsp. aurantiaca;33
3;103901;77,5;74,50000000000000;Fabaceae;Inga_lomatophylla;Inga;lomatophylla;33
3;103904;71;34,50000000000000;Melastomataceae;Votomita_guianensis;Votomita;guianensis;33
3;103905;37,5;2;Lecythidaceae;Eschweilera_coriacea;Eschweilera;coriacea;41
3;103907;44;12,00000000000000;Fabaceae;Recordoxylon_speciosum;Recordoxylon;speciosum;42
3;103909;56;41,00000000000000;Annonaceae;Oxandra_asbeckii;Oxandra;asbeckii;34
3;103911;33,5;83,50000000000000;Sapotaceae;Pradosia_cochlearia;Pradosia;cochlearia;31,5
3;103913;42;97,00000000000000;Fabaceae;Vouacapoua_americana;Vouacapoua;americana;38,5
3;103914;40;100,00000000000000;Simaroubaceae;Homalolepis_cedron;Homalolepis;cedron;35,5
3;103915;28;116,00000000000000;Arecaceae;Oenocarpus_bataua;Oenocarpus;bataua var. bataua;56,5
3;103916;56,5;95,00000000000000;Fabaceae;Eperua_grandiflora;Eperua;grandiflora;42
3;103917;56,5;98,50000000000000;Clusiaceae;Symphonia_sp.1;Symphonia;sp.1;72
3;103918;48,5;109,00000000000000;Simaroubaceae;Homalolepis_cedron;Homalolepis;cedron;32,5
3;103919;63,5;105,50000000000000;Euphorbiaceae;Sandwithia_guyanensis;Sandwithia;guyanensis;36
3;103920;55;112,50000000000000;Peraceae;Pogonophora_schomburgkiana;Pogonophora;schomburgkiana;46
3;103921;95;117,00000000000000;Apocynaceae;Macoubea_guianensis;Macoubea;guianensis;40
3;103922;102,0000000000000;46,50000000000000;Lauraceae;Rhodostemonodaphne_grandis;Rhodostemonodaphne;grandis;34,5
3;103925;107,0000000000000;11,50000000000000;Lecythidaceae;Eschweilera_sagotiana;Eschweilera;sagotiana;35
3;103926;98;1;Simaroubaceae;Homalolepis_cedron;Homalolepis;cedron;34,5
3;103927;111,5000000000000;10,00000000000000;Lecythidaceae;Eschweilera_sagotiana;Eschweilera;sagotiana;39
3;172078;34;124,50000000000000;Melastomataceae;Miconia_acuminata;Miconia;acuminata;56
3;172079;31,5;120,50000000000000;Melastomataceae;Miconia_acuminata;Miconia;acuminata;52
3;172081;122,0000000000000;72,00000000000000;Fabaceae;Bocoa_prouacensis;Bocoa;prouacensis;44,5
3;172082;110,0000000000000;77,50000000000000;Peraceae;Chaetocarpus_schomburgkianus;Chaetocarpus;schomburgkianus;36
3;172083;69,5;124,50000000000000;Chrysobalanaceae;Licania_alba;Licania;alba;47
3;173518;21,5;106,00000000000000;Clusiaceae;Tovomita_caloneura;Tovomita;caloneura;32
3;173519;13;68,50000000000000;Melastomataceae;Miconia_acuminata;Miconia;acuminata;42,5
3;173520;34;71,00000000000000;Simaroubaceae;Homalolepis_cedron;Homalolepis;cedron;32,5
3;173521;78;3;Clusiaceae;Symphonia_sp.1;Symphonia;sp.1;44,5
3;173522;84;25,00000000000000;Euphorbiaceae;Sandwithia_guyanensis;Sandwithia;guyanensis;37
3;173523;77,5;82,00000000000000;Anacardiaceae;Thyrsodium_guianense;Thyrsodium;guianense;56
3;173524;71;89,00000000000000;Clusiaceae;Symphonia_sp.1;Symphonia;sp.1;43,5
3;173525;71;91,00000000000000;Lecythidaceae;Eschweilera_sagotiana;Eschweilera;sagotiana;39
3;173526;33,5;105,50000000000000;Fabaceae;Eperua_grandiflora;Eperua;grandiflora;39,5
3;173527;58;109,50000000000000;Burseraceae;Protium_subserratum;Protium;subserratum;68
3;173529;73;105,00000000000000;Clusiaceae;Symphonia_sp.1;Symphonia;sp.1;55
3;173530;75;122,00000000000000;Chrysobalanaceae;Licania_laxiflora;Licania;laxiflora;41
3;173531;89;34,00000000000000;Lecythidaceae;Eschweilera_coriacea;Eschweilera;coriacea;41
3;178748;96,5;13,00000000000000;Fabaceae;Eperua_grandiflora;Eperua;grandiflora;36
3;178749;45,5;21,00000000000000;Melastomataceae;Votomita_guianensis;Votomita;guianensis;33
3;178750;44;35,00000000000000;Annonaceae;Oxandra_asbeckii;Oxandra;asbeckii;34
3;178751;45,5;115,00000000000000;Melastomataceae;Miconia_acuminata;Miconia;acuminata;53,5
3;178752;80,5;101,50000000000000;Arecaceae;Oenocarpus_bataua;Oenocarpus;bataua var. bataua;40
3;178753;21,5;67,00000000000000;Peraceae;Pogonophora_schomburgkiana;Pogonophora;schomburgkiana;34,5
3;179863;3,5;76,00000000000000;Melastomataceae;Miconia_acuminata;Miconia;acuminata;40
3;179864;7;38,50000000000000;Euphorbiaceae;Sandwithia_guyanensis;Sandwithia;guyanensis;32,5
3;179865;77,5;92,00000000000000;Peraceae;Pogonophora_schomburgkiana;Pogonophora;schomburgkiana;34
3;179866;64,5;95,50000000000000;Fabaceae;Vouacapoua_americana;Vouacapoua;americana;46
3;179867;86;124,50000000000000;Lecythidaceae;Eschweilera_congestiflora;Eschweilera;congestiflora;34
3;181316;21,5;68,50000000000000;Lecythidaceae;Eschweilera_decolorans;Eschweilera;decolorans;39,5
3;181317;57,5;102,50000000000000;Melastomataceae;Miconia_acuminata;Miconia;acuminata;54,5
3;181321;83;30,50000000000000;Arecaceae;Oenocarpus_bataua;Oenocarpus;bataua var. bataua;67
3;181322;92;20,00000000000000;Peraceae;Pogonophora_schomburgkiana;Pogonophora;schomburgkiana;37
3;181323;86;64,00000000000000;Fabaceae;Ormosia_coutinhoi;Ormosia;coutinhoi;38,5
3;181324;86;64,00000000000000;Fabaceae;Ormosia_coutinhoi;Ormosia;coutinhoi;45
3;181325;118,5000000000000;71,50000000000000;Fabaceae;Bocoa_prouacensis;Bocoa;prouacensis;40
3;184196;3,5;95,50000000000000;Annonaceae;Oxandra_asbeckii;Oxandra;asbeckii;32,5
3;184197;28;4;Annonaceae;Oxandra_asbeckii;Oxandra;asbeckii;34,5
3;184198;33,5;117,50000000000000;Melastomataceae;Miconia_acuminata;Miconia;acuminata;40
3;184199;56,5;114,00000000000000;Peraceae;Pogonophora_schomburgkiana;Pogonophora;schomburgkiana;37
3;184200;56;111,50000000000000;Rubiaceae;Indet.Rubiaceae_Indet.;Indet.Rubiaceae;Indet.;33
3;184201;45,5;77,50000000000000;Fabaceae;Recordoxylon_speciosum;Recordoxylon;speciosum;36
3;184202;42,5;53,00000000000000;Euphorbiaceae;Sandwithia_guyanensis;Sandwithia;guyanensis;35,5
3;184203;51,5;38,50000000000000;Burseraceae;Protium_plagiocarpium;Protium;plagiocarpium;36,5
3;184204;80,5;29,50000000000000;Lecythidaceae;Eschweilera_coriacea;Eschweilera;coriacea;35,5
3;184205;108,5000000000000;0,5;Olacaceae;Chaunochiton_kappleri;Chaunochiton;kappleri;39,5
3;184206;114,5000000000000;1,5;Melastomataceae;Miconia_tschudyoides;Miconia;tschudyoides;39,5
3;184207;122,5000000000000;16,50000000000000;Putranjivaceae;Drypetes_variabilis;Drypetes;variabilis;37,5
3;184208;94;111,00000000000000;Sapindaceae;Cupania_scrobiculata;Cupania;scrobiculata;36
3;184209;112,0000000000000;52,50000000000000;Araliaceae;Schefflera_decaphylla;Schefflera;decaphylla;36,5
3;184210;115,0000000000000;69,50000000000000;Sapindaceae;Cupania_scrobiculata;Cupania;scrobiculata;36,5
3;184212;116,5000000000000;103,00000000000000;Annonaceae;Indet.Annonaceae_Indet.;Indet.Annonaceae;Indet.;44
3;203351;69;8,5;Myristicaceae;Iryanthera_sagotiana;Iryanthera;sagotiana;42,5
3;203352;107,8000030517578;2,700000048;Araliaceae;Schefflera_decaphylla;Schefflera;decaphylla;35
3;203353;111,0000000000000;33,00000000000000;Lecythidaceae;Lecythis_persistens;Lecythis;persistens subsp. aurantiaca;37
3;203354;19;51,50000000000000;Violaceae;Indet.Violaceae_Indet.;Indet.Violaceae;Indet.;33
3;203355;11,80000019;78,50000000000000;Sapindaceae;Cupania_scrobiculata;Cupania;scrobiculata;38
3;203356;45;120,19999694824219;Melastomataceae;Miconia_acuminata;Miconia;acuminata;41,5
3;205765;16;30,50000000000000;Fabaceae;Eperua_falcata;Eperua;falcata;41
3;205766;28;33,00000000000000;Fabaceae;Inga_Indet.;Inga;Indet.;38,5
3;205767;62,5;103,50000000000000;Melastomataceae;Miconia_acuminata;Miconia;acuminata;51
3;205768;59,5;97,00000000000000;Peraceae;Pogonophora_schomburgkiana;Pogonophora;schomburgkiana;38
3;205769;52;61,00000000000000;Melastomataceae;Mouriri_Indet.;Mouriri;Indet.;40
3;205770;51;33,50000000000000;Clusiaceae;Tovomita_sp.2-CAY;Tovomita;sp.2-CAY;35
3;205771;56,5;9;Lecythidaceae;Lecythis_persistens;Lecythis;persistens subsp. aurantiaca;35
3;205772;98;16,50000000000000;Moraceae;Brosimum_rubescens;Brosimum;rubescens;36
3;205773;121,0000000000000;64,00000000000000;Malvaceae;Eriotheca_longitubulosa;Eriotheca;longitubulosa;40
3;205774;83,5;61,50000000000000;Rubiaceae;Indet.Rubiaceae_Indet.;Indet.Rubiaceae;Indet.;40,5
3;205775;84,5;59,50000000000000;Lecythidaceae;Lecythis_persistens;Lecythis;persistens subsp. aurantiaca;37,5
3;205776;83;60,50000000000000;Malpighiaceae;Byrsonima_Indet.;Byrsonima;Indet.;39,5
3;205777;100,0000000000000;61,00000000000000;Clusiaceae;Tovomita_Indet.;Tovomita;Indet.;37
3;205778;75;74,50000000000000;Myrtaceae;Indet.Myrtaceae_Indet.;Indet.Myrtaceae;Indet.;40
3;205779;76,5;83,50000000000000;Moraceae;Trymatococcus_oligandrus;Trymatococcus;oligandrus;33,5
3;205780;94;102,50000000000000;Clusiaceae;Tovomita_Indet.;Tovomita;Indet.;33,5
3;205781;80;95,50000000000000;Apocynaceae;Macoubea_guianensis;Macoubea;guianensis;35
3;205782;111,0000000000000;98,00000000000000;Violaceae;Indet.Violaceae_Indet.;Indet.Violaceae;Indet.;34
3;205783;97;114,50000000000000;Putranjivaceae;Drypetes_variabilis;Drypetes;variabilis;33
3;226191;45,5;93,00000000000000;Peraceae;Chaetocarpus_schomburgkianus;Chaetocarpus;schomburgkianus;36
3;226192;72,5;108,00000000000000;Meliaceae;Carapa_surinamensis;Carapa;surinamensis;38
3;226193;44;85,00000000000000;Arecaceae;Oenocarpus_bataua;Oenocarpus;bataua var. bataua;39,5
3;226194;41,5;44,50000000000000;Annonaceae;Oxandra_asbeckii;Oxandra;asbeckii;33,5
3;226195;75;84,50000000000000;Annonaceae;Oxandra_asbeckii;Oxandra;asbeckii;33,5
3;226196;120,0000000000000;38,00000000000000;Simaroubaceae;Homalolepis_cedron;Homalolepis;cedron;33
3;226197;109,0000000000000;8;Arecaceae;Oenocarpus_bataua;Oenocarpus;bataua var. bataua;39
3;226198;121,5000000000000;9;Arecaceae;Oenocarpus_bataua;Oenocarpus;bataua var. bataua;40
3;226946;34;26,00000000000000;Fabaceae;Eperua_falcata;Eperua;falcata;35
3;226947;4,5;84,50000000000000;Linaceae;Hebepetalum_humiriifolium;Hebepetalum;humiriifolium;34,5
3;226948;3;90,50000000000000;Clusiaceae;Symphonia_sp.1;Symphonia;sp.1;34
3;226949;71;99,50000000000000;Sapindaceae;Cupania_scrobiculata;Cupania;scrobiculata;40,5
3;226950;80,5;14,00000000000000;Fabaceae;Swartzia_arborescens;Swartzia;arborescens;32
3;226951;97,5;24,50000000000000;Lecythidaceae;Lecythis_persistens;Lecythis;persistens subsp. aurantiaca;32,5
3;226952;93;62,00000000000000;Meliaceae;Carapa_surinamensis;Carapa;surinamensis;39
3;226954;125,0000000000000;97,50000000000000;Chrysobalanaceae;Licania_alba;Licania;alba;34,5
3;236711;110,5000000000000;94,00000000000000;Clusiaceae;Tovomita_sp.11-CAY;Tovomita;sp.11-CAY;32,5
3;236712;110,5000000000000;64,50000000000000;Melastomataceae;Mouriri_crassifolia;Mouriri;crassifolia;32,5
3;236713;123,5000000000000;52,50000000000000;Sapotaceae;Pouteria_cicatricata;Pouteria;cicatricata;32,5
3;236714;19,5;13,00000000000000;Annonaceae;Oxandra_asbeckii;Oxandra;asbeckii;33,5
3;236715;28,5;74,00000000000000;Clusiaceae;Tovomita_sp.2-CAY;Tovomita;sp.2-CAY;32,5
3;236716;41,5;124,50000000000000;Lauraceae;Sextonia_rubra;Sextonia;rubra;34,5
3;240982;87;105,50000000000000;Apocynaceae;Aspidosperma_cruentum;Aspidosperma;cruentum;33
3;240983;71,5;117,50000000000000;Urticaceae;Cecropia_obtusa;Cecropia;obtusa;42
3;240984;47;2,5;Melastomataceae;Mouriri_crassifolia;Mouriri;crassifolia;32,5
3;240985;52;17,00000000000000;Euphorbiaceae;Hevea_guianensis;Hevea;guianensis;40,5
3;240986;51;45,50000000000000;Annonaceae;Oxandra_asbeckii;Oxandra;asbeckii;35
3;240987;40,5;28,00000000000000;Euphorbiaceae;Mabea_piriri;Mabea;piriri;33
3;240988;38;49,00000000000000;Euphorbiaceae;Sandwithia_guyanensis;Sandwithia;guyanensis;33
3;240989;26,5;93,50000000000000;Lecythidaceae;Indet.Lecythidaceae_Indet.;Indet.Lecythidaceae;Indet.;33,5
3;249692;123,5000000000000;85,50000000000000;Fabaceae;Vouacapoua_americana;Vouacapoua;americana;34
3;249693;101,5000000000000;61,50000000000000;Lecythidaceae;Gustavia_hexapetala;Gustavia;hexapetala;32,5
3;249694;92,5;73,00000000000000;Peraceae;Pogonophora_schomburgkiana;Pogonophora;schomburgkiana;33,5
3;249695;107,0000000000000;48,00000000000000;Fabaceae;Eperua_falcata;Eperua;falcata;32,5
3;249696;96;32,50000000000000;Melastomataceae;Henriettea_flavescens;Henriettea;flavescens;38
3;249697;61;10,00000000000000;Lecythidaceae;Eschweilera_sagotiana;Eschweilera;sagotiana;33
3;249698;59,5;16,50000000000000;Meliaceae;Carapa_surinamensis;Carapa;surinamensis;35,5
3;249699;56,5;32,50000000000000;Fabaceae;Inga_Indet.;Inga;Indet.;33,5
3;249700;69;43,00000000000000;Chrysobalanaceae;Hymenopus_heteromorphus;Hymenopus;heteromorphus;34
3;249701;52,5;52,50000000000000;Cordiaceae;Cordia_sagotii;Cordia;sagotii;38,5
3;249702;77,5;58,50000000000000;Fabaceae;Recordoxylon_speciosum;Recordoxylon;speciosum;32
3;249703;73,5;59,00000000000000;Sapindaceae;Cupania_scrobiculata;Cupania;scrobiculata;34
3;249704;69,5;56,00000000000000;Lecythidaceae;Lecythis_persistens;Lecythis;persistens subsp. aurantiaca;35,5
3;249705;68;61,00000000000000;Melastomataceae;Miconia_acuminata;Miconia;acuminata;37,5
3;249706;75,5;67,00000000000000;Salicaceae;Casearia_javitensis;Casearia;javitensis;32,5
3;249707;77;77,50000000000000;Violaceae;Indet.Violaceae_Indet.;Indet.Violaceae;Indet.;33,5
3;249708;12;21,50000000000000;Annonaceae;Oxandra_asbeckii;Oxandra;asbeckii;33
3;249709;32,5;85,50000000000000;Meliaceae;Guarea_pubescens;Guarea;pubescens subsp. pubescens;33
3;249710;31,5;35,50000000000000;Moraceae;Brosimum_rubescens;Brosimum;rubescens;32
3;249711;38;44,00000000000000;Melastomataceae;Votomita_guianensis;Votomita;guianensis;32
3;249712;39;94,50000000000000;Clusiaceae;Symphonia_sp.1;Symphonia;sp.1;33
3;257777;111,5000000000000;3;Fabaceae;Ormosia_paraensis;Ormosia;paraensis;33
3;257778;98;53,00000000000000;Chrysobalanaceae;Licania_alba;Licania;alba;31,5
3;257779;103,5000000000000;75,00000000000000;Fabaceae;Eperua_falcata;Eperua;falcata;32
3;257780;113,0000000000000;89,00000000000000;Peraceae;Pogonophora_schomburgkiana;Pogonophora;schomburgkiana;32
3;257781;121,5000000000000;102,00000000000000;Malvaceae;Sterculia_Indet.;Sterculia;Indet.;32
3;257782;73;112,00000000000000;Rubiaceae;Duroia_aquatica;Duroia;aquatica;32
3;257783;75,5;102,50000000000000;Lecythidaceae;Eschweilera_sagotiana;Eschweilera;sagotiana;31,5
3;257784;80,5;106,50000000000000;Annonaceae;Oxandra_asbeckii;Oxandra;asbeckii;31,5
3;257785;59,5;99,00000000000000;Rubiaceae;Duroia_aquatica;Duroia;aquatica;31,5
3;257786;77,5;83,50000000000000;Myristicaceae;Virola_michelii;Virola;michelii;32
3;257787;84;68,50000000000000;Clusiaceae;Tovomita_Indet.;Tovomita;Indet.;33,5
3;257788;73,5;63,50000000000000;Clusiaceae;Platonia_insignis;Platonia;insignis;32,5
3;257789;60,5;64,50000000000000;Cordiaceae;Cordia_sagotii;Cordia;sagotii;32,5
3;257790;4,5;85,00000000000000;Fabaceae;Eperua_grandiflora;Eperua;grandiflora;31,5
4;103928;130,0000000000000;0,5;Melastomataceae;Mouriri_crassifolia;Mouriri;crassifolia;65,5
4;103929;129,5000000000000;3;Lecythidaceae;Lecythis_persistens;Lecythis;persistens subsp. aurantiaca;75
4;103930;130,0000000000000;3,5;Euphorbiaceae;Sagotia_racemosa;Sagotia;racemosa;36,5
4;103931;126,0000000000000;12,50000000000000;Myristicaceae;Iryanthera_hostmannii;Iryanthera;hostmannii;53,5
4;103932;130,0000000000000;17,00000000000000;Meliaceae;Trichilia_schomburgkii;Trichilia;schomburgkii;57,5
4;103933;129,0000000000000;18,00000000000000;Sapotaceae;Chrysophyllum_prieurii;Chrysophyllum;prieurii;65
4;103934;126,0000000000000;21,00000000000000;Fabaceae;Swartzia_polyphylla;Swartzia;polyphylla;173,31
4;103935;125,5000000000000;21,50000000000000;Sapotaceae;Pradosia_cochlearia;Pradosia;cochlearia;50
4;103937;125,5000000000000;25,00000000000000;Fabaceae;Eperua_falcata;Eperua;falcata;136
4;103938;129,0000000000000;29,50000000000000;Fabaceae;Vouacapoua_americana;Vouacapoua;americana;115,75
4;103939;127,5000000000000;34,00000000000000;Fabaceae;Dicorynia_guianensis;Dicorynia;guianensis;317
4;103940;130,0000000000000;36,50000000000000;Lecythidaceae;Couratari_multiflora;Couratari;multiflora;42
4;103941;127,5000000000000;38,00000000000000;Fabaceae;Eperua_falcata;Eperua;falcata;62
4;103942;127,0000000000000;42,00000000000000;Malvaceae;Eriotheca_globosa;Eriotheca;globosa;49
4;103943;127,5000000000000;42,50000000000000;Anacardiaceae;Anacardium_spruceanum;Anacardium;spruceanum;66
4;103944;128,5000000000000;50,50000000000000;Malvaceae;Sterculia_speciosa;Sterculia;speciosa;54
4;103945;128,0000000000000;53,00000000000000;Sapotaceae;Pradosia_cochlearia;Pradosia;cochlearia;102
4;103946;130,0000000000000;58,00000000000000;Fabaceae;Eperua_grandiflora;Eperua;grandiflora;154
4;103948;130,0000000000000;64,00000000000000;Lecythidaceae;Lecythis_persistens;Lecythis;persistens subsp. aurantiaca;43,5
4;103952;125,5000000000000;79,50000000000000;Chrysobalanaceae;Licania_alba;Licania;alba;86
4;103954;126,0000000000000;84,00000000000000;Rubiaceae;Chimarrhis_turbinata;Chimarrhis;turbinata;99,25
4;103956;125,5000000000000;88,50000000000000;Chrysobalanaceae;Licania_canescens;Licania;canescens;80
4;103957;125,5000000000000;90,50000000000000;Apocynaceae;Ambelania_acida;Ambelania;acida;45,5
4;103958;125,5000000000000;92,00000000000000;Clusiaceae;Tovomita_brevistaminea;Tovomita;brevistaminea;41
4;103959;129,0000000000000;92,50000000000000;Clusiaceae;Moronobea_coccinea;Moronobea;coccinea;163
4;103961;128,0000000000000;106,50000000000000;Chrysobalanaceae;Licania_alba;Licania;alba;58,5
4;103962;126,0000000000000;109,00000000000000;Lecythidaceae;Gustavia_hexapetala;Gustavia;hexapetala;44
4;103963;128,0000000000000;114,00000000000000;Apocynaceae;Aspidosperma_cruentum;Aspidosperma;cruentum;113
4;103964;128,0000000000000;116,00000000000000;Lecythidaceae;Lecythis_persistens;Lecythis;persistens subsp. aurantiaca;86,5
4;103965;129,0000000000000;118,00000000000000;Fabaceae;Dicorynia_guianensis;Dicorynia;guianensis;109
4;103967;131,5000000000000;119,00000000000000;Fabaceae;Dicorynia_guianensis;Dicorynia;guianensis;52
4;103969;167,5000000000000;83,00000000000000;Apocynaceae;Ambelania_acida;Ambelania;acida;42
4;103971;138,0000000000000;105,50000000000000;Fabaceae;Eperua_falcata;Eperua;falcata;125,5
4;103973;136,5000000000000;102,00000000000000;Lecythidaceae;Lecythis_zabucajo;Lecythis;zabucajo;131,5
4;103976;132,0000000000000;97,50000000000000;Sapotaceae;Pradosia_cochlearia;Pradosia;cochlearia;118
4;103977;131,5000000000000;91,50000000000000;Moraceae;Helicostylis_tomentosa;Helicostylis;tomentosa;50
4;103978;126,0000000000000;51,50000000000000;Putranjivaceae;Drypetes_fanshawei;Drypetes;fanshawei;51,5
4;103982;136,0000000000000;85,50000000000000;Lecythidaceae;Lecythis_persistens;Lecythis;persistens subsp. aurantiaca;50
4;103985;132,0000000000000;83,00000000000000;Fabaceae;Eperua_falcata;Eperua;falcata;182,5
4;103987;132,5000000000000;77,00000000000000;Malvaceae;Catostemma_fragrans;Catostemma;fragrans;88
4;103988;135,5000000000000;77,50000000000000;Lecythidaceae;Lecythis_persistens;Lecythis;persistens subsp. aurantiaca;69
4;103990;134,0000000000000;75,00000000000000;Fabaceae;Eperua_falcata;Eperua;falcata;73
4;103991;135,5000000000000;66,50000000000000;Linaceae;Hebepetalum_humiriifolium;Hebepetalum;humiriifolium;68
4;103993;132,5000000000000;55,00000000000000;Fabaceae;Eperua_falcata;Eperua;falcata;109
4;103994;136,0000000000000;55,50000000000000;Lecythidaceae;Lecythis_persistens;Lecythis;persistens subsp. aurantiaca;44
4;103995;136,0000000000000;54,50000000000000;Malvaceae;Sterculia_speciosa;Sterculia;speciosa;66
4;103997;137,0000000000000;47,00000000000000;Lecythidaceae;Lecythis_chartacea;Lecythis;chartacea;189
4;104004;135,5000000000000;36,00000000000000;Sapotaceae;Pradosia_cochlearia;Pradosia;cochlearia;52,5
4;104005;132,5000000000000;36,00000000000000;Fabaceae;Eperua_falcata;Eperua;falcata;103,5
4;104006;132,0000000000000;33,00000000000000;Myristicaceae;Iryanthera_sagotiana;Iryanthera;sagotiana;73,5
4;104007;136,0000000000000;32,00000000000000;Malvaceae;Theobroma_guianense;Theobroma;guianense;83,75
4;104008;135,0000000000000;29,00000000000000;Malvaceae;Theobroma_guianense;Theobroma;guianense;61,5
4;104009;135,0000000000000;29,00000000000000;Sapotaceae;Chrysophyllum_sanguinolentum;Chrysophyllum;sanguinolentum;80
4;104011;135,5000000000000;22,50000000000000;Chrysobalanaceae;Licania_alba;Licania;alba;55
4;104012;130,0000000000000;24,00000000000000;Peraceae;Pogonophora_schomburgkiana;Pogonophora;schomburgkiana;70,5
4;104013;131,5000000000000;21,50000000000000;Lecythidaceae;Gustavia_hexapetala;Gustavia;hexapetala;46
4;104014;134,5000000000000;17,00000000000000;Fabaceae;Bocoa_prouacensis;Bocoa;prouacensis;82,5
4;104015;137,5000000000000;14,00000000000000;Sapotaceae;Manilkara_bidentata;Manilkara;bidentata;147
4;104016;136,5000000000000;14,00000000000000;Melastomataceae;Miconia_tschudyoides;Miconia;tschudyoides;43
4;104017;131,5000000000000;11,00000000000000;Chrysobalanaceae;Licania_alba;Licania;alba;60
4;104019;131,5000000000000;3,5;Lecythidaceae;Gustavia_hexapetala;Gustavia;hexapetala;46
4;104022;136,0000000000000;5;Cordiaceae;Cordia_sagotii;Cordia;sagotii;48,5
4;104023;139,0000000000000;4;Sapotaceae;Chrysophyllum_sanguinolentum;Chrysophyllum;sanguinolentum;102
4;104024;134,0000000000000;6;Malvaceae;Sterculia_pruriens;Sterculia;pruriens;53,5
4;104025;136,0000000000000;11,50000000000000;Cordiaceae;Cordia_sagotii;Cordia;sagotii;53
4;104026;245,5000000000000;30,00000000000000;Arecaceae;Oenocarpus_bataua;Oenocarpus;bataua var. bataua;59
4;104027;174,0000000000000;13,00000000000000;Fabaceae;Bocoa_prouacensis;Bocoa;prouacensis;53
4;104028;180,5000000000000;11,50000000000000;Fabaceae;Eperua_falcata;Eperua;falcata;200
4;104029;149,5000000000000;9;Meliaceae;Carapa_surinamensis;Carapa;surinamensis;110,5
4;104030;148,5000000000000;9,5;Lecythidaceae;Eschweilera_coriacea;Eschweilera;coriacea;46
4;104032;140,5000000000000;8;Euphorbiaceae;Conceveiba_guianensis;Conceveiba;guianensis;37
4;104033;142,0000000000000;16,00000000000000;Lecythidaceae;Eschweilera_sagotiana;Eschweilera;sagotiana;68
4;104034;141,5000000000000;20,00000000000000;Fabaceae;Bocoa_prouacensis;Bocoa;prouacensis;45
4;104035;139,0000000000000;19,50000000000000;Lecythidaceae;Eschweilera_sagotiana;Eschweilera;sagotiana;149,5
4;104037;147,5000000000000;24,00000000000000;Lecythidaceae;Eschweilera_coriacea;Eschweilera;coriacea;135
4;104038;143,5000000000000;26,50000000000000;Myristicaceae;Iryanthera_sagotiana;Iryanthera;sagotiana;66
4;104039;143,5000000000000;27,50000000000000;Euphorbiaceae;Sandwithia_guyanensis;Sandwithia;guyanensis;37
4;104040;141,0000000000000;26,00000000000000;Fabaceae;Eperua_falcata;Eperua;falcata;207
4;104041;141,5000000000000;24,50000000000000;Chrysobalanaceae;Licania_alba;Licania;alba;68
4;104042;144,0000000000000;39,50000000000000;Fabaceae;Eperua_falcata;Eperua;falcata;164
4;104045;141,5000000000000;44,50000000000000;Lecythidaceae;Gustavia_hexapetala;Gustavia;hexapetala;39
4;104047;146,5000000000000;46,50000000000000;Lecythidaceae;Lecythis_persistens;Lecythis;persistens subsp. aurantiaca;67
4;104049;141,0000000000000;50,00000000000000;Lecythidaceae;Lecythis_persistens;Lecythis;persistens subsp. aurantiaca;46
4;104050;139,5000000000000;51,50000000000000;Fabaceae;Eperua_falcata;Eperua;falcata;80,5
4;104051;139,5000000000000;55,00000000000000;Burseraceae;Protium_opacum;Protium;opacum subsp. rabelianum;106
4;104052;141,0000000000000;56,00000000000000;Lecythidaceae;Eschweilera_sagotiana;Eschweilera;sagotiana;95,5
4;104054;144,0000000000000;63,00000000000000;Ebenaceae;Diospyros_carbonaria;Diospyros;carbonaria;72
4;104055;140,5000000000000;65,50000000000000;Lecythidaceae;Lecythis_persistens;Lecythis;persistens subsp. aurantiaca;58
4;104056;143,0000000000000;68,00000000000000;Lecythidaceae;Lecythis_persistens;Lecythis;persistens subsp. aurantiaca;47
4;104057;144,0000000000000;70,00000000000000;Fabaceae;Eperua_falcata;Eperua;falcata;147,5
4;104058;141,5000000000000;70,50000000000000;Bignoniaceae;Jacaranda_copaia;Jacaranda;copaia subsp. copaia;43
4;104059;147,5000000000000;71,50000000000000;Malvaceae;Sterculia_speciosa;Sterculia;speciosa;62,5
4;104060;148,0000000000000;75,50000000000000;Chrysobalanaceae;Licania_alba;Licania;alba;45,5
4;104061;141,5000000000000;77,00000000000000;Fabaceae;Tachigali_melinonii;Tachigali;melinonii;82
4;104062;142,0000000000000;80,00000000000000;Clusiaceae;Tovomita_brevistaminea;Tovomita;brevistaminea;36
4;104063;145,0000000000000;83,50000000000000;Fabaceae;Eperua_falcata;Eperua;falcata;164
4;104065;146,5000000000000;87,50000000000000;Lecythidaceae;Lecythis_persistens;Lecythis;persistens subsp. aurantiaca;101
4;104067;149,5000000000000;99,50000000000000;Lamiaceae;Vitex_triflora;Vitex;triflora;37
4;104068;148,0000000000000;102,50000000000000;Fabaceae;Swartzia_grandifolia;Swartzia;grandifolia;36
4;104069;147,0000000000000;101,50000000000000;Fabaceae;Eperua_falcata;Eperua;falcata;160
4;104070;145,0000000000000;105,50000000000000;Moraceae;Brosimum_utile;Brosimum;utile;59,5
4;104071;143,5000000000000;109,00000000000000;Fabaceae;Eperua_falcata;Eperua;falcata;94
4;104073;143,5000000000000;114,00000000000000;Bignoniaceae;Tabebuia_insignis;Tabebuia;insignis;163
4;104074;143,5000000000000;116,50000000000000;Meliaceae;Carapa_surinamensis;Carapa;surinamensis;93
4;104075;149,0000000000000;112,00000000000000;Clusiaceae;Tovomita_brevistaminea;Tovomita;brevistaminea;41
4;104076;142,5000000000000;105,50000000000000;Sapindaceae;Talisia_praealta;Talisia;praealta;43
4;104078;154,5000000000000;116,00000000000000;Euphorbiaceae;Conceveiba_guianensis;Conceveiba;guianensis;93
4;104083;180,0000000000000;17,00000000000000;Lecythidaceae;Lecythis_persistens;Lecythis;persistens subsp. aurantiaca;39
4;104088;158,0000000000000;96,50000000000000;Myristicaceae;Iryanthera_hostmannii;Iryanthera;hostmannii;82
4;104090;154,5000000000000;93,50000000000000;Fabaceae;Eperua_falcata;Eperua;falcata;143,5
4;104091;153,0000000000000;92,50000000000000;Lecythidaceae;Lecythis_persistens;Lecythis;persistens subsp. aurantiaca;67,5
4;104092;156,5000000000000;85,50000000000000;Meliaceae;Carapa_surinamensis;Carapa;surinamensis;104,5
4;104093;150,5000000000000;82,50000000000000;Myristicaceae;Iryanthera_hostmannii;Iryanthera;hostmannii;76
4;104095;152,0000000000000;80,00000000000000;Sapotaceae;Pouteria_gonggrijpii;Pouteria;gonggrijpii;129,5
4;104096;150,5000000000000;78,00000000000000;Metteniusaceae;Poraqueiba_guianensis;Poraqueiba;guianensis;76,5
4;104097;158,0000000000000;82,50000000000000;Calophyllaceae;Caraipa_punctulata;Caraipa;punctulata;82
4;104098;150,0000000000000;72,50000000000000;Myristicaceae;Iryanthera_hostmannii;Iryanthera;hostmannii;83
4;104099;155,0000000000000;67,00000000000000;Fabaceae;Eperua_falcata;Eperua;falcata;139,5
4;104100;158,5000000000000;68,00000000000000;Moraceae;Brosimum_utile;Brosimum;utile;73
4;104104;150,0000000000000;56,00000000000000;Lecythidaceae;Lecythis_persistens;Lecythis;persistens subsp. aurantiaca;65,5
4;104105;159,5000000000000;59,50000000000000;Chrysobalanaceae;Licania_alba;Licania;alba;66
4;104110;155,0000000000000;45,50000000000000;Salicaceae;Laetia_procera;Laetia;procera;136
4;104111;149,5000000000000;46,00000000000000;Lecythidaceae;Lecythis_persistens;Lecythis;persistens subsp. aurantiaca;60
4;104115;157,5000000000000;36,50000000000000;Fabaceae;Eperua_falcata;Eperua;falcata;161,5
4;104116;153,5000000000000;30,00000000000000;Euphorbiaceae;Conceveiba_guianensis;Conceveiba;guianensis;56,5
4;104119;156,0000000000000;24,50000000000000;Lecythidaceae;Eschweilera_coriacea;Eschweilera;coriacea;65,5
4;104120;158,5000000000000;23,00000000000000;Lecythidaceae;Eschweilera_coriacea;Eschweilera;coriacea;87
4;104121;158,5000000000000;17,50000000000000;Chrysobalanaceae;Licania_alba;Licania;alba;70,5
4;104123;157,0000000000000;16,50000000000000;Lecythidaceae;Eschweilera_coriacea;Eschweilera;coriacea;54
4;104127;157,0000000000000;10,50000000000000;Lecythidaceae;Lecythis_persistens;Lecythis;persistens subsp. aurantiaca;38
4;104129;157,5000000000000;5,5;Sapotaceae;Pouteria_eugeniifolia;Pouteria;eugeniifolia;133,5
4;104130;152,0000000000000;8;Chrysobalanaceae;Parinari_campestris;Parinari;campestris;153,5
4;104131;153,0000000000000;8,5;Lecythidaceae;Eschweilera_coriacea;Eschweilera;coriacea;67,5
4;104132;152,5000000000000;6,5;Euphorbiaceae;Sandwithia_guyanensis;Sandwithia;guyanensis;40
4;104134;156,0000000000000;3,5;Lecythidaceae;Eschweilera_sagotiana;Eschweilera;sagotiana;41,5
4;104135;176,5000000000000;11,50000000000000;Sapotaceae;Pouteria_ambelaniifolia;Pouteria;ambelaniifolia;42,5
4;104139;165,5000000000000;2;Fabaceae;Eperua_falcata;Eperua;falcata;141,5
4;104142;164,0000000000000;5,5;Chrysobalanaceae;Licania_alba;Licania;alba;55
4;104144;180,0000000000000;124,00000000000000;Lecythidaceae;Couratari_multiflora;Couratari;multiflora;71
4;104145;161,0000000000000;12,00000000000000;Lecythidaceae;Lecythis_persistens;Lecythis;persistens subsp. aurantiaca;49
4;104146;163,5000000000000;14,50000000000000;Malvaceae;Theobroma_guianense;Theobroma;guianense;50
4;104149;165,5000000000000;26,00000000000000;Lecythidaceae;Eschweilera_coriacea;Eschweilera;coriacea;78
4;104150;161,0000000000000;23,50000000000000;Lecythidaceae;Lecythis_persistens;Lecythis;persistens subsp. aurantiaca;50
4;104151;162,5000000000000;34,00000000000000;Bignoniaceae;Tabebuia_insignis;Tabebuia;insignis;92
4;104152;164,5000000000000;32,50000000000000;Fabaceae;Ormosia_coutinhoi;Ormosia;coutinhoi;105,5
4;104153;169,5000000000000;29,50000000000000;Lecythidaceae;Lecythis_persistens;Lecythis;persistens subsp. aurantiaca;45,5
4;104154;168,5000000000000;42,00000000000000;Lecythidaceae;Lecythis_persistens;Lecythis;persistens subsp. aurantiaca;52
4;104157;165,5000000000000;42,50000000000000;Lecythidaceae;Lecythis_persistens;Lecythis;persistens subsp. aurantiaca;56
4;104158;162,5000000000000;40,00000000000000;Myristicaceae;Iryanthera_hostmannii;Iryanthera;hostmannii;75
4;104159;161,0000000000000;43,00000000000000;Lecythidaceae;Eschweilera_coriacea;Eschweilera;coriacea;90
4;104161;164,5000000000000;45,50000000000000;Fabaceae;Swartzia_polyphylla;Swartzia;polyphylla;63,6
4;104165;160,5000000000000;48,00000000000000;Lecythidaceae;Eschweilera_coriacea;Eschweilera;coriacea;60,5
4;104166;161,5000000000000;55,50000000000000;Clusiaceae;Symphonia_sp.1;Symphonia;sp.1;111
4;104167;160,0000000000000;60,50000000000000;Lecythidaceae;Lecythis_persistens;Lecythis;persistens subsp. aurantiaca;48
4;104171;166,5000000000000;76,50000000000000;Fabaceae;Abarema_jupunba;Abarema;jupunba var. jupunba;163
4;104172;168,5000000000000;78,00000000000000;Sapotaceae;Pradosia_cochlearia;Pradosia;cochlearia;84
4;104178;163,5000000000000;110,50000000000000;Fabaceae;Eperua_falcata;Eperua;falcata;105,5
4;104179;166,5000000000000;110,50000000000000;Fabaceae;Bocoa_prouacensis;Bocoa;prouacensis;92,5
4;104181;169,0000000000000;114,00000000000000;Chrysobalanaceae;Licania_alba;Licania;alba;93
4;104182;168,0000000000000;115,50000000000000;Fabaceae;Bocoa_prouacensis;Bocoa;prouacensis;59,5
4;104184;176,5000000000000;123,00000000000000;Melastomataceae;Mouriri_crassifolia;Mouriri;crassifolia;79
4;104185;170,5000000000000;107,00000000000000;Lecythidaceae;Gustavia_hexapetala;Gustavia;hexapetala;48
4;104186;168,5000000000000;103,50000000000000;Lecythidaceae;Eschweilera_sagotiana;Eschweilera;sagotiana;72,5
4;104187;168,0000000000000;103,50000000000000;Euphorbiaceae;Hevea_guianensis;Hevea;guianensis;96
4;104188;164,5000000000000;103,00000000000000;Chrysobalanaceae;Licania_membranacea;Licania;membranacea;75,5
4;104189;166,5000000000000;101,50000000000000;Fabaceae;Tachigali_melinonii;Tachigali;melinonii;251,875
4;104191;170,0000000000000;107,00000000000000;Moraceae;Helicostylis_tomentosa;Helicostylis;tomentosa;50
4;104193;179,0000000000000;109,00000000000000;Annonaceae;Oxandra_asbeckii;Oxandra;asbeckii;55
4;104195;178,5000000000000;94,00000000000000;Lecythidaceae;Gustavia_hexapetala;Gustavia;hexapetala;60,5
4;104196;176,0000000000000;92,00000000000000;Lecythidaceae;Lecythis_persistens;Lecythis;persistens subsp. aurantiaca;98
4;104197;171,5000000000000;92,00000000000000;Metteniusaceae;Poraqueiba_guianensis;Poraqueiba;guianensis;98,5
4;104202;175,0000000000000;80,00000000000000;Fabaceae;Eperua_grandiflora;Eperua;grandiflora;147
4;104203;175,0000000000000;80,00000000000000;Fabaceae;Eperua_falcata;Eperua;falcata;141
4;104204;175,0000000000000;74,50000000000000;Fabaceae;Eperua_falcata;Eperua;falcata;130,5
4;104206;172,5000000000000;73,00000000000000;Fabaceae;Eperua_falcata;Eperua;falcata;213,5
4;104207;177,0000000000000;69,50000000000000;Peraceae;Chaetocarpus_schomburgkianus;Chaetocarpus;schomburgkianus;39
4;104208;170,0000000000000;66,00000000000000;Chrysobalanaceae;Licania_alba;Licania;alba;64,5
4;104211;176,0000000000000;57,50000000000000;Violaceae;Leonia_glycycarpa;Leonia;glycycarpa;77
4;104214;180,0000000000000;47,00000000000000;Lecythidaceae;Eschweilera_sagotiana;Eschweilera;sagotiana;75
4;104215;179,5000000000000;48,00000000000000;Fabaceae;Tachigali_melinonii;Tachigali;melinonii;149
4;104216;178,0000000000000;28,00000000000000;Melastomataceae;Mouriri_crassifolia;Mouriri;crassifolia;55,5
4;104218;174,0000000000000;44,00000000000000;Lecythidaceae;Eschweilera_sagotiana;Eschweilera;sagotiana;66
4;104219;171,5000000000000;43,50000000000000;Chrysobalanaceae;Licania_alba;Licania;alba;66
4;104220;174,5000000000000;40,50000000000000;Lecythidaceae;Lecythis_persistens;Lecythis;persistens subsp. aurantiaca;67,5
4;104221;171,0000000000000;38,00000000000000;Lecythidaceae;Eschweilera_coriacea;Eschweilera;coriacea;43
4;104222;177,5000000000000;37,00000000000000;Clusiaceae;Tovomita_brevistaminea;Tovomita;brevistaminea;53
4;104224;181,5000000000000;40,00000000000000;Caryocaraceae;Caryocar_glabrum;Caryocar;glabrum;216
4;104225;180,0000000000000;27,00000000000000;Fabaceae;Eperua_falcata;Eperua;falcata;138
4;104226;177,5000000000000;27,00000000000000;Metteniusaceae;Poraqueiba_guianensis;Poraqueiba;guianensis;62,5
4;104227;175,0000000000000;29,50000000000000;Lecythidaceae;Lecythis_persistens;Lecythis;persistens subsp. aurantiaca;58,5
4;104228;171,0000000000000;30,50000000000000;Lecythidaceae;Lecythis_persistens;Lecythis;persistens subsp. aurantiaca;42,5
4;104230;190,0000000000000;120,00000000000000;Lecythidaceae;Gustavia_hexapetala;Gustavia;hexapetala;55
4;104232;176,5000000000000;24,00000000000000;Lecythidaceae;Eschweilera_decolorans;Eschweilera;decolorans;83
4;104234;176,0000000000000;20,50000000000000;Clusiaceae;Tovomita_brevistaminea;Tovomita;brevistaminea;39
4;104235;170,5000000000000;18,50000000000000;Lecythidaceae;Eschweilera_sagotiana;Eschweilera;sagotiana;98,5
4;104236;176,0000000000000;18,50000000000000;Malvaceae;Sterculia_pruriens;Sterculia;pruriens;107
4;104239;174,0000000000000;16,50000000000000;Fabaceae;Dicorynia_guianensis;Dicorynia;guianensis;52
4;104240;181,0000000000000;6;Chrysobalanaceae;Licania_membranacea;Licania;membranacea;48
4;104241;173,0000000000000;11,50000000000000;Chrysobalanaceae;Parinariopsis_licaniiflora;Parinariopsis;licaniiflora;131
4;104243;171,0000000000000;6,5;Lecythidaceae;Eschweilera_sagotiana;Eschweilera;sagotiana;75
4;104244;188,0000000000000;125,00000000000000;Annonaceae;Oxandra_asbeckii;Oxandra;asbeckii;57
4;104246;176,5000000000000;2,5;Fabaceae;Vouacapoua_americana;Vouacapoua;americana;225
4;104247;180,5000000000000;3,5;Fabaceae;Eperua_falcata;Eperua;falcata;110,5
4;104249;182,5000000000000;0,5;Clusiaceae;Symphonia_sp.1;Symphonia;sp.1;78
4;104250;197,5000000000000;107,50000000000000;Malvaceae;Sterculia_speciosa;Sterculia;speciosa;62,5
4;104251;188,5000000000000;1;Chrysobalanaceae;Licania_alba;Licania;alba;72
4;104252;185,0000000000000;3,5;Fabaceae;Inga_loubryana;Inga;loubryana;51,5
4;104253;182,5000000000000;6,5;Lecythidaceae;Eschweilera_sagotiana;Eschweilera;sagotiana;40,5
4;104254;185,0000000000000;13,00000000000000;Fabaceae;Eperua_falcata;Eperua;falcata;135
4;104255;183,0000000000000;12,50000000000000;Apocynaceae;Ambelania_acida;Ambelania;acida;36
4;104256;182,0000000000000;14,00000000000000;Fabaceae;Vouacapoua_americana;Vouacapoua;americana;103
4;104257;188,5000000000000;25,00000000000000;Peraceae;Pogonophora_schomburgkiana;Pogonophora;schomburgkiana;44,5
4;104258;184,0000000000000;24,00000000000000;Lecythidaceae;Lecythis_persistens;Lecythis;persistens subsp. aurantiaca;52
4;104262;182,5000000000000;39,00000000000000;Chrysobalanaceae;Licania_membranacea;Licania;membranacea;138
4;104264;186,0000000000000;42,00000000000000;Peraceae;Pogonophora_schomburgkiana;Pogonophora;schomburgkiana;41
4;104265;187,5000000000000;43,00000000000000;Malvaceae;Sterculia_speciosa;Sterculia;speciosa;52,5
4;104266;182,5000000000000;42,50000000000000;Lecythidaceae;Lecythis_persistens;Lecythis;persistens subsp. aurantiaca;53,5
4;104267;186,0000000000000;48,50000000000000;Fabaceae;Eperua_falcata;Eperua;falcata;97
4;104268;187,5000000000000;51,00000000000000;Fabaceae;Eperua_falcata;Eperua;falcata;143
4;104269;183,0000000000000;53,00000000000000;Lecythidaceae;Eschweilera_sagotiana;Eschweilera;sagotiana;106
4;104270;185,5000000000000;53,50000000000000;Lecythidaceae;Eschweilera_sagotiana;Eschweilera;sagotiana;62
4;104271;183,5000000000000;56,50000000000000;Chrysobalanaceae;Licania_alba;Licania;alba;68
4;104272;186,0000000000000;59,00000000000000;Myristicaceae;Iryanthera_hostmannii;Iryanthera;hostmannii;45
4;104276;180,5000000000000;70,50000000000000;Lecythidaceae;Gustavia_hexapetala;Gustavia;hexapetala;47
4;104277;183,0000000000000;71,00000000000000;Peraceae;Pogonophora_schomburgkiana;Pogonophora;schomburgkiana;72
4;104278;188,0000000000000;70,50000000000000;Moraceae;Trymatococcus_oligandrus;Trymatococcus;oligandrus;43
4;104279;188,5000000000000;72,50000000000000;Peraceae;Pogonophora_schomburgkiana;Pogonophora;schomburgkiana;56
4;104280;183,5000000000000;74,00000000000000;Fabaceae;Inga_jenmanii;Inga;jenmanii;77
4;104281;181,0000000000000;77,00000000000000;Melastomataceae;Henriettea_flavescens;Henriettea;flavescens;49
4;104282;183,5000000000000;85,00000000000000;Elaeocarpaceae;Sloanea_granulosa;Sloanea;granulosa;53
4;104284;185,0000000000000;83,50000000000000;Fabaceae;Swartzia_guianensis;Swartzia;guianensis;38
4;104285;186,5000000000000;84,00000000000000;Moraceae;Helicostylis_tomentosa;Helicostylis;tomentosa;56
4;104286;187,5000000000000;82,00000000000000;Chrysobalanaceae;Licania_alba;Licania;alba;57
4;104288;183,5000000000000;94,00000000000000;Lecythidaceae;Gustavia_hexapetala;Gustavia;hexapetala;62
4;104289;183,0000000000000;96,00000000000000;Fabaceae;Vouacapoua_americana;Vouacapoua;americana;84
4;104290;184,5000000000000;89,00000000000000;Chrysobalanaceae;Licania_alba;Licania;alba;60
4;104291;181,5000000000000;102,00000000000000;Fabaceae;Eperua_falcata;Eperua;falcata;231
4;104292;184,0000000000000;106,00000000000000;Sapotaceae;Micropholis_guyanensis;Micropholis;guyanensis subsp. duckeana;88
4;104293;190,0000000000000;104,00000000000000;Lecythidaceae;Lecythis_persistens;Lecythis;persistens subsp. aurantiaca;47,5
4;104294;186,5000000000000;109,00000000000000;Lecythidaceae;Eschweilera_sagotiana;Eschweilera;sagotiana;118
4;104295;182,5000000000000;108,50000000000000;Chrysobalanaceae;Licania_canescens;Licania;canescens;45
4;104296;186,5000000000000;113,00000000000000;Lecythidaceae;Eschweilera_decolorans;Eschweilera;decolorans;52
4;104297;185,5000000000000;116,00000000000000;Moraceae;Brosimum_utile;Brosimum;utile;58
4;104298;188,0000000000000;117,00000000000000;Clusiaceae;Moronobea_coccinea;Moronobea;coccinea;54
4;104299;189,0000000000000;117,00000000000000;Fabaceae;Eperua_falcata;Eperua;falcata;193
4;104300;200,0000000000000;118,00000000000000;Clusiaceae;Symphonia_sp.1;Symphonia;sp.1;73,5
4;104301;200,0000000000000;113,00000000000000;Chrysobalanaceae;Licania_canescens;Licania;canescens;49
4;104302;195,0000000000000;116,00000000000000;Clusiaceae;Tovomita_gazelii;Tovomita;gazelii;117
4;104303;195,0000000000000;114,00000000000000;Lecythidaceae;Eschweilera_decolorans;Eschweilera;decolorans;62,5
4;104304;193,0000000000000;114,50000000000000;Lecythidaceae;Eschweilera_sagotiana;Eschweilera;sagotiana;134
4;104305;191,5000000000000;113,50000000000000;Chrysobalanaceae;Couepia_caryophylloides;Couepia;caryophylloides;140,5
4;104306;190,5000000000000;111,50000000000000;Chrysobalanaceae;Licania_alba;Licania;alba;60
4;104307;191,5000000000000;107,50000000000000;Lecythidaceae;Eschweilera_sagotiana;Eschweilera;sagotiana;44,5
4;104308;200,0000000000000;111,00000000000000;Metteniusaceae;Dendrobangia_boliviana;Dendrobangia;boliviana;53
4;104309;197,5000000000000;110,50000000000000;Clusiaceae;Tovomita_gazelii;Tovomita;gazelii;109,5
4;104310;198,0000000000000;103,50000000000000;Lecythidaceae;Eschweilera_sagotiana;Eschweilera;sagotiana;115
4;104311;198,0000000000000;101,00000000000000;Lecythidaceae;Eschweilera_sagotiana;Eschweilera;sagotiana;68,5
4;104312;198,0000000000000;100,50000000000000;Fabaceae;Inga_jenmanii;Inga;jenmanii;68
4;104314;191,0000000000000;101,50000000000000;Clusiaceae;Symphonia_sp.1;Symphonia;sp.1;85,5
4;104315;190,5000000000000;103,00000000000000;Chrysobalanaceae;Licania_alba;Licania;alba;110
4;104317;192,0000000000000;98,50000000000000;Chrysobalanaceae;Leptobalanus_sprucei;Leptobalanus;sprucei;39
4;104319;198,5000000000000;95,00000000000000;Salicaceae;Laetia_procera;Laetia;procera;179
4;104320;199,5000000000000;93,50000000000000;Putranjivaceae;Drypetes_fanshawei;Drypetes;fanshawei;43
4;104321;199,0000000000000;92,00000000000000;Lecythidaceae;Eschweilera_sagotiana;Eschweilera;sagotiana;60
4;104322;197,5000000000000;82,50000000000000;Chrysobalanaceae;Licania_alba;Licania;alba;67,5
4;104323;189,5000000000000;88,50000000000000;Chrysobalanaceae;Licania_micrantha;Licania;micrantha;57
4;104324;190,5000000000000;82,00000000000000;Chrysobalanaceae;Couepia_bracteosa;Couepia;bracteosa;66
4;104325;191,5000000000000;76,50000000000000;Malpighiaceae;Byrsonima_densa;Byrsonima;densa;91
4;104327;196,5000000000000;77,50000000000000;Sapotaceae;Pouteria_gonggrijpii;Pouteria;gonggrijpii;62
4;104328;197,5000000000000;77,50000000000000;Sapotaceae;Pradosia_cochlearia;Pradosia;cochlearia;165
4;104329;190,5000000000000;76,00000000000000;Vochysiaceae;Ruizterania_albiflora;Ruizterania;albiflora;93,5
4;104330;190,5000000000000;71,00000000000000;Sapotaceae;Pouteria_ambelaniifolia;Pouteria;ambelaniifolia;39
4;104331;190,5000000000000;70,50000000000000;Lecythidaceae;Lecythis_persistens;Lecythis;persistens subsp. aurantiaca;81,5
4;104332;195,0000000000000;71,50000000000000;Celastraceae;Maytenus_oblongata;Maytenus;oblongata;63
4;104333;200,0000000000000;71,00000000000000;Fabaceae;Eperua_falcata;Eperua;falcata;168,5
4;104334;200,0000000000000;69,00000000000000;Lecythidaceae;Lecythis_zabucajo;Lecythis;zabucajo;137
4;104335;201,0000000000000;89,00000000000000;Lecythidaceae;Lecythis_poiteaui;Lecythis;poiteaui;64,5
4;104337;190,0000000000000;66,00000000000000;Fabaceae;Tachigali_melinonii;Tachigali;melinonii;192
4;104338;191,0000000000000;63,00000000000000;Clusiaceae;Tovomita_gazelii;Tovomita;gazelii;79
4;104339;192,5000000000000;63,00000000000000;Lecythidaceae;Lecythis_persistens;Lecythis;persistens subsp. aurantiaca;48
4;104342;198,0000000000000;56,00000000000000;Lecythidaceae;Eschweilera_sagotiana;Eschweilera;sagotiana;122
4;104343;198,0000000000000;56,00000000000000;Lecythidaceae;Lecythis_persistens;Lecythis;persistens subsp. aurantiaca;36
4;104344;200,0000000000000;54,50000000000000;Fabaceae;Eperua_falcata;Eperua;falcata;100
4;104345;197,5000000000000;53,00000000000000;Lecythidaceae;Eschweilera_coriacea;Eschweilera;coriacea;33,5
4;104346;190,0000000000000;47,00000000000000;Clusiaceae;Tovomita_brevistaminea;Tovomita;brevistaminea;40
4;104347;193,0000000000000;46,50000000000000;Fabaceae;Eperua_falcata;Eperua;falcata;72,5
4;104348;199,0000000000000;46,50000000000000;Chrysobalanaceae;Licania_alba;Licania;alba;61
4;104349;201,5000000000000;42,00000000000000;Chrysobalanaceae;Licania_micrantha;Licania;micrantha;83,5
4;104352;197,5000000000000;40,00000000000000;Ochnaceae;Quiina_integrifolia;Quiina;integrifolia;40,5
4;104353;198,0000000000000;40,00000000000000;Fabaceae;Parkia_nitida;Parkia;nitida;53
4;104354;200,0000000000000;37,00000000000000;Goupiaceae;Goupia_glabra;Goupia;glabra;195,5
4;104355;201,5000000000000;38,00000000000000;Chrysobalanaceae;Licania_membranacea;Licania;membranacea;43
4;104356;201,5000000000000;36,50000000000000;Sapotaceae;Pradosia_cochlearia;Pradosia;cochlearia;50
4;104357;196,5000000000000;34,50000000000000;Peraceae;Pogonophora_schomburgkiana;Pogonophora;schomburgkiana;43,5
4;104358;191,5000000000000;35,50000000000000;Chrysobalanaceae;Licania_alba;Licania;alba;80,5
4;104359;191,0000000000000;34,50000000000000;Fabaceae;Inga_cayennensis;Inga;cayennensis;64
4;104360;192,0000000000000;28,00000000000000;Metteniusaceae;Poraqueiba_guianensis;Poraqueiba;guianensis;44,5
4;104362;191,0000000000000;25,00000000000000;Clusiaceae;Symphonia_sp.1;Symphonia;sp.1;127,5
4;104363;193,0000000000000;22,00000000000000;Euphorbiaceae;Conceveiba_guianensis;Conceveiba;guianensis;75,5
4;104364;191,5000000000000;21,00000000000000;Fabaceae;Eperua_falcata;Eperua;falcata;73,5
4;104365;194,0000000000000;20,50000000000000;Fabaceae;Eperua_falcata;Eperua;falcata;66
4;104366;199,5000000000000;23,00000000000000;Fabaceae;Eperua_falcata;Eperua;falcata;89
4;104368;200,0000000000000;18,00000000000000;Malvaceae;Sterculia_speciosa;Sterculia;speciosa;89
4;104369;195,5000000000000;18,00000000000000;Fabaceae;Vouacapoua_americana;Vouacapoua;americana;153
4;104370;195,0000000000000;18,00000000000000;Clusiaceae;Tovomita_caloneura;Tovomita;caloneura;54
4;104371;193,5000000000000;17,00000000000000;Lecythidaceae;Lecythis_persistens;Lecythis;persistens subsp. aurantiaca;34,5
4;104373;197,0000000000000;15,00000000000000;Fabaceae;Eperua_falcata;Eperua;falcata;46
4;104374;201,5000000000000;17,00000000000000;Sapotaceae;Chrysophyllum_prieurii;Chrysophyllum;prieurii;68
4;104378;198,0000000000000;10,00000000000000;Sapotaceae;Chrysophyllum_prieurii;Chrysophyllum;prieurii;60
4;104379;200,0000000000000;7,5;Fabaceae;Eperua_falcata;Eperua;falcata;125,5
4;104380;199,0000000000000;5,5;Moraceae;Brosimum_guianense;Brosimum;guianense;42,5
4;104381;198,0000000000000;4,5;Sapotaceae;Micropholis_egensis;Micropholis;egensis;157,5
4;104385;195,5000000000000;1;Fabaceae;Eperua_falcata;Eperua;falcata;63
4;104388;205,5000000000000;3,5;Myristicaceae;Iryanthera_sagotiana;Iryanthera;sagotiana;78,5
4;104389;202,0000000000000;3,5;Euphorbiaceae;Glycydendron_amazonicum;Glycydendron;amazonicum;54
4;104390;206,0000000000000;5,5;Fabaceae;Eperua_falcata;Eperua;falcata;138
4;104391;205,5000000000000;5,5;Elaeocarpaceae;Sloanea_granulosa;Sloanea;granulosa;100
4;104392;206,0000000000000;8,5;Chrysobalanaceae;Licania_alba;Licania;alba;69,5
4;104393;206,5000000000000;12,50000000000000;Malvaceae;Apeiba_glabra;Apeiba;glabra;66
4;104395;203,5000000000000;21,00000000000000;Chrysobalanaceae;Licania_alba;Licania;alba;51,5
4;104396;202,0000000000000;22,50000000000000;Annonaceae;Oxandra_asbeckii;Oxandra;asbeckii;42
4;104397;208,5000000000000;21,50000000000000;Lecythidaceae;Eschweilera_coriacea;Eschweilera;coriacea;40
4;104398;209,5000000000000;21,00000000000000;Chrysobalanaceae;Licania_alba;Licania;alba;53
4;104399;207,0000000000000;21,50000000000000;Chrysobalanaceae;Parinariopsis_licaniiflora;Parinariopsis;licaniiflora;173
4;104400;202,5000000000000;25,00000000000000;Chrysobalanaceae;Licania_alba;Licania;alba;66
4;104401;206,0000000000000;31,00000000000000;Chrysobalanaceae;Licania_alba;Licania;alba;85,5
4;104402;206,5000000000000;31,00000000000000;Peraceae;Pogonophora_schomburgkiana;Pogonophora;schomburgkiana;41
4;104403;207,0000000000000;34,50000000000000;Chrysobalanaceae;Couepia_bracteosa;Couepia;bracteosa;137,5
4;104404;205,5000000000000;34,50000000000000;Malvaceae;Theobroma_guianense;Theobroma;guianense;72,5
4;104405;207,5000000000000;36,50000000000000;Myristicaceae;Iryanthera_sagotiana;Iryanthera;sagotiana;66,5
4;104406;203,5000000000000;39,50000000000000;Fabaceae;Eperua_falcata;Eperua;falcata;158,5
4;104407;206,5000000000000;47,50000000000000;Chrysobalanaceae;Licania_alba;Licania;alba;43,5
4;104408;204,0000000000000;49,00000000000000;Fabaceae;Dicorynia_guianensis;Dicorynia;guianensis;163,5
4;104409;202,5000000000000;52,00000000000000;Lecythidaceae;Eschweilera_sagotiana;Eschweilera;sagotiana;125
4;104410;205,0000000000000;53,50000000000000;Chrysobalanaceae;Parinari_montana;Parinari;montana;164
4;104412;207,5000000000000;53,00000000000000;Chrysobalanaceae;Licania_alba;Licania;alba;74
4;104414;207,0000000000000;56,00000000000000;Fabaceae;Eperua_falcata;Eperua;falcata;93,5
4;104415;207,0000000000000;80,00000000000000;Chrysobalanaceae;Leptobalanus_sprucei;Leptobalanus;sprucei;84
4;104416;203,5000000000000;93,00000000000000;Bignoniaceae;Jacaranda_copaia;Jacaranda;copaia subsp. copaia;127
4;104417;205,5000000000000;95,00000000000000;Fabaceae;Eperua_falcata;Eperua;falcata;176,5
4;104418;205,0000000000000;95,00000000000000;Myrtaceae;Eugenia_patrisii;Eugenia;patrisii;53
4;104421;208,0000000000000;102,00000000000000;Sapotaceae;Pouteria_eugeniifolia;Pouteria;eugeniifolia;44,5
4;104422;205,0000000000000;103,50000000000000;Malvaceae;Theobroma_guianense;Theobroma;guianense;50
4;104423;208,0000000000000;105,00000000000000;Lecythidaceae;Eschweilera_sagotiana;Eschweilera;sagotiana;80,5
4;104424;209,0000000000000;107,50000000000000;Fabaceae;Vouacapoua_americana;Vouacapoua;americana;100
4;104425;205,5000000000000;109,00000000000000;Euphorbiaceae;Sandwithia_guyanensis;Sandwithia;guyanensis;41,5
4;104426;207,0000000000000;111,00000000000000;Chrysobalanaceae;Parinariopsis_licaniiflora;Parinariopsis;licaniiflora;76,5
4;104427;208,0000000000000;112,00000000000000;Fabaceae;Vouacapoua_americana;Vouacapoua;americana;55
4;104429;209,5000000000000;113,50000000000000;Lecythidaceae;Eschweilera_sagotiana;Eschweilera;sagotiana;115
4;104430;205,0000000000000;115,50000000000000;Dichapetalaceae;Tapura_capitulifera;Tapura;capitulifera;118,75
4;104435;216,0000000000000;113,00000000000000;Fabaceae;Eperua_grandiflora;Eperua;grandiflora;204,5
4;104436;216,0000000000000;113,00000000000000;Fabaceae;Eperua_falcata;Eperua;falcata;82,5
4;104437;220,0000000000000;109,50000000000000;Malvaceae;Sterculia_pruriens;Sterculia;pruriens;113,5
4;104439;218,5000000000000;105,50000000000000;Fabaceae;Eperua_falcata;Eperua;falcata;45,5
4;104441;216,5000000000000;102,50000000000000;Lecythidaceae;Lecythis_persistens;Lecythis;persistens subsp. aurantiaca;53,5
4;104444;214,5000000000000;105,50000000000000;Fabaceae;Eperua_falcata;Eperua;falcata;119,5
4;104446;214,5000000000000;93,00000000000000;Lecythidaceae;Lecythis_persistens;Lecythis;persistens subsp. aurantiaca;56
4;104447;203,0000000000000;90,00000000000000;Melastomataceae;Mouriri_crassifolia;Mouriri;crassifolia;70
4;104448;218,0000000000000;88,50000000000000;Chrysobalanaceae;Licania_alba;Licania;alba;83,5
4;104449;213,0000000000000;81,50000000000000;Lecythidaceae;Lecythis_persistens;Lecythis;persistens subsp. aurantiaca;54
4;104450;213,0000000000000;81,50000000000000;Chrysobalanaceae;Licania_alba;Licania;alba;50
4;104451;210,0000000000000;77,00000000000000;Lecythidaceae;Lecythis_poiteaui;Lecythis;poiteaui;57,5
4;104452;211,0000000000000;76,00000000000000;Fabaceae;Eperua_falcata;Eperua;falcata;210
4;104453;211,5000000000000;75,00000000000000;Chrysobalanaceae;Licania_alba;Licania;alba;95,5
4;104454;214,0000000000000;73,00000000000000;Clusiaceae;Tovomita_umbellata;Tovomita;umbellata;70
4;104455;215,0000000000000;69,50000000000000;Vochysiaceae;Vochysia_tomentosa;Vochysia;tomentosa;318
4;104457;212,0000000000000;65,50000000000000;Myristicaceae;Iryanthera_hostmannii;Iryanthera;hostmannii;64
4;104458;210,5000000000000;58,00000000000000;Lecythidaceae;Eschweilera_sagotiana;Eschweilera;sagotiana;51,5
4;104460;210,5000000000000;51,50000000000000;Fabaceae;Eperua_falcata;Eperua;falcata;46
4;104461;215,0000000000000;58,50000000000000;Lecythidaceae;Gustavia_hexapetala;Gustavia;hexapetala;48,5
4;104462;216,0000000000000;55,00000000000000;Chrysobalanaceae;Hirtella_bicornis;Hirtella;bicornis var. bicornis;78
4;104463;219,5000000000000;58,50000000000000;Chrysobalanaceae;Licania_alba;Licania;alba;97
4;104464;212,5000000000000;46,50000000000000;Fabaceae;Eperua_falcata;Eperua;falcata;81,5
4;104465;210,0000000000000;45,00000000000000;Malvaceae;Apeiba_glabra;Apeiba;glabra;93,5
4;104466;212,5000000000000;40,00000000000000;Peraceae;Chaetocarpus_schomburgkianus;Chaetocarpus;schomburgkianus;64,5
4;104467;218,0000000000000;41,00000000000000;Euphorbiaceae;Sandwithia_guyanensis;Sandwithia;guyanensis;43
4;104468;218,0000000000000;33,50000000000000;Sapotaceae;Pradosia_cochlearia;Pradosia;cochlearia;49,5
4;104469;213,5000000000000;34,50000000000000;Euphorbiaceae;Sandwithia_guyanensis;Sandwithia;guyanensis;41,5
4;104470;212,5000000000000;34,00000000000000;Fabaceae;Dicorynia_guianensis;Dicorynia;guianensis;179
4;104471;212,5000000000000;37,00000000000000;Peraceae;Pogonophora_schomburgkiana;Pogonophora;schomburgkiana;55,5
4;104472;212,0000000000000;31,50000000000000;Sapotaceae;Pradosia_cochlearia;Pradosia;cochlearia;46
4;104473;217,0000000000000;32,00000000000000;Fabaceae;Eperua_grandiflora;Eperua;grandiflora;55,5
4;104474;215,5000000000000;30,50000000000000;Moraceae;Brosimum_guianense;Brosimum;guianense;55
4;104475;214,5000000000000;29,00000000000000;Lecythidaceae;Eschweilera_sagotiana;Eschweilera;sagotiana;74
4;104476;217,5000000000000;24,50000000000000;Peraceae;Pogonophora_schomburgkiana;Pogonophora;schomburgkiana;68,5
4;104477;219,5000000000000;24,50000000000000;Dichapetalaceae;Tapura_capitulifera;Tapura;capitulifera;92
4;104478;220,0000000000000;24,50000000000000;Chrysobalanaceae;Couepia_caryophylloides;Couepia;caryophylloides;107,5
4;104479;217,5000000000000;21,00000000000000;Chrysobalanaceae;Couepia_caryophylloides;Couepia;caryophylloides;71,5
4;104480;217,5000000000000;20,00000000000000;Lecythidaceae;Eschweilera_sagotiana;Eschweilera;sagotiana;41,5
4;104481;215,0000000000000;18,50000000000000;Sapotaceae;Chrysophyllum_sanguinolentum;Chrysophyllum;sanguinolentum;154
4;104482;213,0000000000000;19,00000000000000;Anacardiaceae;Thyrsodium_puberulum;Thyrsodium;puberulum;69,5
4;104483;211,5000000000000;16,50000000000000;Melastomataceae;Votomita_guianensis;Votomita;guianensis;44,5
4;104484;215,5000000000000;16,00000000000000;Sapotaceae;Chrysophyllum_sanguinolentum;Chrysophyllum;sanguinolentum;48
4;104485;218,0000000000000;16,00000000000000;Chrysobalanaceae;Licania_canescens;Licania;canescens;71
4;104487;220,0000000000000;14,50000000000000;Chrysobalanaceae;Licania_canescens;Licania;canescens;45
4;104488;220,0000000000000;14,50000000000000;Fabaceae;Bocoa_prouacensis;Bocoa;prouacensis;51,5
4;104489;218,0000000000000;6,5;Clusiaceae;Tovomita_gazelii;Tovomita;gazelii;49
4;104490;215,5000000000000;6;Lecythidaceae;Eschweilera_sagotiana;Eschweilera;sagotiana;102
4;104491;214,5000000000000;6,5;Fabaceae;Vouacapoua_americana;Vouacapoua;americana;87
4;104492;221,5000000000000;9,5;Chrysobalanaceae;Licania_canescens;Licania;canescens;55,5
4;104493;218,0000000000000;3;Simaroubaceae;Simaba_polyphylla;Simaba;polyphylla;92
4;104494;218,0000000000000;3;Chrysobalanaceae;Hymenopus_heteromorphus;Hymenopus;heteromorphus;53,5
4;104495;221,0000000000000;1;Chrysobalanaceae;Licania_membranacea;Licania;membranacea;123,5
4;104496;216,0000000000000;0,5;Sapotaceae;Pradosia_cochlearia;Pradosia;cochlearia;54
4;104497;226,5000000000000;2;Humiriaceae;Humiriastrum_subcrenatum;Humiriastrum;subcrenatum;121
4;104498;226,5000000000000;10,50000000000000;Lecythidaceae;Eschweilera_sagotiana;Eschweilera;sagotiana;154
4;104499;228,5000000000000;9,5;Fabaceae;Recordoxylon_speciosum;Recordoxylon;speciosum;62
4;104500;231,0000000000000;9;Sapotaceae;Chrysophyllum_prieurii;Chrysophyllum;prieurii;76,5
4;104501;230,0000000000000;12,00000000000000;Rubiaceae;Duroia_micrantha;Duroia;micrantha;91
4;104502;230,0000000000000;17,50000000000000;Myristicaceae;Iryanthera_sagotiana;Iryanthera;sagotiana;67
4;104503;228,0000000000000;15,00000000000000;Meliaceae;Carapa_surinamensis;Carapa;surinamensis;142
4;104504;230,0000000000000;18,00000000000000;Humiriaceae;Humiriastrum_subcrenatum;Humiriastrum;subcrenatum;123,5
4;104505;229,0000000000000;24,00000000000000;Apocynaceae;Parahancornia_fasciculata;Parahancornia;fasciculata;176,5
4;104507;223,0000000000000;25,50000000000000;Olacaceae;Heisteria_densifrons;Heisteria;densifrons;55
4;104508;223,5000000000000;32,00000000000000;Burseraceae;Protium_sagotianum;Protium;sagotianum;106
4;104509;227,0000000000000;32,00000000000000;Clusiaceae;Symphonia_sp.1;Symphonia;sp.1;84,5
4;104510;221,5000000000000;35,50000000000000;Chrysobalanaceae;Hymenopus_heteromorphus;Hymenopus;heteromorphus;58
4;104511;222,0000000000000;40,00000000000000;Fabaceae;Swartzia_guianensis;Swartzia;guianensis;41,5
4;104512;221,0000000000000;42,50000000000000;Peraceae;Chaetocarpus_schomburgkianus;Chaetocarpus;schomburgkianus;70
4;104514;227,0000000000000;39,00000000000000;Chrysobalanaceae;Licania_alba;Licania;alba;40
4;104515;229,5000000000000;43,00000000000000;Dichapetalaceae;Tapura_capitulifera;Tapura;capitulifera;45,5
4;104517;224,5000000000000;43,50000000000000;Lecythidaceae;Lecythis_persistens;Lecythis;persistens subsp. aurantiaca;40
4;104518;222,0000000000000;46,00000000000000;Lauraceae;Rhodostemonodaphne_grandis;Rhodostemonodaphne;grandis;85
4;104519;221,5000000000000;48,50000000000000;Lecythidaceae;Eschweilera_decolorans;Eschweilera;decolorans;51
4;104520;224,5000000000000;48,50000000000000;Lecythidaceae;Lecythis_persistens;Lecythis;persistens subsp. aurantiaca;35
4;104521;227,5000000000000;51,00000000000000;Malvaceae;Sterculia_speciosa;Sterculia;speciosa;139
4;104522;227,5000000000000;54,50000000000000;Lauraceae;Sextonia_rubra;Sextonia;rubra;54,5
4;104524;225,0000000000000;62,00000000000000;Fabaceae;Eperua_falcata;Eperua;falcata;141
4;104530;221,0000000000000;79,50000000000000;Simaroubaceae;Homalolepis_cedron;Homalolepis;cedron;69,5
4;104536;228,0000000000000;92,00000000000000;Sapotaceae;Chrysophyllum_argenteum;Chrysophyllum;argenteum;52,5
4;104537;223,5000000000000;92,50000000000000;Clusiaceae;Tovomita_sp.5-CAY;Tovomita;sp.5-CAY;41
4;104538;221,5000000000000;95,00000000000000;Lecythidaceae;Eschweilera_decolorans;Eschweilera;decolorans;75
4;104539;220,5000000000000;98,00000000000000;Lecythidaceae;Eschweilera_decolorans;Eschweilera;decolorans;89
4;104541;227,0000000000000;96,50000000000000;Fabaceae;Eperua_falcata;Eperua;falcata;127,5
4;104544;222,0000000000000;105,00000000000000;Chrysobalanaceae;Licania_alba;Licania;alba;58
4;104546;225,0000000000000;112,00000000000000;Humiriaceae;Humiriastrum_subcrenatum;Humiriastrum;subcrenatum;152
4;104547;223,5000000000000;115,00000000000000;Lecythidaceae;Lecythis_persistens;Lecythis;persistens subsp. aurantiaca;38
4;104548;227,0000000000000;118,00000000000000;Anacardiaceae;Thyrsodium_guianense;Thyrsodium;guianense;63
4;104551;235,5000000000000;113,50000000000000;Lecythidaceae;Lecythis_persistens;Lecythis;persistens subsp. aurantiaca;46
4;104552;239,0000000000000;110,50000000000000;Lauraceae;Aniba_taubertiana;Aniba;taubertiana;41
4;104553;239,0000000000000;110,50000000000000;Clusiaceae;Symphonia_sp.1;Symphonia;sp.1;119
4;104554;235,0000000000000;109,00000000000000;Fabaceae;Eperua_falcata;Eperua;falcata;156
4;104555;238,5000000000000;102,00000000000000;Fabaceae;Bocoa_prouacensis;Bocoa;prouacensis;95
4;104556;238,0000000000000;103,00000000000000;Annonaceae;Oxandra_asbeckii;Oxandra;asbeckii;40
4;104558;233,5000000000000;101,50000000000000;Lecythidaceae;Eschweilera_sagotiana;Eschweilera;sagotiana;117,5
4;104562;240,0000000000000;99,00000000000000;Myristicaceae;Iryanthera_sagotiana;Iryanthera;sagotiana;82
4;104564;237,5000000000000;93,00000000000000;Chrysobalanaceae;Licania_alba;Licania;alba;94
4;104566;231,5000000000000;90,50000000000000;Vochysiaceae;Ruizterania_albiflora;Ruizterania;albiflora;257,5
4;104569;233,0000000000000;80,50000000000000;Fabaceae;Parkia_velutina;Parkia;velutina;84
4;104573;231,0000000000000;69,50000000000000;Fabaceae;Eperua_falcata;Eperua;falcata;171,5
4;104574;237,0000000000000;72,00000000000000;Vochysiaceae;Vochysia_tomentosa;Vochysia;tomentosa;85
4;104575;238,0000000000000;72,00000000000000;Chrysobalanaceae;Leptobalanus_sprucei;Leptobalanus;sprucei;35
4;104576;240,5000000000000;64,50000000000000;Lecythidaceae;Lecythis_chartacea;Lecythis;chartacea;230
4;104580;233,5000000000000;61,50000000000000;Fabaceae;Dicorynia_guianensis;Dicorynia;guianensis;119,5
4;104581;231,0000000000000;59,00000000000000;Lecythidaceae;Eschweilera_coriacea;Eschweilera;coriacea;47,5
4;104584;237,0000000000000;60,00000000000000;Peraceae;Pogonophora_schomburgkiana;Pogonophora;schomburgkiana;94
4;104585;236,0000000000000;51,50000000000000;Chrysobalanaceae;Licania_canescens;Licania;canescens;60,5
4;104586;239,0000000000000;48,50000000000000;Lecythidaceae;Lecythis_persistens;Lecythis;persistens subsp. aurantiaca;92
4;104587;239,0000000000000;48,00000000000000;Moraceae;Maquira_guianensis;Maquira;guianensis;42,5
4;104588;235,0000000000000;49,50000000000000;Putranjivaceae;Drypetes_variabilis;Drypetes;variabilis;40
4;104590;232,5000000000000;50,50000000000000;Humiriaceae;Vantanea_parviflora;Vantanea;parviflora;113
4;104591;231,0000000000000;52,00000000000000;Fabaceae;Dicorynia_guianensis;Dicorynia;guianensis;94,5
4;104592;232,0000000000000;47,00000000000000;Moraceae;Helicostylis_tomentosa;Helicostylis;tomentosa;81
4;104593;233,0000000000000;43,50000000000000;Olacaceae;Heisteria_densifrons;Heisteria;densifrons;35,5
4;104594;236,5000000000000;45,50000000000000;Euphorbiaceae;Sandwithia_guyanensis;Sandwithia;guyanensis;47
4;104595;238,5000000000000;41,00000000000000;Lecythidaceae;Lecythis_persistens;Lecythis;persistens subsp. aurantiaca;41
4;104598;234,0000000000000;35,50000000000000;Lecythidaceae;Eschweilera_decolorans;Eschweilera;decolorans;81
4;104599;239,5000000000000;31,00000000000000;Lecythidaceae;Lecythis_poiteaui;Lecythis;poiteaui;95
4;104600;239,5000000000000;31,00000000000000;Euphorbiaceae;Sandwithia_guyanensis;Sandwithia;guyanensis;39,5
4;104602;235,5000000000000;31,50000000000000;Anacardiaceae;Thyrsodium_guianense;Thyrsodium;guianense;72
4;104603;233,5000000000000;28,50000000000000;Burseraceae;Protium_sagotianum;Protium;sagotianum;36
4;104604;233,0000000000000;28,50000000000000;Fabaceae;Vouacapoua_americana;Vouacapoua;americana;99,5
4;104605;232,0000000000000;23,50000000000000;Humiriaceae;Vantanea_parviflora;Vantanea;parviflora;93,5
4;104606;233,5000000000000;21,00000000000000;Chrysobalanaceae;Licania_ovalifolia;Licania;ovalifolia;54,5
4;104607;236,0000000000000;20,00000000000000;Lecythidaceae;Eschweilera_sagotiana;Eschweilera;sagotiana;50
4;104611;239,0000000000000;25,50000000000000;Humiriaceae;Vantanea_parviflora;Vantanea;parviflora;135
4;104612;238,0000000000000;21,00000000000000;Moraceae;Brosimum_guianense;Brosimum;guianense;47
4;104615;239,0000000000000;14,50000000000000;Simaroubaceae;Homalolepis_morettii;Homalolepis;morettii;150
4;104617;233,0000000000000;9,5;Lauraceae;Ocotea_glomerata;Ocotea;glomerata;119
4;104618;231,5000000000000;6;Lecythidaceae;Eschweilera_collina;Eschweilera;collina;42
4;104619;237,0000000000000;6;Burseraceae;Dacryodes_nitens;Dacryodes;nitens;56,5
4;104620;238,0000000000000;5;Chrysobalanaceae;Licania_membranacea;Licania;membranacea;44
4;104621;237,0000000000000;3,5;Fabaceae;Dicorynia_guianensis;Dicorynia;guianensis;140
4;104622;240,0000000000000;3;Lecythidaceae;Eschweilera_decolorans;Eschweilera;decolorans;56
4;104623;238,0000000000000;2,5;Lecythidaceae;Lecythis_persistens;Lecythis;persistens subsp. aurantiaca;56
4;104625;245,5000000000000;0,5;Moraceae;Brosimum_guianense;Brosimum;guianense;67
4;104626;245,5000000000000;0,5;Chrysobalanaceae;Licania_canescens;Licania;canescens;60
4;104627;244,5000000000000;2;Lecythidaceae;Eschweilera_sagotiana;Eschweilera;sagotiana;93
4;104628;250,0000000000000;6;Chrysobalanaceae;Hymenopus_heteromorphus;Hymenopus;heteromorphus;98
4;104629;247,5000000000000;5;Annonaceae;Oxandra_asbeckii;Oxandra;asbeckii;41
4;104630;247,0000000000000;8;Sapotaceae;Pradosia_cochlearia;Pradosia;cochlearia;117,5
4;104631;248,5000000000000;10,50000000000000;Chrysobalanaceae;Licania_canescens;Licania;canescens;47
4;104632;250,0000000000000;11,00000000000000;Sapotaceae;Pradosia_cochlearia;Pradosia;cochlearia;180
4;104634;247,0000000000000;12,00000000000000;Sapotaceae;Micropholis_egensis;Micropholis;egensis;112,5
4;104635;245,5000000000000;13,00000000000000;Fabaceae;Vouacapoua_americana;Vouacapoua;americana;82
4;104636;242,0000000000000;13,00000000000000;Chrysobalanaceae;Licania_membranacea;Licania;membranacea;111
4;104640;246,5000000000000;29,00000000000000;Fabaceae;Dicorynia_guianensis;Dicorynia;guianensis;105
4;104642;242,0000000000000;31,50000000000000;Lauraceae;Sextonia_rubra;Sextonia;rubra;248,5
4;104643;246,0000000000000;32,00000000000000;Chrysobalanaceae;Hymenopus_heteromorphus;Hymenopus;heteromorphus;71,5
4;104644;249,0000000000000;35,00000000000000;Burseraceae;Trattinnickia_demerarae;Trattinnickia;demerarae;77
4;104647;245,0000000000000;36,50000000000000;Lecythidaceae;Eschweilera_coriacea;Eschweilera;coriacea;72
4;104648;244,5000000000000;35,50000000000000;Fabaceae;Dicorynia_guianensis;Dicorynia;guianensis;103,5
4;104649;242,0000000000000;37,00000000000000;Anacardiaceae;Thyrsodium_guianense;Thyrsodium;guianense;78
4;104650;241,5000000000000;37,00000000000000;Fabaceae;Recordoxylon_speciosum;Recordoxylon;speciosum;141,5
4;104651;240,5000000000000;35,00000000000000;Goupiaceae;Goupia_glabra;Goupia;glabra;69
4;104652;242,5000000000000;39,50000000000000;Annonaceae;Oxandra_asbeckii;Oxandra;asbeckii;48
4;104655;247,0000000000000;44,00000000000000;Euphorbiaceae;Sandwithia_guyanensis;Sandwithia;guyanensis;38
4;104656;246,0000000000000;48,50000000000000;Peraceae;Pogonophora_schomburgkiana;Pogonophora;schomburgkiana;52
4;104657;242,0000000000000;49,50000000000000;Peraceae;Pogonophora_schomburgkiana;Pogonophora;schomburgkiana;54
4;104658;242,0000000000000;52,00000000000000;Anacardiaceae;Anacardium_spruceanum;Anacardium;spruceanum;132,5
4;104659;243,5000000000000;53,50000000000000;Peraceae;Chaetocarpus_schomburgkianus;Chaetocarpus;schomburgkianus;88,5
4;104660;245,5000000000000;53,00000000000000;Lecythidaceae;Lecythis_persistens;Lecythis;persistens subsp. aurantiaca;50,5
4;104662;249,0000000000000;51,00000000000000;Fabaceae;Bocoa_prouacensis;Bocoa;prouacensis;61
4;104663;245,0000000000000;64,00000000000000;Lecythidaceae;Lecythis_persistens;Lecythis;persistens subsp. aurantiaca;42
4;104664;241,5000000000000;60,00000000000000;Lecythidaceae;Eschweilera_sagotiana;Eschweilera;sagotiana;75
4;104665;242,5000000000000;64,00000000000000;Lecythidaceae;Lecythis_poiteaui;Lecythis;poiteaui;47,5
4;104666;243,0000000000000;66,00000000000000;Chrysobalanaceae;Licania_alba;Licania;alba;54,5
4;104667;250,0000000000000;68,50000000000000;Fabaceae;Vouacapoua_americana;Vouacapoua;americana;156,5
4;104668;249,5000000000000;69,00000000000000;Metteniusaceae;Poraqueiba_guianensis;Poraqueiba;guianensis;78,5
4;104669;248,5000000000000;70,00000000000000;Chrysobalanaceae;Licania_membranacea;Licania;membranacea;76
4;104675;250,0000000000000;79,00000000000000;Lecythidaceae;Eschweilera_sagotiana;Eschweilera;sagotiana;69,5
4;104678;243,5000000000000;93,00000000000000;Lecythidaceae;Lecythis_persistens;Lecythis;persistens subsp. aurantiaca;54
4;104679;243,5000000000000;97,00000000000000;Fabaceae;Dicorynia_guianensis;Dicorynia;guianensis;112
4;104680;247,0000000000000;110,00000000000000;Annonaceae;Oxandra_asbeckii;Oxandra;asbeckii;48
4;104681;244,5000000000000;109,50000000000000;Lecythidaceae;Eschweilera_sagotiana;Eschweilera;sagotiana;85
4;104682;250,0000000000000;114,00000000000000;Euphorbiaceae;Sandwithia_guyanensis;Sandwithia;guyanensis;34,5
4;104684;249,5000000000000;115,50000000000000;Annonaceae;Oxandra_asbeckii;Oxandra;asbeckii;44,5
4;104685;248,5000000000000;120,50000000000000;Dichapetalaceae;Tapura_capitulifera;Tapura;capitulifera;35,5
4;104686;242,0000000000000;121,00000000000000;Fabaceae;Vouacapoua_americana;Vouacapoua;americana;86
4;104687;245,0000000000000;117,00000000000000;Lecythidaceae;Lecythis_persistens;Lecythis;persistens subsp. aurantiaca;41,5
4;104689;135,0000000000000;118,00000000000000;Lecythidaceae;Lecythis_persistens;Lecythis;persistens subsp. aurantiaca;42,5
4;104690;133,5000000000000;121,00000000000000;Lecythidaceae;Lecythis_persistens;Lecythis;persistens subsp. aurantiaca;45
4;104691;141,0000000000000;121,50000000000000;Fabaceae;Eperua_falcata;Eperua;falcata;126
4;104693;150,0000000000000;99,50000000000000;Siparunaceae;Siparuna_decipiens;Siparuna;decipiens;41,5
4;104694;150,0000000000000;98,00000000000000;Lecythidaceae;Lecythis_persistens;Lecythis;persistens subsp. aurantiaca;80,5
4;104695;170,0000000000000;118,50000000000000;Sapotaceae;Pouteria_guianensis;Pouteria;guianensis;130
4;104699;214,0000000000000;120,00000000000000;Lecythidaceae;Eschweilera_sagotiana;Eschweilera;sagotiana;108,5
4;104701;228,5000000000000;28,50000000000000;Burseraceae;Protium_plagiocarpium;Protium;plagiocarpium;38
4;104702;237,0000000000000;13,00000000000000;Lecythidaceae;Couratari_multiflora;Couratari;multiflora;42
4;104703;236,0000000000000;63,00000000000000;Lecythidaceae;Eschweilera_sagotiana;Eschweilera;sagotiana;46
4;104705;248,0000000000000;125,00000000000000;Myristicaceae;Iryanthera_sagotiana;Iryanthera;sagotiana;111,5
4;104706;241,5000000000000;124,00000000000000;Lecythidaceae;Eschweilera_sagotiana;Eschweilera;sagotiana;57
4;104707;234,5000000000000;124,50000000000000;Fabaceae;Enterolobium_oldemanii;Enterolobium;oldemanii;120,5
4;104709;232,0000000000000;121,00000000000000;Sapotaceae;Pradosia_cochlearia;Pradosia;cochlearia;260
4;104710;231,0000000000000;121,00000000000000;Fabaceae;Eperua_falcata;Eperua;falcata;119
4;104711;230,5000000000000;120,50000000000000;Annonaceae;Oxandra_asbeckii;Oxandra;asbeckii;44
4;104712;231,0000000000000;124,50000000000000;Fabaceae;Eperua_falcata;Eperua;falcata;51
4;104713;225,0000000000000;124,50000000000000;Fabaceae;Vouacapoua_americana;Vouacapoua;americana;190,5
4;104714;207,0000000000000;124,00000000000000;Dichapetalaceae;Tapura_capitulifera;Tapura;capitulifera;118,75
4;104715;142,5000000000000;1;Apocynaceae;Macoubea_guianensis;Macoubea;guianensis;65
4;104716;156,5000000000000;3;Fabaceae;Eperua_falcata;Eperua;falcata;109,5
4;104717;156,0000000000000;2,5;Chrysobalanaceae;Licania_alba;Licania;alba;48,5
4;104718;164,5000000000000;80,00000000000000;Euphorbiaceae;Conceveiba_guianensis;Conceveiba;guianensis;64,5
4;104721;208,0000000000000;77,00000000000000;Fabaceae;Vouacapoua_americana;Vouacapoua;americana;154,5
4;104722;173,0000000000000;118,50000000000000;Apocynaceae;Aspidosperma_excelsum;Aspidosperma;excelsum;120
4;104723;157,5000000000000;33,50000000000000;Euphorbiaceae;Conceveiba_guianensis;Conceveiba;guianensis;39
4;104724;128,5000000000000;61,00000000000000;Lecythidaceae;Lecythis_persistens;Lecythis;persistens subsp. aurantiaca;41
4;104726;248,5000000000000;121,50000000000000;Burseraceae;Protium_stevensonii;Protium;stevensonii;62
4;104728;250,0000000000000;75,00000000000000;Malvaceae;Pachira_dolichocalyx;Pachira;dolichocalyx;41
4;104729;248,5000000000000;25,50000000000000;Fabaceae;Inga_loubryana;Inga;loubryana;62
4;104731;236,5000000000000;73,00000000000000;Lecythidaceae;Lecythis_persistens;Lecythis;persistens subsp. aurantiaca;46,5
4;104732;225,5000000000000;40,00000000000000;Euphorbiaceae;Sandwithia_guyanensis;Sandwithia;guyanensis;34
4;104733;210,5000000000000;34,50000000000000;Moraceae;Helicostylis_pedunculata;Helicostylis;pedunculata;38,5
4;104734;196,0000000000000;69,50000000000000;Myristicaceae;Iryanthera_sagotiana;Iryanthera;sagotiana;38
4;104735;169,5000000000000;52,50000000000000;Fabaceae;Ormosia_coutinhoi;Ormosia;coutinhoi;60
4;104736;156,5000000000000;44,50000000000000;Fabaceae;Eperua_falcata;Eperua;falcata;86
4;104737;155,5000000000000;43,50000000000000;Clusiaceae;Tovomita_brevistaminea;Tovomita;brevistaminea;40,5
4;104738;158,5000000000000;16,00000000000000;Fabaceae;Inga_jenmanii;Inga;jenmanii;60
4;104739;127,0000000000000;116,50000000000000;Elaeocarpaceae;Sloanea_conferta;Sloanea;conferta;46,5
4;104742;165,0000000000000;24,00000000000000;Chrysobalanaceae;Parinari_montana;Parinari;montana;44,5
4;104743;163,5000000000000;90,00000000000000;Lecythidaceae;Lecythis_persistens;Lecythis;persistens subsp. aurantiaca;45,5
4;104744;176,0000000000000;96,00000000000000;Annonaceae;Anaxagorea_dolichocarpa;Anaxagorea;dolichocarpa;40
4;104745;195,0000000000000;104,00000000000000;Sapotaceae;Pradosia_cochlearia;Pradosia;cochlearia;35
4;104746;194,0000000000000;12,50000000000000;Lecythidaceae;Lecythis_persistens;Lecythis;persistens subsp. aurantiaca;34,5
4;104747;222,0000000000000;21,50000000000000;Lecythidaceae;Couratari_multiflora;Couratari;multiflora;48
4;104749;230,0000000000000;69,50000000000000;Sapindaceae;Talisia_praealta;Talisia;praealta;39,5
4;104750;232,0000000000000;23,50000000000000;Annonaceae;Oxandra_asbeckii;Oxandra;asbeckii;37,5
4;104751;244,5000000000000;112,50000000000000;Fabaceae;Swartzia_arborescens;Swartzia;arborescens;34
4;104752;145,5000000000000;28,00000000000000;Olacaceae;Chaunochiton_kappleri;Chaunochiton;kappleri;83
4;104753;153,5000000000000;43,00000000000000;Burseraceae;Protium_opacum;Protium;opacum subsp. rabelianum;76,5
4;104755;150,0000000000000;51,00000000000000;Malvaceae;Sterculia_pruriens;Sterculia;pruriens;50
4;104756;218,0000000000000;37,50000000000000;Ochnaceae;Lacunaria_crenata;Lacunaria;crenata subsp. crenata;35,5
4;104757;217,0000000000000;15,50000000000000;Meliaceae;Carapa_surinamensis;Carapa;surinamensis;33
4;104758;223,5000000000000;117,00000000000000;Simaroubaceae;Homalolepis_cedron;Homalolepis;cedron;35
4;104760;195,0000000000000;94,50000000000000;Euphorbiaceae;Conceveiba_guianensis;Conceveiba;guianensis;63
4;104761;202,0000000000000;22,00000000000000;Chrysobalanaceae;Parinariopsis_licaniiflora;Parinariopsis;licaniiflora;33
4;104762;134,0000000000000;120,50000000000000;Fabaceae;Eperua_falcata;Eperua;falcata;58
4;104763;136,5000000000000;109,50000000000000;Clusiaceae;Symphonia_globulifera;Symphonia;globulifera;61,5
4;104764;128,0000000000000;114,00000000000000;Lecythidaceae;Lecythis_persistens;Lecythis;persistens subsp. aurantiaca;38
4;104765;186,5000000000000;115,00000000000000;Apocynaceae;Aspidosperma_cruentum;Aspidosperma;cruentum;34,5
4;104766;186,5000000000000;113,00000000000000;Melastomataceae;Mouriri_crassifolia;Mouriri;crassifolia;34,5
4;104767;199,0000000000000;73,00000000000000;Lecythidaceae;Eschweilera_sagotiana;Eschweilera;sagotiana;42,5
4;104768;173,0000000000000;69,50000000000000;Myrtaceae;Eugenia_sp.FG21-Holst;Eugenia;sp.FG21-Holst;41,5
4;104769;223,0000000000000;42,50000000000000;Fabaceae;Eperua_falcata;Eperua;falcata;67
4;104772;205,5000000000000;89,00000000000000;Lecythidaceae;Eschweilera_decolorans;Eschweilera;decolorans;54
4;104773;215,5000000000000;87,50000000000000;Clusiaceae;Tovomita_brevistaminea;Tovomita;brevistaminea;36
4;104774;201,5000000000000;89,50000000000000;Lecythidaceae;Lecythis_persistens;Lecythis;persistens subsp. aurantiaca;43,5
4;104775;209,5000000000000;96,50000000000000;Fabaceae;Parkia_nitida;Parkia;nitida;73
4;104776;239,0000000000000;112,50000000000000;Fabaceae;Eperua_falcata;Eperua;falcata;48,5
4;104777;233,0000000000000;122,50000000000000;Fabaceae;Eperua_falcata;Eperua;falcata;48,5
4;104778;244,5000000000000;124,00000000000000;Lecythidaceae;Eschweilera_sagotiana;Eschweilera;sagotiana;38
4;104779;248,0000000000000;124,50000000000000;Lauraceae;Rhodostemonodaphne_rufovirgata;Rhodostemonodaphne;rufovirgata;62
4;104783;156,5000000000000;32,00000000000000;Lecythidaceae;Eschweilera_coriacea;Eschweilera;coriacea;42,5
4;104784;170,5000000000000;20,00000000000000;Fabaceae;Copaifera_guyanensis;Copaifera;guyanensis;72,5
4;104785;127,0000000000000;90,50000000000000;Annonaceae;Xylopia_crinita;Xylopia;crinita;40,5
4;104786;147,0000000000000;120,50000000000000;Fabaceae;Eperua_falcata;Eperua;falcata;165
4;104787;206,5000000000000;124,00000000000000;Clusiaceae;Symphonia_sp.1;Symphonia;sp.1;65,5
4;104789;222,0000000000000;66,00000000000000;Melastomataceae;Mouriri_crassifolia;Mouriri;crassifolia;44
4;104791;125,5000000000000;80,00000000000000;Lecythidaceae;Eschweilera_decolorans;Eschweilera;decolorans;49,5
4;104792;183,0000000000000;83,00000000000000;Chrysobalanaceae;Hirtella_glandulosa;Hirtella;glandulosa;44,5
4;104793;187,0000000000000;67,50000000000000;Clusiaceae;Moronobea_coccinea;Moronobea;coccinea;50
4;104794;204,0000000000000;60,00000000000000;Clusiaceae;Tovomita_brevistaminea;Tovomita;brevistaminea;35,5
4;104796;221,0000000000000;85,50000000000000;Euphorbiaceae;Sandwithia_guyanensis;Sandwithia;guyanensis;36
4;104797;234,0000000000000;120,50000000000000;Fabaceae;Eperua_falcata;Eperua;falcata;40
4;104798;129,5000000000000;6,5;Euphorbiaceae;Conceveiba_guianensis;Conceveiba;guianensis;43,5
4;104799;139,0000000000000;43,50000000000000;Lecythidaceae;Lecythis_persistens;Lecythis;persistens subsp. aurantiaca;46,5
4;104800;179,0000000000000;22,00000000000000;Lecythidaceae;Indet.Lecythidaceae_Indet.;Indet.Lecythidaceae;Indet.;43
4;104801;186,0000000000000;97,00000000000000;Euphorbiaceae;Conceveiba_guianensis;Conceveiba;guianensis;43,5
4;104802;170,5000000000000;117,50000000000000;Clusiaceae;Moronobea_coccinea;Moronobea;coccinea;71
4;104803;151,5000000000000;22,00000000000000;Arecaceae;Oenocarpus_bataua;Oenocarpus;bataua var. bataua;63,5
4;104804;180,0000000000000;77,50000000000000;Melastomataceae;Henriettea_flavescens;Henriettea;flavescens;45
4;104805;157,5000000000000;26,50000000000000;Fabaceae;Recordoxylon_speciosum;Recordoxylon;speciosum;87
4;104806;132,0000000000000;14,00000000000000;Meliaceae;Carapa_surinamensis;Carapa;surinamensis;47,5
4;104807;178,5000000000000;20,00000000000000;Chrysobalanaceae;Licania_ovalifolia;Licania;ovalifolia;41,5
4;104809;179,5000000000000;56,00000000000000;Clusiaceae;Tovomita_brevistaminea;Tovomita;brevistaminea;38
4;104810;168,5000000000000;62,50000000000000;Lecythidaceae;Lecythis_persistens;Lecythis;persistens subsp. aurantiaca;44
4;104811;147,0000000000000;112,00000000000000;Lecythidaceae;Lecythis_persistens;Lecythis;persistens subsp. aurantiaca;39,5
4;104812;195,0000000000000;87,00000000000000;Arecaceae;Oenocarpus_bataua;Oenocarpus;bataua var. bataua;51,5
4;104813;191,0000000000000;84,00000000000000;Lecythidaceae;Eschweilera_sagotiana;Eschweilera;sagotiana;57
4;104814;250,0000000000000;13,50000000000000;Annonaceae;Oxandra_asbeckii;Oxandra;asbeckii;44
4;104815;218,0000000000000;5,5;Fabaceae;Dicorynia_guianensis;Dicorynia;guianensis;34
4;104817;195,5000000000000;14,00000000000000;Lecythidaceae;Gustavia_hexapetala;Gustavia;hexapetala;41,5
4;104818;172,5000000000000;19,00000000000000;Euphorbiaceae;Conceveiba_guianensis;Conceveiba;guianensis;47
4;104821;171,5000000000000;92,00000000000000;Myristicaceae;Iryanthera_hostmannii;Iryanthera;hostmannii;38
4;104822;171,5000000000000;92,00000000000000;Sapotaceae;Chrysophyllum_sanguinolentum;Chrysophyllum;sanguinolentum;53
4;104823;175,5000000000000;103,50000000000000;Lecythidaceae;Lecythis_persistens;Lecythis;persistens subsp. aurantiaca;48
4;104824;190,5000000000000;92,50000000000000;Clusiaceae;Tovomita_brevistaminea;Tovomita;brevistaminea;35,5
4;104825;174,0000000000000;113,50000000000000;Lecythidaceae;Eschweilera_decolorans;Eschweilera;decolorans;40
4;104827;217,0000000000000;113,00000000000000;Burseraceae;Protium_opacum;Protium;opacum subsp. rabelianum;38
4;104828;216,0000000000000;115,50000000000000;Meliaceae;Carapa_surinamensis;Carapa;surinamensis;42
4;104830;238,0000000000000;77,00000000000000;Fabaceae;Eperua_falcata;Eperua;falcata;60,5
4;104831;221,5000000000000;70,00000000000000;Fabaceae;Recordoxylon_speciosum;Recordoxylon;speciosum;57
4;104832;236,5000000000000;45,50000000000000;Melastomataceae;Votomita_guianensis;Votomita;guianensis;33
4;104834;133,5000000000000;49,00000000000000;Lecythidaceae;Lecythis_persistens;Lecythis;persistens subsp. aurantiaca;39
4;104835;131,0000000000000;75,00000000000000;Lecythidaceae;Lecythis_persistens;Lecythis;persistens subsp. aurantiaca;36,5
4;104836;126,0000000000000;82,00000000000000;Clusiaceae;Tovomita_caloneura;Tovomita;caloneura;39
4;104837;161,0000000000000;105,50000000000000;Lecythidaceae;Lecythis_persistens;Lecythis;persistens subsp. aurantiaca;45,5
4;104838;158,0000000000000;105,00000000000000;Arecaceae;Oenocarpus_bataua;Oenocarpus;bataua var. bataua;73,5
4;104839;137,0000000000000;111,00000000000000;Malvaceae;Sterculia_pruriens;Sterculia;pruriens;32
4;104841;150,0000000000000;120,50000000000000;Lecythidaceae;Lecythis_persistens;Lecythis;persistens subsp. aurantiaca;38
4;104842;198,0000000000000;99,50000000000000;Sapotaceae;Pouteria_gonggrijpii;Pouteria;gonggrijpii;39,5
4;104843;249,5000000000000;96,00000000000000;Burseraceae;Protium_opacum;Protium;opacum subsp. rabelianum;55
4;104845;216,0000000000000;54,50000000000000;Fabaceae;Eperua_falcata;Eperua;falcata;34
4;104846;216,0000000000000;52,00000000000000;Melastomataceae;Mouriri_crassifolia;Mouriri;crassifolia;34,5
4;104847;233,5000000000000;39,50000000000000;Sapotaceae;Pradosia_cochlearia;Pradosia;cochlearia;35
4;104848;202,5000000000000;31,00000000000000;Fabaceae;Eperua_falcata;Eperua;falcata;36
4;104849;229,5000000000000;29,50000000000000;Chrysobalanaceae;Hymenopus_heteromorphus;Hymenopus;heteromorphus;40
4;104850;239,5000000000000;25,50000000000000;Ochnaceae;Quiina_obovata;Quiina;obovata;42
4;104851;214,5000000000000;13,50000000000000;Fabaceae;Eperua_falcata;Eperua;falcata;37
4;104853;160,0000000000000;92,50000000000000;Lecythidaceae;Eschweilera_sagotiana;Eschweilera;sagotiana;42
4;104855;167,0000000000000;116,00000000000000;Lecythidaceae;Eschweilera_coriacea;Eschweilera;coriacea;39,5
4;104856;221,0000000000000;119,00000000000000;Chrysobalanaceae;Licania_canescens;Licania;canescens;42,5
4;104857;249,5000000000000;119,00000000000000;Fabaceae;Albizia_pedicellaris;Albizia;pedicellaris;67
4;104858;247,5000000000000;91,00000000000000;Bignoniaceae;Jacaranda_copaia;Jacaranda;copaia subsp. copaia;45
4;104859;210,5000000000000;58,50000000000000;Ochnaceae;Quiina_integrifolia;Quiina;integrifolia;32,5
4;104860;211,5000000000000;24,50000000000000;Clusiaceae;Tovomita_caloneura;Tovomita;caloneura;34
4;104861;246,5000000000000;2,5;Anacardiaceae;Thyrsodium_guianense;Thyrsodium;guianense;37
4;172084;151,0000000000000;85,00000000000000;Lecythidaceae;Eschweilera_sagotiana;Eschweilera;sagotiana;38
4;172085;135,5000000000000;72,00000000000000;Myrtaceae;Myrcia_decorticans;Myrcia;decorticans;35
4;172086;149,0000000000000;64,00000000000000;Annonaceae;Xylopia_frutescens;Xylopia;frutescens;50,5
4;172088;162,5000000000000;60,50000000000000;Lecythidaceae;Gustavia_hexapetala;Gustavia;hexapetala;44,5
4;172089;171,5000000000000;56,50000000000000;Clusiaceae;Symphonia_sp.1;Symphonia;sp.1;76
4;172090;153,0000000000000;52,00000000000000;Goupiaceae;Goupia_glabra;Goupia;glabra;58,5
4;172091;142,0000000000000;15,50000000000000;Euphorbiaceae;Sandwithia_guyanensis;Sandwithia;guyanensis;35,5
4;172092;147,0000000000000;57,00000000000000;Clusiaceae;Symphonia_sp.1;Symphonia;sp.1;37
4;172093;146,0000000000000;57,00000000000000;Linaceae;Hebepetalum_humiriifolium;Hebepetalum;humiriifolium;57,5
4;172094;165,5000000000000;24,00000000000000;Fabaceae;Dicorynia_guianensis;Dicorynia;guianensis;44,5
4;172095;237,5000000000000;34,00000000000000;Lauraceae;Ocotea_amazonica;Ocotea;amazonica;37
4;172096;231,5000000000000;59,50000000000000;Lecythidaceae;Eschweilera_sagotiana;Eschweilera;sagotiana;41
4;172098;228,0000000000000;89,50000000000000;Euphorbiaceae;Sandwithia_guyanensis;Sandwithia;guyanensis;36
4;173532;155,0000000000000;60,00000000000000;Arecaceae;Oenocarpus_bataua;Oenocarpus;bataua var. bataua;62
4;173533;176,0000000000000;49,50000000000000;Lecythidaceae;Lecythis_persistens;Lecythis;persistens subsp. aurantiaca;41,5
4;173534;161,0000000000000;76,50000000000000;Arecaceae;Oenocarpus_bataua;Oenocarpus;bataua var. bataua;57,5
4;173535;154,5000000000000;117,00000000000000;Lecythidaceae;Eschweilera_sagotiana;Eschweilera;sagotiana;38,5
4;173536;193,0000000000000;99,00000000000000;Lecythidaceae;Eschweilera_coriacea;Eschweilera;coriacea;36,5
4;173538;180,0000000000000;41,00000000000000;Lecythidaceae;Eschweilera_sagotiana;Eschweilera;sagotiana;44
4;173539;199,0000000000000;22,00000000000000;Annonaceae;Oxandra_asbeckii;Oxandra;asbeckii;36,5
4;173540;196,5000000000000;7;Fabaceae;Recordoxylon_speciosum;Recordoxylon;speciosum;39
4;173541;185,5000000000000;14,00000000000000;Lecythidaceae;Eschweilera_sagotiana;Eschweilera;sagotiana;38
4;173542;173,0000000000000;4;Simaroubaceae;Homalolepis_cedron;Homalolepis;cedron;34,5
4;173543;230,5000000000000;27,50000000000000;Sapotaceae;Pouteria_gonggrijpii;Pouteria;gonggrijpii;36,5
4;178755;196,0000000000000;69,00000000000000;Arecaceae;Oenocarpus_bataua;Oenocarpus;bataua var. bataua;65
4;178756;201,5000000000000;44,50000000000000;Fabaceae;Vouacapoua_americana;Vouacapoua;americana;35
4;178757;166,5000000000000;32,50000000000000;Malvaceae;Sterculia_pruriens;Sterculia;pruriens;59,5
4;178758;150,5000000000000;50,00000000000000;Arecaceae;Oenocarpus_bataua;Oenocarpus;bataua var. bataua;67,5
4;178759;154,5000000000000;58,00000000000000;Chrysobalanaceae;Licania_alba;Licania;alba;33,5
4;178761;167,5000000000000;101,50000000000000;Euphorbiaceae;Conceveiba_guianensis;Conceveiba;guianensis;42,5
4;178762;175,5000000000000;122,50000000000000;Lecythidaceae;Eschweilera_coriacea;Eschweilera;coriacea;41
4;179868;142,0000000000000;27,00000000000000;Sapindaceae;Cupania_scrobiculata;Cupania;scrobiculata;36
4;179869;158,5000000000000;31,50000000000000;Vochysiaceae;Qualea_rosea;Qualea;rosea;45,5
4;179870;174,0000000000000;12,00000000000000;Fabaceae;Dicorynia_guianensis;Dicorynia;guianensis;34
4;179871;158,5000000000000;59,00000000000000;Annonaceae;Fusaea_longifolia;Fusaea;longifolia;36,5
4;179872;172,5000000000000;55,50000000000000;Melastomataceae;Miconia_tschudyoides;Miconia;tschudyoides;55
4;179873;188,5000000000000;43,50000000000000;Melastomataceae;Mouriri_crassifolia;Mouriri;crassifolia;40
4;179874;176,0000000000000;45,50000000000000;Lecythidaceae;Lecythis_persistens;Lecythis;persistens subsp. aurantiaca;38
4;179875;197,0000000000000;46,50000000000000;Clusiaceae;Moronobea_coccinea;Moronobea;coccinea;36
4;179876;187,5000000000000;62,50000000000000;Fabaceae;Eperua_grandiflora;Eperua;grandiflora;51
4;179878;174,5000000000000;84,00000000000000;Sapotaceae;Chrysophyllum_sanguinolentum;Chrysophyllum;sanguinolentum;36
4;179880;152,5000000000000;116,00000000000000;Arecaceae;Oenocarpus_bataua;Oenocarpus;bataua var. bataua;65
4;179881;230,0000000000000;112,50000000000000;Euphorbiaceae;Sandwithia_guyanensis;Sandwithia;guyanensis;33
4;181331;137,5000000000000;60,50000000000000;Meliaceae;Carapa_surinamensis;Carapa;surinamensis;39
4;181330;143,0000000000000;55,50000000000000;Arecaceae;Oenocarpus_bataua;Oenocarpus;bataua var. bataua;58
4;181327;195,0000000000000;113,50000000000000;Fabaceae;Eperua_grandiflora;Eperua;grandiflora;35
4;181326;222,0000000000000;102,00000000000000;Clusiaceae;Symphonia_sp.1;Symphonia;sp.1;42
4;184213;150,0000000000000;107,00000000000000;Malvaceae;Sterculia_pruriens;Sterculia;pruriens;33
4;184214;145,0000000000000;82,50000000000000;Lecythidaceae;Lecythis_persistens;Lecythis;persistens subsp. aurantiaca;32,5
4;184215;150,0000000000000;65,00000000000000;Arecaceae;Oenocarpus_bataua;Oenocarpus;bataua var. bataua;44
4;184216;153,5000000000000;59,00000000000000;Arecaceae;Oenocarpus_bataua;Oenocarpus;bataua var. bataua;51
4;184217;173,0000000000000;15,50000000000000;Caryocaraceae;Caryocar_glabrum;Caryocar;glabrum;37,5
4;184218;179,0000000000000;14,00000000000000;Olacaceae;Chaunochiton_kappleri;Chaunochiton;kappleri;35,5
4;184219;209,0000000000000;59,00000000000000;Burseraceae;Protium_subserratum;Protium;subserratum;38
4;184220;201,5000000000000;66,50000000000000;Clusiaceae;Tovomita_brevistaminea;Tovomita;brevistaminea;36
4;184221;188,0000000000000;95,50000000000000;Anacardiaceae;Thyrsodium_puberulum;Thyrsodium;puberulum;38,5
4;190585;165,0000000000000;8;Lecythidaceae;Lecythis_persistens;Lecythis;persistens subsp. aurantiaca;34,5
4;190586;170,5000000000000;18,00000000000000;Lecythidaceae;Gustavia_hexapetala;Gustavia;hexapetala;34
4;190587;215,0000000000000;70,00000000000000;Sapotaceae;Pouteria_cayennensis;Pouteria;cayennensis;40
4;190588;221,0000000000000;69,50000000000000;Lecythidaceae;Eschweilera_sagotiana;Eschweilera;sagotiana;40
4;190589;230,0000000000000;55,00000000000000;Elaeocarpaceae;Sloanea_brevipes;Sloanea;brevipes;33,5
4;203357;182,5000000000000;113,50000000000000;Myristicaceae;Virola_michelii;Virola;michelii;39,5
4;203358;185,0000000000000;39,00000000000000;Clusiaceae;Symphonia_sp.1;Symphonia;sp.1;47
4;203359;167,5000000000000;54,50000000000000;Clusiaceae;Symphonia_globulifera;Symphonia;globulifera;50
4;203361;126,3000030517578;11,50000000000000;Clusiaceae;Symphonia_sp.1;Symphonia;sp.1;37,5
4;203362;129,5000000000000;57,50000000000000;Meliaceae;Carapa_surinamensis;Carapa;surinamensis;35
4;203363;128,5000000000000;64,50000000000000;Fabaceae;Inga_Indet.;Inga;Indet.;39
4;205784;248,5000000000000;16,00000000000000;Annonaceae;Oxandra_asbeckii;Oxandra;asbeckii;37
4;205785;249,0000000000000;24,00000000000000;Annonaceae;Xylopia_nitida;Xylopia;nitida;51
4;205786;229,5000000000000;15,50000000000000;Fabaceae;Dicorynia_guianensis;Dicorynia;guianensis;34,5
4;205787;165,5000000000000;55,00000000000000;Melastomataceae;Miconia_tschudyoides;Miconia;tschudyoides;53
4;205788;162,0000000000000;41,00000000000000;Clusiaceae;Symphonia_globulifera;Symphonia;globulifera;42,5
4;226199;224,5000000000000;27,00000000000000;Moraceae;Brosimum_rubescens;Brosimum;rubescens;37,5
4;226200;246,5000000000000;38,50000000000000;Malvaceae;Catostemma_fragrans;Catostemma;fragrans;34
4;226201;242,5000000000000;51,50000000000000;Sapotaceae;Chrysophyllum_prieurii;Chrysophyllum;prieurii;33
4;226202;248,5000000000000;89,50000000000000;Fabaceae;Abarema_jupunba;Abarema;jupunba var. jupunba;36
4;226203;194,0000000000000;54,00000000000000;Sapotaceae;Chrysophyllum_sanguinolentum;Chrysophyllum;sanguinolentum;35,5
4;226204;184,5000000000000;22,00000000000000;Lecythidaceae;Lecythis_persistens;Lecythis;persistens subsp. aurantiaca;34
4;226205;169,0000000000000;45,00000000000000;Sapotaceae;Chrysophyllum_sanguinolentum;Chrysophyllum;sanguinolentum;38
4;226206;176,5000000000000;50,00000000000000;Burseraceae;Protium_opacum;Protium;opacum subsp. rabelianum;39
4;226207;166,0000000000000;76,50000000000000;Fabaceae;Swartzia_polyphylla;Swartzia;polyphylla;61,5
4;226208;170,0000000000000;85,00000000000000;Lecythidaceae;Couratari_multiflora;Couratari;multiflora;37,5
4;226209;183,0000000000000;105,50000000000000;Ochnaceae;Quiina_macrophylla;Quiina;macrophylla;33,5
4;226210;166,5000000000000;111,50000000000000;Euphorbiaceae;Conceveiba_guianensis;Conceveiba;guianensis;33
4;226211;176,5000000000000;116,00000000000000;Lecythidaceae;Eschweilera_coriacea;Eschweilera;coriacea;37,5
4;226212;144,0000000000000;97,00000000000000;Malvaceae;Sterculia_pruriens;Sterculia;pruriens;35,5
4;226213;162,0000000000000;24,00000000000000;Clusiaceae;Symphonia_sp.1;Symphonia;sp.1;35,5
4;226955;139,5000000000000;29,50000000000000;Malvaceae;Sterculia_pruriens;Sterculia;pruriens;36,5
4;226956;184,0000000000000;119,00000000000000;Ebenaceae;Diospyros_carbonaria;Diospyros;carbonaria;36,5
4;226957;216,0000000000000;22,00000000000000;Lecythidaceae;Eschweilera_decolorans;Eschweilera;decolorans;33,5
4;226958;226,5000000000000;75,00000000000000;Fabaceae;Inga_Indet.;Inga;Indet.;45,5
4;226959;242,0000000000000;90,50000000000000;Fabaceae;Eperua_falcata;Eperua;falcata;41
4;226961;244,5000000000000;81,50000000000000;Euphorbiaceae;Mabea_piriri;Mabea;piriri;36
4;226962;241,0000000000000;75,50000000000000;Fabaceae;Eperua_falcata;Eperua;falcata;34
4;236717;130,0000000000000;93,00000000000000;Euphorbiaceae;Sandwithia_guyanensis;Sandwithia;guyanensis;33
4;236718;138,5000000000000;48,00000000000000;Lecythidaceae;Lecythis_persistens;Lecythis;persistens subsp. aurantiaca;33
4;236719;145,5000000000000;26,50000000000000;Clusiaceae;Symphonia_globulifera;Symphonia;globulifera;34,5
4;236720;132,0000000000000;41,00000000000000;Euphorbiaceae;Conceveiba_guianensis;Conceveiba;guianensis;36,5
4;236721;144,0000000000000;38,00000000000000;Arecaceae;Oenocarpus_bataua;Oenocarpus;bataua var. bataua;63
4;236722;196,0000000000000;10,50000000000000;Chrysobalanaceae;Hymenopus_heteromorphus;Hymenopus;heteromorphus;34
4;236723;187,0000000000000;16,50000000000000;Lecythidaceae;Eschweilera_Indet.;Eschweilera;Indet.;33,5
4;236724;189,0000000000000;20,00000000000000;Lecythidaceae;Lecythis_persistens;Lecythis;persistens subsp. aurantiaca;34,5
4;236725;184,0000000000000;59,00000000000000;Clusiaceae;Tovomita_sp.11-CAY;Tovomita;sp.11-CAY;33
4;236726;199,5000000000000;92,00000000000000;Lecythidaceae;Eschweilera_Indet.;Eschweilera;Indet.;33
4;236727;185,5000000000000;95,50000000000000;Lecythidaceae;Eschweilera_sagotiana;Eschweilera;sagotiana;33,5
4;236728;215,0000000000000;60,00000000000000;Arecaceae;Oenocarpus_bataua;Oenocarpus;bataua var. bataua;57,5
4;236729;225,0000000000000;74,50000000000000;Malvaceae;Apeiba_glabra;Apeiba;glabra;34,5
4;236730;234,0000000000000;107,50000000000000;Indet.;Indet.Indet._Indet.;Indet.Indet.;Indet.;33
4;240990;164,5000000000000;53,50000000000000;Lecythidaceae;Eschweilera_coriacea;Eschweilera;coriacea;34
4;240991;166,5000000000000;45,00000000000000;Arecaceae;Oenocarpus_bataua;Oenocarpus;bataua var. bataua;63,5
4;240992;173,5000000000000;43,50000000000000;Lecythidaceae;Eschweilera_coriacea;Eschweilera;coriacea;35,5
4;240993;168,5000000000000;35,50000000000000;Arecaceae;Oenocarpus_bataua;Oenocarpus;bataua var. bataua;59,5
4;240994;173,0000000000000;16,50000000000000;Malvaceae;Eriotheca_Indet.;Eriotheca;Indet.;34
1;101229;77;150,00000000000000;Chrysobalanaceae;Licania_micrantha;Licania;micrantha;106,5
1;101230;77,5;143,50000000000000;Clusiaceae;Tovomita_caloneura;Tovomita;caloneura;41,5
1;101233;71,5;148,50000000000000;Myrtaceae;Eugenia_patrisii;Eugenia;patrisii;39,5
1;101234;71,5;148,00000000000000;Lecythidaceae;Eschweilera_sagotiana;Eschweilera;sagotiana;101,5
1;101237;74,5;141,00000000000000;Chrysobalanaceae;Licania_membranacea;Licania;membranacea;93
1;101240;79;136,00000000000000;Lecythidaceae;Eschweilera_sagotiana;Eschweilera;sagotiana;98,5
1;101241;77,5;135,00000000000000;Lecythidaceae;Eschweilera_sagotiana;Eschweilera;sagotiana;109
1;101242;74,5;128,50000000000000;Clusiaceae;Symphonia_sp.1;Symphonia;sp.1;88
1;101244;81,5;129,00000000000000;Chrysobalanaceae;Licania_alba;Licania;alba;83
1;101245;89,5;129,00000000000000;Fabaceae;Vouacapoua_americana;Vouacapoua;americana;108
1;101246;88,5;129,00000000000000;Peraceae;Pogonophora_schomburgkiana;Pogonophora;schomburgkiana;42,5
1;101248;81,5;133,50000000000000;Euphorbiaceae;Sandwithia_guyanensis;Sandwithia;guyanensis;32,5
1;101250;72;225,00000000000000;Peraceae;Pogonophora_schomburgkiana;Pogonophora;schomburgkiana;50,5
1;101251;83,5;137,50000000000000;Fabaceae;Eperua_falcata;Eperua;falcata;169
1;101252;86;135,50000000000000;Clusiaceae;Symphonia_sp.1;Symphonia;sp.1;104,5
1;101253;88;135,00000000000000;Peraceae;Pogonophora_schomburgkiana;Pogonophora;schomburgkiana;71
1;101256;87,5;149,00000000000000;Linaceae;Hebepetalum_humiriifolium;Hebepetalum;humiriifolium;92
1;101257;85;149,00000000000000;Lecythidaceae;Eschweilera_sagotiana;Eschweilera;sagotiana;89
1;101258;84;146,00000000000000;Peraceae;Pogonophora_schomburgkiana;Pogonophora;schomburgkiana;53,5
1;101259;82,5;148,00000000000000;Peraceae;Pogonophora_schomburgkiana;Pogonophora;schomburgkiana;104
1;101260;80,5;146,50000000000000;Rubiaceae;Posoqueria_latifolia;Posoqueria;latifolia;69
1;101261;82;149,00000000000000;Euphorbiaceae;Sandwithia_guyanensis;Sandwithia;guyanensis;36
1;101262;86,5;151,00000000000000;Fabaceae;Vouacapoua_americana;Vouacapoua;americana;43
1;101264;80,5;152,00000000000000;Malvaceae;Apeiba_glabra;Apeiba;glabra;73
1;101265;83;157,50000000000000;Chrysobalanaceae;Licania_canescens;Licania;canescens;101
1;101266;81,5;162,00000000000000;Fabaceae;Dipteryx_punctata;Dipteryx;punctata;155
1;101267;84;163,50000000000000;Euphorbiaceae;Sandwithia_guyanensis;Sandwithia;guyanensis;34
1;101268;82,5;165,00000000000000;Euphorbiaceae;Sandwithia_guyanensis;Sandwithia;guyanensis;32
1;101269;80;166,50000000000000;Lecythidaceae;Eschweilera_decolorans;Eschweilera;decolorans;78
1;101270;86;180,00000000000000;Lecythidaceae;Eschweilera_sagotiana;Eschweilera;sagotiana;41
1;101271;85;173,50000000000000;Fabaceae;Eperua_falcata;Eperua;falcata;70,5
1;101272;83;175,00000000000000;Dichapetalaceae;Tapura_capitulifera;Tapura;capitulifera;40
1;101273;83,5;178,00000000000000;Fabaceae;Eperua_grandiflora;Eperua;grandiflora;192
1;101274;82,5;181,00000000000000;Fabaceae;Eperua_falcata;Eperua;falcata;56
1;101277;88;182,50000000000000;Fabaceae;Eperua_falcata;Eperua;falcata;62
1;101279;86,5;184,50000000000000;Fabaceae;Eperua_falcata;Eperua;falcata;61,5
1;101280;87;186,00000000000000;Fabaceae;Eperua_falcata;Eperua;falcata;33
1;101281;89;187,00000000000000;Lecythidaceae;Couratari_multiflora;Couratari;multiflora;74
1;101282;86;188,50000000000000;Fabaceae;Eperua_falcata;Eperua;falcata;68
1;101283;88,5;193,00000000000000;Chrysobalanaceae;Licania_canescens;Licania;canescens;49,5
1;101286;88,5;197,00000000000000;Simaroubaceae;Homalolepis_cedron;Homalolepis;cedron;37
1;101287;89;200,50000000000000;Clusiaceae;Moronobea_coccinea;Moronobea;coccinea;61
1;101288;85;200,50000000000000;Chrysobalanaceae;Licania_laxiflora;Licania;laxiflora;123
1;101289;82,5;198,00000000000000;Fabaceae;Vouacapoua_americana;Vouacapoua;americana;92
1;101290;81,5;197,50000000000000;Myristicaceae;Iryanthera_sagotiana;Iryanthera;sagotiana;92,5
1;101291;81;203,00000000000000;Clusiaceae;Moronobea_coccinea;Moronobea;coccinea;50
1;101292;85;203,00000000000000;Fabaceae;Eperua_grandiflora;Eperua;grandiflora;100
1;101293;84,5;205,00000000000000;Sapotaceae;Pradosia_cochlearia;Pradosia;cochlearia;158
1;101502;112,5000000000000;220,00000000000000;Goupiaceae;Goupia_glabra;Goupia;glabra;143
1;101504;111,5000000000000;219,50000000000000;Linaceae;Hebepetalum_humiriifolium;Hebepetalum;humiriifolium;60,5
1;101506;115,5000000000000;219,00000000000000;Phyllanthaceae;Amanoa_guianensis;Amanoa;guianensis;190,5
4;240995;178,5000000000000;101,00000000000000;Melastomataceae;Mouriri_crassifolia;Mouriri;crassifolia;38
4;240996;174,5000000000000;106,50000000000000;Fabaceae;Bocoa_prouacensis;Bocoa;prouacensis;35
4;240997;171,5000000000000;118,50000000000000;Fabaceae;Abarema_jupunba;Abarema;jupunba var. jupunba;37
4;240998;241,0000000000000;23,50000000000000;Fabaceae;Abarema_jupunba;Abarema;jupunba var. jupunba;34
4;240999;250,5000000000000;11,00000000000000;Malvaceae;Sterculia_speciosa;Sterculia;speciosa;35
4;249713;232,0000000000000;78,00000000000000;Bignoniaceae;Jacaranda_copaia;Jacaranda;copaia subsp. copaia;32
4;249714;232,0000000000000;88,50000000000000;Fabaceae;Eperua_falcata;Eperua;falcata;36
4;249715;228,0000000000000;118,50000000000000;Peraceae;Pogonophora_schomburgkiana;Pogonophora;schomburgkiana;33
4;249716;184,0000000000000;75,50000000000000;Fabaceae;Bocoa_prouacensis;Bocoa;prouacensis;34
4;249717;167,5000000000000;50,50000000000000;Burseraceae;Protium_giganteum;Protium;giganteum var. crassifolium;33,5
4;257791;230,0000000000000;9,5;Apocynaceae;Couma_guianensis;Couma;guianensis;31,5
4;257792;195,5000000000000;32,50000000000000;Fabaceae;Eperua_falcata;Eperua;falcata;34
4;257793;167,5000000000000;18,00000000000000;Fabaceae;Eperua_falcata;Eperua;falcata;35,5
4;257794;155,5000000000000;45,50000000000000;Arecaceae;Oenocarpus_bataua;Oenocarpus;bataua var. bataua;53
4;257795;153,5000000000000;56,00000000000000;Euphorbiaceae;Conceveiba_guianensis;Conceveiba;guianensis;32
4;257796;161,0000000000000;55,50000000000000;Melastomataceae;Miconia_tschudyoides;Miconia;tschudyoides;32
4;257797;138,0000000000000;74,00000000000000;Polygonaceae;Coccoloba_mollis;Coccoloba;mollis;32
4;257798;131,0000000000000;51,50000000000000;Lecythidaceae;Lecythis_corrugata;Lecythis;corrugata;32,5
1;101349;91,5;206,50000000000000;Rubiaceae;Amaioua_guianensis;Amaioua;guianensis;47,5
1;101351;97,5;202,00000000000000;Fabaceae;Eperua_falcata;Eperua;falcata;37,5
1;101352;99,5;197,50000000000000;Fabaceae;Eperua_falcata;Eperua;falcata;103
1;101353;97,5;199,50000000000000;Dichapetalaceae;Tapura_capitulifera;Tapura;capitulifera;110
1;101354;96;199,50000000000000;Fabaceae;Eperua_falcata;Eperua;falcata;74,5
1;101356;91;195,50000000000000;Fabaceae;Eperua_falcata;Eperua;falcata;64
1;101358;92;192,00000000000000;Annonaceae;Oxandra_asbeckii;Oxandra;asbeckii;47,5
1;101359;100,0000000000000;185,50000000000000;Fabaceae;Eperua_falcata;Eperua;falcata;177
1;101360;94;186,00000000000000;Caryocaraceae;Caryocar_glabrum;Caryocar;glabrum;91
1;101362;97;182,00000000000000;Chrysobalanaceae;Licania_canescens;Licania;canescens;86
1;101363;98;180,50000000000000;Euphorbiaceae;Sandwithia_guyanensis;Sandwithia;guyanensis;39
1;101364;94,5;177,00000000000000;Chrysobalanaceae;Licania_laxiflora;Licania;laxiflora;103
